source_dataset,source_species,project_species,original_filename,source_path,split,destination_path,image_width,image_height,channels,random_seed
WOOD-AUTH,Category 4 (Oak),oak,302_4.jpg,data/wood_species/raw/oak/train_302_4.jpg,train,data/wood_species/splits/train/oak/train_302_4.jpg,200,200,3,42
WOOD-AUTH,Category 4 (Oak),oak,1902_4.jpg,data/wood_species/raw/oak/test_1902_4.jpg,train,data/wood_species/splits/train/oak/test_1902_4.jpg,200,200,3,42
WOOD-AUTH,Category 4 (Oak),oak,348_4.jpg,data/wood_species/raw/oak/train_348_4.jpg,train,data/wood_species/splits/train/oak/train_348_4.jpg,200,200,3,42
WOOD-AUTH,Category 4 (Oak),oak,1942_4.jpg,data/wood_species/raw/oak/test_1942_4.jpg,train,data/wood_species/splits/train/oak/test_1942_4.jpg,200,200,3,42
WOOD-AUTH,Category 4 (Oak),oak,337_4.jpg,data/wood_species/raw/oak/train_337_4.jpg,train,data/wood_species/splits/train/oak/train_337_4.jpg,200,200,3,42
WOOD-AUTH,Category 4 (Oak),oak,78_4.jpg,data/wood_species/raw/oak/train_78_4.jpg,train,data/wood_species/splits/train/oak/train_78_4.jpg,200,200,3,42
WOOD-AUTH,Category 4 (Oak),oak,195_4.jpg,data/wood_species/raw/oak/train_195_4.jpg,train,data/wood_species/splits/train/oak/train_195_4.jpg,200,200,3,42
WOOD-AUTH,Category 4 (Oak),oak,221_4.jpg,data/wood_species/raw/oak/train_221_4.jpg,train,data/wood_species/splits/train/oak/train_221_4.jpg,200,200,3,42
WOOD-AUTH,Category 4 (Oak),oak,25_4.jpg,data/wood_species/raw/oak/train_25_4.jpg,train,data/wood_species/splits/train/oak/train_25_4.jpg,200,200,3,42
WOOD-AUTH,Category 4 (Oak),oak,1933_4.jpg,data/wood_species/raw/oak/test_1933_4.jpg,train,data/wood_species/splits/train/oak/test_1933_4.jpg,200,200,3,42
WOOD-AUTH,Category 4 (Oak),oak,166_4.jpg,data/wood_species/raw/oak/train_166_4.jpg,train,data/wood_species/splits/train/oak/train_166_4.jpg,200,200,3,42
WOOD-AUTH,Category 4 (Oak),oak,274_4.jpg,data/wood_species/raw/oak/train_274_4.jpg,train,data/wood_species/splits/train/oak/train_274_4.jpg,200,200,3,42
WOOD-AUTH,Category 4 (Oak),oak,1840_4.jpg,data/wood_species/raw/oak/test_1840_4.jpg,train,data/wood_species/splits/train/oak/test_1840_4.jpg,200,200,3,42
WOOD-AUTH,Category 4 (Oak),oak,1839_4.jpg,data/wood_species/raw/oak/test_1839_4.jpg,train,data/wood_species/splits/train/oak/test_1839_4.jpg,200,200,3,42
WOOD-AUTH,Category 4 (Oak),oak,1830_4.jpg,data/wood_species/raw/oak/test_1830_4.jpg,train,data/wood_species/splits/train/oak/test_1830_4.jpg,200,200,3,42
WOOD-AUTH,Category 4 (Oak),oak,1873_4.jpg,data/wood_species/raw/oak/test_1873_4.jpg,train,data/wood_species/splits/train/oak/test_1873_4.jpg,200,200,3,42
WOOD-AUTH,Category 4 (Oak),oak,2010_4.jpg,data/wood_species/raw/oak/test_2010_4.jpg,train,data/wood_species/splits/train/oak/test_2010_4.jpg,200,200,3,42
WOOD-AUTH,Category 4 (Oak),oak,299_4.jpg,data/wood_species/raw/oak/train_299_4.jpg,train,data/wood_species/splits/train/oak/train_299_4.jpg,200,200,3,42
WOOD-AUTH,Category 4 (Oak),oak,1866_4.jpg,data/wood_species/raw/oak/test_1866_4.jpg,train,data/wood_species/splits/train/oak/test_1866_4.jpg,200,200,3,42
WOOD-AUTH,Category 4 (Oak),oak,168_4.jpg,data/wood_species/raw/oak/train_168_4.jpg,train,data/wood_species/splits/train/oak/train_168_4.jpg,200,200,3,42
WOOD-AUTH,Category 4 (Oak),oak,237_4.jpg,data/wood_species/raw/oak/train_237_4.jpg,train,data/wood_species/splits/train/oak/train_237_4.jpg,200,200,3,42
WOOD-AUTH,Category 4 (Oak),oak,275_4.jpg,data/wood_species/raw/oak/train_275_4.jpg,train,data/wood_species/splits/train/oak/train_275_4.jpg,200,200,3,42
WOOD-AUTH,Category 4 (Oak),oak,277_4.jpg,data/wood_species/raw/oak/train_277_4.jpg,train,data/wood_species/splits/train/oak/train_277_4.jpg,200,200,3,42
WOOD-AUTH,Category 4 (Oak),oak,1921_4.jpg,data/wood_species/raw/oak/test_1921_4.jpg,train,data/wood_species/splits/train/oak/test_1921_4.jpg,200,200,3,42
WOOD-AUTH,Category 4 (Oak),oak,1857_4.jpg,data/wood_species/raw/oak/test_1857_4.jpg,train,data/wood_species/splits/train/oak/test_1857_4.jpg,200,200,3,42
WOOD-AUTH,Category 4 (Oak),oak,123_4.jpg,data/wood_species/raw/oak/train_123_4.jpg,train,data/wood_species/splits/train/oak/train_123_4.jpg,200,200,3,42
WOOD-AUTH,Category 4 (Oak),oak,223_4.jpg,data/wood_species/raw/oak/train_223_4.jpg,train,data/wood_species/splits/train/oak/train_223_4.jpg,200,200,3,42
WOOD-AUTH,Category 4 (Oak),oak,266_4.jpg,data/wood_species/raw/oak/train_266_4.jpg,train,data/wood_species/splits/train/oak/train_266_4.jpg,200,200,3,42
WOOD-AUTH,Category 4 (Oak),oak,392_4.jpg,data/wood_species/raw/oak/train_392_4.jpg,train,data/wood_species/splits/train/oak/train_392_4.jpg,200,200,3,42
WOOD-AUTH,Category 4 (Oak),oak,133_4.jpg,data/wood_species/raw/oak/train_133_4.jpg,train,data/wood_species/splits/train/oak/train_133_4.jpg,200,200,3,42
WOOD-AUTH,Category 4 (Oak),oak,333_4.jpg,data/wood_species/raw/oak/train_333_4.jpg,train,data/wood_species/splits/train/oak/train_333_4.jpg,200,200,3,42
WOOD-AUTH,Category 4 (Oak),oak,91_4.jpg,data/wood_species/raw/oak/train_91_4.jpg,train,data/wood_species/splits/train/oak/train_91_4.jpg,200,200,3,42
WOOD-AUTH,Category 4 (Oak),oak,130_4.jpg,data/wood_species/raw/oak/train_130_4.jpg,train,data/wood_species/splits/train/oak/train_130_4.jpg,200,200,3,42
WOOD-AUTH,Category 4 (Oak),oak,379_4.jpg,data/wood_species/raw/oak/train_379_4.jpg,train,data/wood_species/splits/train/oak/train_379_4.jpg,200,200,3,42
WOOD-AUTH,Category 4 (Oak),oak,308_4.jpg,data/wood_species/raw/oak/train_308_4.jpg,train,data/wood_species/splits/train/oak/train_308_4.jpg,200,200,3,42
WOOD-AUTH,Category 4 (Oak),oak,1995_4.jpg,data/wood_species/raw/oak/test_1995_4.jpg,train,data/wood_species/splits/train/oak/test_1995_4.jpg,200,200,3,42
WOOD-AUTH,Category 4 (Oak),oak,172_4.jpg,data/wood_species/raw/oak/train_172_4.jpg,train,data/wood_species/splits/train/oak/train_172_4.jpg,200,200,3,42
WOOD-AUTH,Category 4 (Oak),oak,372_4.jpg,data/wood_species/raw/oak/train_372_4.jpg,train,data/wood_species/splits/train/oak/train_372_4.jpg,200,200,3,42
WOOD-AUTH,Category 4 (Oak),oak,328_4.jpg,data/wood_species/raw/oak/train_328_4.jpg,train,data/wood_species/splits/train/oak/train_328_4.jpg,200,200,3,42
WOOD-AUTH,Category 4 (Oak),oak,1968_4.jpg,data/wood_species/raw/oak/test_1968_4.jpg,train,data/wood_species/splits/train/oak/test_1968_4.jpg,200,200,3,42
WOOD-AUTH,Category 4 (Oak),oak,1932_4.jpg,data/wood_species/raw/oak/test_1932_4.jpg,train,data/wood_species/splits/train/oak/test_1932_4.jpg,200,200,3,42
WOOD-AUTH,Category 4 (Oak),oak,55_4.jpg,data/wood_species/raw/oak/train_55_4.jpg,train,data/wood_species/splits/train/oak/train_55_4.jpg,200,200,3,42
WOOD-AUTH,Category 4 (Oak),oak,1891_4.jpg,data/wood_species/raw/oak/test_1891_4.jpg,train,data/wood_species/splits/train/oak/test_1891_4.jpg,200,200,3,42
WOOD-AUTH,Category 4 (Oak),oak,358_4.jpg,data/wood_species/raw/oak/train_358_4.jpg,train,data/wood_species/splits/train/oak/train_358_4.jpg,200,200,3,42
WOOD-AUTH,Category 4 (Oak),oak,287_4.jpg,data/wood_species/raw/oak/train_287_4.jpg,train,data/wood_species/splits/train/oak/train_287_4.jpg,200,200,3,42
WOOD-AUTH,Category 4 (Oak),oak,1946_4.jpg,data/wood_species/raw/oak/test_1946_4.jpg,train,data/wood_species/splits/train/oak/test_1946_4.jpg,200,200,3,42
WOOD-AUTH,Category 4 (Oak),oak,286_4.jpg,data/wood_species/raw/oak/train_286_4.jpg,train,data/wood_species/splits/train/oak/train_286_4.jpg,200,200,3,42
WOOD-AUTH,Category 4 (Oak),oak,132_4.jpg,data/wood_species/raw/oak/train_132_4.jpg,train,data/wood_species/splits/train/oak/train_132_4.jpg,200,200,3,42
WOOD-AUTH,Category 4 (Oak),oak,59_4.jpg,data/wood_species/raw/oak/train_59_4.jpg,train,data/wood_species/splits/train/oak/train_59_4.jpg,200,200,3,42
WOOD-AUTH,Category 4 (Oak),oak,24_4.jpg,data/wood_species/raw/oak/train_24_4.jpg,train,data/wood_species/splits/train/oak/train_24_4.jpg,200,200,3,42
WOOD-AUTH,Category 4 (Oak),oak,1957_4.jpg,data/wood_species/raw/oak/test_1957_4.jpg,train,data/wood_species/splits/train/oak/test_1957_4.jpg,200,200,3,42
WOOD-AUTH,Category 4 (Oak),oak,1977_4.jpg,data/wood_species/raw/oak/test_1977_4.jpg,train,data/wood_species/splits/train/oak/test_1977_4.jpg,200,200,3,42
WOOD-AUTH,Category 4 (Oak),oak,283_4.jpg,data/wood_species/raw/oak/train_283_4.jpg,train,data/wood_species/splits/train/oak/train_283_4.jpg,200,200,3,42
WOOD-AUTH,Category 4 (Oak),oak,1927_4.jpg,data/wood_species/raw/oak/test_1927_4.jpg,train,data/wood_species/splits/train/oak/test_1927_4.jpg,200,200,3,42
WOOD-AUTH,Category 4 (Oak),oak,147_4.jpg,data/wood_species/raw/oak/train_147_4.jpg,train,data/wood_species/splits/train/oak/train_147_4.jpg,200,200,3,42
WOOD-AUTH,Category 4 (Oak),oak,247_4.jpg,data/wood_species/raw/oak/train_247_4.jpg,train,data/wood_species/splits/train/oak/train_247_4.jpg,200,200,3,42
WOOD-AUTH,Category 4 (Oak),oak,2005_4.jpg,data/wood_species/raw/oak/test_2005_4.jpg,train,data/wood_species/splits/train/oak/test_2005_4.jpg,200,200,3,42
WOOD-AUTH,Category 4 (Oak),oak,1886_4.jpg,data/wood_species/raw/oak/test_1886_4.jpg,train,data/wood_species/splits/train/oak/test_1886_4.jpg,200,200,3,42
WOOD-AUTH,Category 4 (Oak),oak,1973_4.jpg,data/wood_species/raw/oak/test_1973_4.jpg,train,data/wood_species/splits/train/oak/test_1973_4.jpg,200,200,3,42
WOOD-AUTH,Category 4 (Oak),oak,1959_4.jpg,data/wood_species/raw/oak/test_1959_4.jpg,train,data/wood_species/splits/train/oak/test_1959_4.jpg,200,200,3,42
WOOD-AUTH,Category 4 (Oak),oak,1916_4.jpg,data/wood_species/raw/oak/test_1916_4.jpg,train,data/wood_species/splits/train/oak/test_1916_4.jpg,200,200,3,42
WOOD-AUTH,Category 4 (Oak),oak,153_4.jpg,data/wood_species/raw/oak/train_153_4.jpg,train,data/wood_species/splits/train/oak/train_153_4.jpg,200,200,3,42
WOOD-AUTH,Category 4 (Oak),oak,2019_4.jpg,data/wood_species/raw/oak/test_2019_4.jpg,train,data/wood_species/splits/train/oak/test_2019_4.jpg,200,200,3,42
WOOD-AUTH,Category 4 (Oak),oak,312_4.jpg,data/wood_species/raw/oak/train_312_4.jpg,train,data/wood_species/splits/train/oak/train_312_4.jpg,200,200,3,42
WOOD-AUTH,Category 4 (Oak),oak,236_4.jpg,data/wood_species/raw/oak/train_236_4.jpg,train,data/wood_species/splits/train/oak/train_236_4.jpg,200,200,3,42
WOOD-AUTH,Category 4 (Oak),oak,1935_4.jpg,data/wood_species/raw/oak/test_1935_4.jpg,train,data/wood_species/splits/train/oak/test_1935_4.jpg,200,200,3,42
WOOD-AUTH,Category 4 (Oak),oak,1842_4.jpg,data/wood_species/raw/oak/test_1842_4.jpg,train,data/wood_species/splits/train/oak/test_1842_4.jpg,200,200,3,42
WOOD-AUTH,Category 4 (Oak),oak,1998_4.jpg,data/wood_species/raw/oak/test_1998_4.jpg,train,data/wood_species/splits/train/oak/test_1998_4.jpg,200,200,3,42
WOOD-AUTH,Category 4 (Oak),oak,46_4.jpg,data/wood_species/raw/oak/train_46_4.jpg,train,data/wood_species/splits/train/oak/train_46_4.jpg,200,200,3,42
WOOD-AUTH,Category 4 (Oak),oak,344_4.jpg,data/wood_species/raw/oak/train_344_4.jpg,train,data/wood_species/splits/train/oak/train_344_4.jpg,200,200,3,42
WOOD-AUTH,Category 4 (Oak),oak,324_4.jpg,data/wood_species/raw/oak/train_324_4.jpg,train,data/wood_species/splits/train/oak/train_324_4.jpg,200,200,3,42
WOOD-AUTH,Category 4 (Oak),oak,1961_4.jpg,data/wood_species/raw/oak/test_1961_4.jpg,train,data/wood_species/splits/train/oak/test_1961_4.jpg,200,200,3,42
WOOD-AUTH,Category 4 (Oak),oak,113_4.jpg,data/wood_species/raw/oak/train_113_4.jpg,train,data/wood_species/splits/train/oak/train_113_4.jpg,200,200,3,42
WOOD-AUTH,Category 4 (Oak),oak,84_4.jpg,data/wood_species/raw/oak/train_84_4.jpg,train,data/wood_species/splits/train/oak/train_84_4.jpg,200,200,3,42
WOOD-AUTH,Category 4 (Oak),oak,38_4.jpg,data/wood_species/raw/oak/train_38_4.jpg,train,data/wood_species/splits/train/oak/train_38_4.jpg,200,200,3,42
WOOD-AUTH,Category 4 (Oak),oak,141_4.jpg,data/wood_species/raw/oak/train_141_4.jpg,train,data/wood_species/splits/train/oak/train_141_4.jpg,200,200,3,42
WOOD-AUTH,Category 4 (Oak),oak,193_4.jpg,data/wood_species/raw/oak/train_193_4.jpg,train,data/wood_species/splits/train/oak/train_193_4.jpg,200,200,3,42
WOOD-AUTH,Category 4 (Oak),oak,1994_4.jpg,data/wood_species/raw/oak/test_1994_4.jpg,train,data/wood_species/splits/train/oak/test_1994_4.jpg,200,200,3,42
WOOD-AUTH,Category 4 (Oak),oak,178_4.jpg,data/wood_species/raw/oak/train_178_4.jpg,train,data/wood_species/splits/train/oak/train_178_4.jpg,200,200,3,42
WOOD-AUTH,Category 4 (Oak),oak,62_4.jpg,data/wood_species/raw/oak/train_62_4.jpg,train,data/wood_species/splits/train/oak/train_62_4.jpg,200,200,3,42
WOOD-AUTH,Category 4 (Oak),oak,158_4.jpg,data/wood_species/raw/oak/train_158_4.jpg,train,data/wood_species/splits/train/oak/train_158_4.jpg,200,200,3,42
WOOD-AUTH,Category 4 (Oak),oak,128_4.jpg,data/wood_species/raw/oak/train_128_4.jpg,train,data/wood_species/splits/train/oak/train_128_4.jpg,200,200,3,42
WOOD-AUTH,Category 4 (Oak),oak,1832_4.jpg,data/wood_species/raw/oak/test_1832_4.jpg,train,data/wood_species/splits/train/oak/test_1832_4.jpg,200,200,3,42
WOOD-AUTH,Category 4 (Oak),oak,381_4.jpg,data/wood_species/raw/oak/train_381_4.jpg,train,data/wood_species/splits/train/oak/train_381_4.jpg,200,200,3,42
WOOD-AUTH,Category 4 (Oak),oak,398_4.jpg,data/wood_species/raw/oak/train_398_4.jpg,train,data/wood_species/splits/train/oak/train_398_4.jpg,200,200,3,42
WOOD-AUTH,Category 4 (Oak),oak,284_4.jpg,data/wood_species/raw/oak/train_284_4.jpg,train,data/wood_species/splits/train/oak/train_284_4.jpg,200,200,3,42
WOOD-AUTH,Category 4 (Oak),oak,281_4.jpg,data/wood_species/raw/oak/train_281_4.jpg,train,data/wood_species/splits/train/oak/train_281_4.jpg,200,200,3,42
WOOD-AUTH,Category 4 (Oak),oak,385_4.jpg,data/wood_species/raw/oak/train_385_4.jpg,train,data/wood_species/splits/train/oak/train_385_4.jpg,200,200,3,42
WOOD-AUTH,Category 4 (Oak),oak,198_4.jpg,data/wood_species/raw/oak/train_198_4.jpg,train,data/wood_species/splits/train/oak/train_198_4.jpg,200,200,3,42
WOOD-AUTH,Category 4 (Oak),oak,1949_4.jpg,data/wood_species/raw/oak/test_1949_4.jpg,train,data/wood_species/splits/train/oak/test_1949_4.jpg,200,200,3,42
WOOD-AUTH,Category 4 (Oak),oak,1907_4.jpg,data/wood_species/raw/oak/test_1907_4.jpg,train,data/wood_species/splits/train/oak/test_1907_4.jpg,200,200,3,42
WOOD-AUTH,Category 4 (Oak),oak,374_4.jpg,data/wood_species/raw/oak/train_374_4.jpg,train,data/wood_species/splits/train/oak/train_374_4.jpg,200,200,3,42
WOOD-AUTH,Category 4 (Oak),oak,273_4.jpg,data/wood_species/raw/oak/train_273_4.jpg,train,data/wood_species/splits/train/oak/train_273_4.jpg,200,200,3,42
WOOD-AUTH,Category 4 (Oak),oak,1856_4.jpg,data/wood_species/raw/oak/test_1856_4.jpg,train,data/wood_species/splits/train/oak/test_1856_4.jpg,200,200,3,42
WOOD-AUTH,Category 4 (Oak),oak,352_4.jpg,data/wood_species/raw/oak/train_352_4.jpg,train,data/wood_species/splits/train/oak/train_352_4.jpg,200,200,3,42
WOOD-AUTH,Category 4 (Oak),oak,1987_4.jpg,data/wood_species/raw/oak/test_1987_4.jpg,train,data/wood_species/splits/train/oak/test_1987_4.jpg,200,200,3,42
WOOD-AUTH,Category 4 (Oak),oak,340_4.jpg,data/wood_species/raw/oak/train_340_4.jpg,train,data/wood_species/splits/train/oak/train_340_4.jpg,200,200,3,42
WOOD-AUTH,Category 4 (Oak),oak,83_4.jpg,data/wood_species/raw/oak/train_83_4.jpg,train,data/wood_species/splits/train/oak/train_83_4.jpg,200,200,3,42
WOOD-AUTH,Category 4 (Oak),oak,319_4.jpg,data/wood_species/raw/oak/train_319_4.jpg,train,data/wood_species/splits/train/oak/train_319_4.jpg,200,200,3,42
WOOD-AUTH,Category 4 (Oak),oak,263_4.jpg,data/wood_species/raw/oak/train_263_4.jpg,train,data/wood_species/splits/train/oak/train_263_4.jpg,200,200,3,42
WOOD-AUTH,Category 4 (Oak),oak,1897_4.jpg,data/wood_species/raw/oak/test_1897_4.jpg,train,data/wood_species/splits/train/oak/test_1897_4.jpg,200,200,3,42
WOOD-AUTH,Category 4 (Oak),oak,227_4.jpg,data/wood_species/raw/oak/train_227_4.jpg,train,data/wood_species/splits/train/oak/train_227_4.jpg,200,200,3,42
WOOD-AUTH,Category 4 (Oak),oak,387_4.jpg,data/wood_species/raw/oak/train_387_4.jpg,train,data/wood_species/splits/train/oak/train_387_4.jpg,200,200,3,42
WOOD-AUTH,Category 4 (Oak),oak,2003_4.jpg,data/wood_species/raw/oak/test_2003_4.jpg,train,data/wood_species/splits/train/oak/test_2003_4.jpg,200,200,3,42
WOOD-AUTH,Category 4 (Oak),oak,1841_4.jpg,data/wood_species/raw/oak/test_1841_4.jpg,train,data/wood_species/splits/train/oak/test_1841_4.jpg,200,200,3,42
WOOD-AUTH,Category 4 (Oak),oak,138_4.jpg,data/wood_species/raw/oak/train_138_4.jpg,train,data/wood_species/splits/train/oak/train_138_4.jpg,200,200,3,42
WOOD-AUTH,Category 4 (Oak),oak,171_4.jpg,data/wood_species/raw/oak/train_171_4.jpg,train,data/wood_species/splits/train/oak/train_171_4.jpg,200,200,3,42
WOOD-AUTH,Category 4 (Oak),oak,106_4.jpg,data/wood_species/raw/oak/train_106_4.jpg,train,data/wood_species/splits/train/oak/train_106_4.jpg,200,200,3,42
WOOD-AUTH,Category 4 (Oak),oak,23_4.jpg,data/wood_species/raw/oak/train_23_4.jpg,train,data/wood_species/splits/train/oak/train_23_4.jpg,200,200,3,42
WOOD-AUTH,Category 4 (Oak),oak,2008_4.jpg,data/wood_species/raw/oak/test_2008_4.jpg,train,data/wood_species/splits/train/oak/test_2008_4.jpg,200,200,3,42
WOOD-AUTH,Category 4 (Oak),oak,244_4.jpg,data/wood_species/raw/oak/train_244_4.jpg,train,data/wood_species/splits/train/oak/train_244_4.jpg,200,200,3,42
WOOD-AUTH,Category 4 (Oak),oak,342_4.jpg,data/wood_species/raw/oak/train_342_4.jpg,train,data/wood_species/splits/train/oak/train_342_4.jpg,200,200,3,42
WOOD-AUTH,Category 4 (Oak),oak,3_4.jpg,data/wood_species/raw/oak/train_3_4.jpg,train,data/wood_species/splits/train/oak/train_3_4.jpg,200,200,3,42
WOOD-AUTH,Category 4 (Oak),oak,1835_4.jpg,data/wood_species/raw/oak/test_1835_4.jpg,train,data/wood_species/splits/train/oak/test_1835_4.jpg,200,200,3,42
WOOD-AUTH,Category 4 (Oak),oak,4_4.jpg,data/wood_species/raw/oak/train_4_4.jpg,train,data/wood_species/splits/train/oak/train_4_4.jpg,200,200,3,42
WOOD-AUTH,Category 4 (Oak),oak,210_4.jpg,data/wood_species/raw/oak/train_210_4.jpg,train,data/wood_species/splits/train/oak/train_210_4.jpg,200,200,3,42
WOOD-AUTH,Category 4 (Oak),oak,104_4.jpg,data/wood_species/raw/oak/train_104_4.jpg,train,data/wood_species/splits/train/oak/train_104_4.jpg,200,200,3,42
WOOD-AUTH,Category 4 (Oak),oak,224_4.jpg,data/wood_species/raw/oak/train_224_4.jpg,train,data/wood_species/splits/train/oak/train_224_4.jpg,200,200,3,42
WOOD-AUTH,Category 4 (Oak),oak,270_4.jpg,data/wood_species/raw/oak/train_270_4.jpg,train,data/wood_species/splits/train/oak/train_270_4.jpg,200,200,3,42
WOOD-AUTH,Category 4 (Oak),oak,1899_4.jpg,data/wood_species/raw/oak/test_1899_4.jpg,train,data/wood_species/splits/train/oak/test_1899_4.jpg,200,200,3,42
WOOD-AUTH,Category 4 (Oak),oak,1910_4.jpg,data/wood_species/raw/oak/test_1910_4.jpg,train,data/wood_species/splits/train/oak/test_1910_4.jpg,200,200,3,42
WOOD-AUTH,Category 4 (Oak),oak,255_4.jpg,data/wood_species/raw/oak/train_255_4.jpg,train,data/wood_species/splits/train/oak/train_255_4.jpg,200,200,3,42
WOOD-AUTH,Category 4 (Oak),oak,366_4.jpg,data/wood_species/raw/oak/train_366_4.jpg,train,data/wood_species/splits/train/oak/train_366_4.jpg,200,200,3,42
WOOD-AUTH,Category 4 (Oak),oak,332_4.jpg,data/wood_species/raw/oak/train_332_4.jpg,train,data/wood_species/splits/train/oak/train_332_4.jpg,200,200,3,42
WOOD-AUTH,Category 4 (Oak),oak,257_4.jpg,data/wood_species/raw/oak/train_257_4.jpg,train,data/wood_species/splits/train/oak/train_257_4.jpg,200,200,3,42
WOOD-AUTH,Category 4 (Oak),oak,185_4.jpg,data/wood_species/raw/oak/train_185_4.jpg,train,data/wood_species/splits/train/oak/train_185_4.jpg,200,200,3,42
WOOD-AUTH,Category 4 (Oak),oak,235_4.jpg,data/wood_species/raw/oak/train_235_4.jpg,train,data/wood_species/splits/train/oak/train_235_4.jpg,200,200,3,42
WOOD-AUTH,Category 4 (Oak),oak,1928_4.jpg,data/wood_species/raw/oak/test_1928_4.jpg,train,data/wood_species/splits/train/oak/test_1928_4.jpg,200,200,3,42
WOOD-AUTH,Category 4 (Oak),oak,2017_4.jpg,data/wood_species/raw/oak/test_2017_4.jpg,train,data/wood_species/splits/train/oak/test_2017_4.jpg,200,200,3,42
WOOD-AUTH,Category 4 (Oak),oak,68_4.jpg,data/wood_species/raw/oak/train_68_4.jpg,train,data/wood_species/splits/train/oak/train_68_4.jpg,200,200,3,42
WOOD-AUTH,Category 4 (Oak),oak,209_4.jpg,data/wood_species/raw/oak/train_209_4.jpg,train,data/wood_species/splits/train/oak/train_209_4.jpg,200,200,3,42
WOOD-AUTH,Category 4 (Oak),oak,384_4.jpg,data/wood_species/raw/oak/train_384_4.jpg,train,data/wood_species/splits/train/oak/train_384_4.jpg,200,200,3,42
WOOD-AUTH,Category 4 (Oak),oak,1864_4.jpg,data/wood_species/raw/oak/test_1864_4.jpg,train,data/wood_species/splits/train/oak/test_1864_4.jpg,200,200,3,42
WOOD-AUTH,Category 4 (Oak),oak,2004_4.jpg,data/wood_species/raw/oak/test_2004_4.jpg,train,data/wood_species/splits/train/oak/test_2004_4.jpg,200,200,3,42
WOOD-AUTH,Category 4 (Oak),oak,1985_4.jpg,data/wood_species/raw/oak/test_1985_4.jpg,train,data/wood_species/splits/train/oak/test_1985_4.jpg,200,200,3,42
WOOD-AUTH,Category 4 (Oak),oak,34_4.jpg,data/wood_species/raw/oak/train_34_4.jpg,train,data/wood_species/splits/train/oak/train_34_4.jpg,200,200,3,42
WOOD-AUTH,Category 4 (Oak),oak,200_4.jpg,data/wood_species/raw/oak/train_200_4.jpg,train,data/wood_species/splits/train/oak/train_200_4.jpg,200,200,3,42
WOOD-AUTH,Category 4 (Oak),oak,1954_4.jpg,data/wood_species/raw/oak/test_1954_4.jpg,train,data/wood_species/splits/train/oak/test_1954_4.jpg,200,200,3,42
WOOD-AUTH,Category 4 (Oak),oak,1909_4.jpg,data/wood_species/raw/oak/test_1909_4.jpg,train,data/wood_species/splits/train/oak/test_1909_4.jpg,200,200,3,42
WOOD-AUTH,Category 4 (Oak),oak,1944_4.jpg,data/wood_species/raw/oak/test_1944_4.jpg,train,data/wood_species/splits/train/oak/test_1944_4.jpg,200,200,3,42
WOOD-AUTH,Category 4 (Oak),oak,370_4.jpg,data/wood_species/raw/oak/train_370_4.jpg,train,data/wood_species/splits/train/oak/train_370_4.jpg,200,200,3,42
WOOD-AUTH,Category 4 (Oak),oak,388_4.jpg,data/wood_species/raw/oak/train_388_4.jpg,train,data/wood_species/splits/train/oak/train_388_4.jpg,200,200,3,42
WOOD-AUTH,Category 4 (Oak),oak,81_4.jpg,data/wood_species/raw/oak/train_81_4.jpg,train,data/wood_species/splits/train/oak/train_81_4.jpg,200,200,3,42
WOOD-AUTH,Category 4 (Oak),oak,149_4.jpg,data/wood_species/raw/oak/train_149_4.jpg,train,data/wood_species/splits/train/oak/train_149_4.jpg,200,200,3,42
WOOD-AUTH,Category 4 (Oak),oak,311_4.jpg,data/wood_species/raw/oak/train_311_4.jpg,train,data/wood_species/splits/train/oak/train_311_4.jpg,200,200,3,42
WOOD-AUTH,Category 4 (Oak),oak,231_4.jpg,data/wood_species/raw/oak/train_231_4.jpg,train,data/wood_species/splits/train/oak/train_231_4.jpg,200,200,3,42
WOOD-AUTH,Category 4 (Oak),oak,293_4.jpg,data/wood_species/raw/oak/train_293_4.jpg,train,data/wood_species/splits/train/oak/train_293_4.jpg,200,200,3,42
WOOD-AUTH,Category 4 (Oak),oak,47_4.jpg,data/wood_species/raw/oak/train_47_4.jpg,train,data/wood_species/splits/train/oak/train_47_4.jpg,200,200,3,42
WOOD-AUTH,Category 4 (Oak),oak,53_4.jpg,data/wood_species/raw/oak/train_53_4.jpg,train,data/wood_species/splits/train/oak/train_53_4.jpg,200,200,3,42
WOOD-AUTH,Category 4 (Oak),oak,115_4.jpg,data/wood_species/raw/oak/train_115_4.jpg,train,data/wood_species/splits/train/oak/train_115_4.jpg,200,200,3,42
WOOD-AUTH,Category 4 (Oak),oak,1943_4.jpg,data/wood_species/raw/oak/test_1943_4.jpg,train,data/wood_species/splits/train/oak/test_1943_4.jpg,200,200,3,42
WOOD-AUTH,Category 4 (Oak),oak,206_4.jpg,data/wood_species/raw/oak/train_206_4.jpg,train,data/wood_species/splits/train/oak/train_206_4.jpg,200,200,3,42
WOOD-AUTH,Category 4 (Oak),oak,1926_4.jpg,data/wood_species/raw/oak/test_1926_4.jpg,train,data/wood_species/splits/train/oak/test_1926_4.jpg,200,200,3,42
WOOD-AUTH,Category 4 (Oak),oak,6_4.jpg,data/wood_species/raw/oak/train_6_4.jpg,train,data/wood_species/splits/train/oak/train_6_4.jpg,200,200,3,42
WOOD-AUTH,Category 4 (Oak),oak,252_4.jpg,data/wood_species/raw/oak/train_252_4.jpg,train,data/wood_species/splits/train/oak/train_252_4.jpg,200,200,3,42
WOOD-AUTH,Category 4 (Oak),oak,39_4.jpg,data/wood_species/raw/oak/train_39_4.jpg,train,data/wood_species/splits/train/oak/train_39_4.jpg,200,200,3,42
WOOD-AUTH,Category 4 (Oak),oak,144_4.jpg,data/wood_species/raw/oak/train_144_4.jpg,train,data/wood_species/splits/train/oak/train_144_4.jpg,200,200,3,42
WOOD-AUTH,Category 4 (Oak),oak,1883_4.jpg,data/wood_species/raw/oak/test_1883_4.jpg,train,data/wood_species/splits/train/oak/test_1883_4.jpg,200,200,3,42
WOOD-AUTH,Category 4 (Oak),oak,2002_4.jpg,data/wood_species/raw/oak/test_2002_4.jpg,train,data/wood_species/splits/train/oak/test_2002_4.jpg,200,200,3,42
WOOD-AUTH,Category 4 (Oak),oak,285_4.jpg,data/wood_species/raw/oak/train_285_4.jpg,train,data/wood_species/splits/train/oak/train_285_4.jpg,200,200,3,42
WOOD-AUTH,Category 4 (Oak),oak,150_4.jpg,data/wood_species/raw/oak/train_150_4.jpg,train,data/wood_species/splits/train/oak/train_150_4.jpg,200,200,3,42
WOOD-AUTH,Category 4 (Oak),oak,165_4.jpg,data/wood_species/raw/oak/train_165_4.jpg,train,data/wood_species/splits/train/oak/train_165_4.jpg,200,200,3,42
WOOD-AUTH,Category 4 (Oak),oak,1964_4.jpg,data/wood_species/raw/oak/test_1964_4.jpg,train,data/wood_species/splits/train/oak/test_1964_4.jpg,200,200,3,42
WOOD-AUTH,Category 4 (Oak),oak,45_4.jpg,data/wood_species/raw/oak/train_45_4.jpg,train,data/wood_species/splits/train/oak/train_45_4.jpg,200,200,3,42
WOOD-AUTH,Category 4 (Oak),oak,1997_4.jpg,data/wood_species/raw/oak/test_1997_4.jpg,train,data/wood_species/splits/train/oak/test_1997_4.jpg,200,200,3,42
WOOD-AUTH,Category 4 (Oak),oak,119_4.jpg,data/wood_species/raw/oak/train_119_4.jpg,train,data/wood_species/splits/train/oak/train_119_4.jpg,200,200,3,42
WOOD-AUTH,Category 4 (Oak),oak,179_4.jpg,data/wood_species/raw/oak/train_179_4.jpg,train,data/wood_species/splits/train/oak/train_179_4.jpg,200,200,3,42
WOOD-AUTH,Category 4 (Oak),oak,2015_4.jpg,data/wood_species/raw/oak/test_2015_4.jpg,train,data/wood_species/splits/train/oak/test_2015_4.jpg,200,200,3,42
WOOD-AUTH,Category 4 (Oak),oak,71_4.jpg,data/wood_species/raw/oak/train_71_4.jpg,train,data/wood_species/splits/train/oak/train_71_4.jpg,200,200,3,42
WOOD-AUTH,Category 4 (Oak),oak,110_4.jpg,data/wood_species/raw/oak/train_110_4.jpg,train,data/wood_species/splits/train/oak/train_110_4.jpg,200,200,3,42
WOOD-AUTH,Category 4 (Oak),oak,213_4.jpg,data/wood_species/raw/oak/train_213_4.jpg,train,data/wood_species/splits/train/oak/train_213_4.jpg,200,200,3,42
WOOD-AUTH,Category 4 (Oak),oak,1879_4.jpg,data/wood_species/raw/oak/test_1879_4.jpg,train,data/wood_species/splits/train/oak/test_1879_4.jpg,200,200,3,42
WOOD-AUTH,Category 4 (Oak),oak,296_4.jpg,data/wood_species/raw/oak/train_296_4.jpg,train,data/wood_species/splits/train/oak/train_296_4.jpg,200,200,3,42
WOOD-AUTH,Category 4 (Oak),oak,1947_4.jpg,data/wood_species/raw/oak/test_1947_4.jpg,train,data/wood_species/splits/train/oak/test_1947_4.jpg,200,200,3,42
WOOD-AUTH,Category 4 (Oak),oak,161_4.jpg,data/wood_species/raw/oak/train_161_4.jpg,train,data/wood_species/splits/train/oak/train_161_4.jpg,200,200,3,42
WOOD-AUTH,Category 4 (Oak),oak,1923_4.jpg,data/wood_species/raw/oak/test_1923_4.jpg,train,data/wood_species/splits/train/oak/test_1923_4.jpg,200,200,3,42
WOOD-AUTH,Category 4 (Oak),oak,14_4.jpg,data/wood_species/raw/oak/train_14_4.jpg,train,data/wood_species/splits/train/oak/train_14_4.jpg,200,200,3,42
WOOD-AUTH,Category 4 (Oak),oak,269_4.jpg,data/wood_species/raw/oak/train_269_4.jpg,train,data/wood_species/splits/train/oak/train_269_4.jpg,200,200,3,42
WOOD-AUTH,Category 4 (Oak),oak,1898_4.jpg,data/wood_species/raw/oak/test_1898_4.jpg,train,data/wood_species/splits/train/oak/test_1898_4.jpg,200,200,3,42
WOOD-AUTH,Category 4 (Oak),oak,321_4.jpg,data/wood_species/raw/oak/train_321_4.jpg,train,data/wood_species/splits/train/oak/train_321_4.jpg,200,200,3,42
WOOD-AUTH,Category 4 (Oak),oak,260_4.jpg,data/wood_species/raw/oak/train_260_4.jpg,train,data/wood_species/splits/train/oak/train_260_4.jpg,200,200,3,42
WOOD-AUTH,Category 4 (Oak),oak,1846_4.jpg,data/wood_species/raw/oak/test_1846_4.jpg,train,data/wood_species/splits/train/oak/test_1846_4.jpg,200,200,3,42
WOOD-AUTH,Category 4 (Oak),oak,42_4.jpg,data/wood_species/raw/oak/train_42_4.jpg,train,data/wood_species/splits/train/oak/train_42_4.jpg,200,200,3,42
WOOD-AUTH,Category 4 (Oak),oak,1854_4.jpg,data/wood_species/raw/oak/test_1854_4.jpg,train,data/wood_species/splits/train/oak/test_1854_4.jpg,200,200,3,42
WOOD-AUTH,Category 4 (Oak),oak,1871_4.jpg,data/wood_species/raw/oak/test_1871_4.jpg,train,data/wood_species/splits/train/oak/test_1871_4.jpg,200,200,3,42
WOOD-AUTH,Category 4 (Oak),oak,92_4.jpg,data/wood_species/raw/oak/train_92_4.jpg,train,data/wood_species/splits/train/oak/train_92_4.jpg,200,200,3,42
WOOD-AUTH,Category 4 (Oak),oak,315_4.jpg,data/wood_species/raw/oak/train_315_4.jpg,train,data/wood_species/splits/train/oak/train_315_4.jpg,200,200,3,42
WOOD-AUTH,Category 4 (Oak),oak,201_4.jpg,data/wood_species/raw/oak/train_201_4.jpg,train,data/wood_species/splits/train/oak/train_201_4.jpg,200,200,3,42
WOOD-AUTH,Category 4 (Oak),oak,1889_4.jpg,data/wood_species/raw/oak/test_1889_4.jpg,train,data/wood_species/splits/train/oak/test_1889_4.jpg,200,200,3,42
WOOD-AUTH,Category 4 (Oak),oak,259_4.jpg,data/wood_species/raw/oak/train_259_4.jpg,train,data/wood_species/splits/train/oak/train_259_4.jpg,200,200,3,42
WOOD-AUTH,Category 4 (Oak),oak,298_4.jpg,data/wood_species/raw/oak/train_298_4.jpg,train,data/wood_species/splits/train/oak/train_298_4.jpg,200,200,3,42
WOOD-AUTH,Category 4 (Oak),oak,1972_4.jpg,data/wood_species/raw/oak/test_1972_4.jpg,train,data/wood_species/splits/train/oak/test_1972_4.jpg,200,200,3,42
WOOD-AUTH,Category 4 (Oak),oak,183_4.jpg,data/wood_species/raw/oak/train_183_4.jpg,train,data/wood_species/splits/train/oak/train_183_4.jpg,200,200,3,42
WOOD-AUTH,Category 4 (Oak),oak,2011_4.jpg,data/wood_species/raw/oak/test_2011_4.jpg,train,data/wood_species/splits/train/oak/test_2011_4.jpg,200,200,3,42
WOOD-AUTH,Category 4 (Oak),oak,1989_4.jpg,data/wood_species/raw/oak/test_1989_4.jpg,train,data/wood_species/splits/train/oak/test_1989_4.jpg,200,200,3,42
WOOD-AUTH,Category 4 (Oak),oak,1967_4.jpg,data/wood_species/raw/oak/test_1967_4.jpg,train,data/wood_species/splits/train/oak/test_1967_4.jpg,200,200,3,42
WOOD-AUTH,Category 4 (Oak),oak,169_4.jpg,data/wood_species/raw/oak/train_169_4.jpg,train,data/wood_species/splits/train/oak/train_169_4.jpg,200,200,3,42
WOOD-AUTH,Category 4 (Oak),oak,1922_4.jpg,data/wood_species/raw/oak/test_1922_4.jpg,train,data/wood_species/splits/train/oak/test_1922_4.jpg,200,200,3,42
WOOD-AUTH,Category 4 (Oak),oak,1951_4.jpg,data/wood_species/raw/oak/test_1951_4.jpg,train,data/wood_species/splits/train/oak/test_1951_4.jpg,200,200,3,42
WOOD-AUTH,Category 4 (Oak),oak,341_4.jpg,data/wood_species/raw/oak/train_341_4.jpg,train,data/wood_species/splits/train/oak/train_341_4.jpg,200,200,3,42
WOOD-AUTH,Category 4 (Oak),oak,314_4.jpg,data/wood_species/raw/oak/train_314_4.jpg,train,data/wood_species/splits/train/oak/train_314_4.jpg,200,200,3,42
WOOD-AUTH,Category 4 (Oak),oak,272_4.jpg,data/wood_species/raw/oak/train_272_4.jpg,train,data/wood_species/splits/train/oak/train_272_4.jpg,200,200,3,42
WOOD-AUTH,Category 4 (Oak),oak,86_4.jpg,data/wood_species/raw/oak/train_86_4.jpg,train,data/wood_species/splits/train/oak/train_86_4.jpg,200,200,3,42
WOOD-AUTH,Category 4 (Oak),oak,261_4.jpg,data/wood_species/raw/oak/train_261_4.jpg,train,data/wood_species/splits/train/oak/train_261_4.jpg,200,200,3,42
WOOD-AUTH,Category 4 (Oak),oak,194_4.jpg,data/wood_species/raw/oak/train_194_4.jpg,train,data/wood_species/splits/train/oak/train_194_4.jpg,200,200,3,42
WOOD-AUTH,Category 4 (Oak),oak,356_4.jpg,data/wood_species/raw/oak/train_356_4.jpg,train,data/wood_species/splits/train/oak/train_356_4.jpg,200,200,3,42
WOOD-AUTH,Category 4 (Oak),oak,395_4.jpg,data/wood_species/raw/oak/train_395_4.jpg,train,data/wood_species/splits/train/oak/train_395_4.jpg,200,200,3,42
WOOD-AUTH,Category 4 (Oak),oak,1_4.jpg,data/wood_species/raw/oak/train_1_4.jpg,train,data/wood_species/splits/train/oak/train_1_4.jpg,200,200,3,42
WOOD-AUTH,Category 4 (Oak),oak,33_4.jpg,data/wood_species/raw/oak/train_33_4.jpg,train,data/wood_species/splits/train/oak/train_33_4.jpg,200,200,3,42
WOOD-AUTH,Category 4 (Oak),oak,218_4.jpg,data/wood_species/raw/oak/train_218_4.jpg,train,data/wood_species/splits/train/oak/train_218_4.jpg,200,200,3,42
WOOD-AUTH,Category 4 (Oak),oak,191_4.jpg,data/wood_species/raw/oak/train_191_4.jpg,train,data/wood_species/splits/train/oak/train_191_4.jpg,200,200,3,42
WOOD-AUTH,Category 4 (Oak),oak,254_4.jpg,data/wood_species/raw/oak/train_254_4.jpg,train,data/wood_species/splits/train/oak/train_254_4.jpg,200,200,3,42
WOOD-AUTH,Category 4 (Oak),oak,2020_4.jpg,data/wood_species/raw/oak/test_2020_4.jpg,train,data/wood_species/splits/train/oak/test_2020_4.jpg,200,200,3,42
WOOD-AUTH,Category 4 (Oak),oak,2018_4.jpg,data/wood_species/raw/oak/test_2018_4.jpg,train,data/wood_species/splits/train/oak/test_2018_4.jpg,200,200,3,42
WOOD-AUTH,Category 4 (Oak),oak,1822_4.jpg,data/wood_species/raw/oak/test_1822_4.jpg,train,data/wood_species/splits/train/oak/test_1822_4.jpg,200,200,3,42
WOOD-AUTH,Category 4 (Oak),oak,102_4.jpg,data/wood_species/raw/oak/train_102_4.jpg,train,data/wood_species/splits/train/oak/train_102_4.jpg,200,200,3,42
WOOD-AUTH,Category 4 (Oak),oak,2000_4.jpg,data/wood_species/raw/oak/test_2000_4.jpg,train,data/wood_species/splits/train/oak/test_2000_4.jpg,200,200,3,42
WOOD-AUTH,Category 4 (Oak),oak,1870_4.jpg,data/wood_species/raw/oak/test_1870_4.jpg,train,data/wood_species/splits/train/oak/test_1870_4.jpg,200,200,3,42
WOOD-AUTH,Category 4 (Oak),oak,1851_4.jpg,data/wood_species/raw/oak/test_1851_4.jpg,train,data/wood_species/splits/train/oak/test_1851_4.jpg,200,200,3,42
WOOD-AUTH,Category 4 (Oak),oak,1878_4.jpg,data/wood_species/raw/oak/test_1878_4.jpg,train,data/wood_species/splits/train/oak/test_1878_4.jpg,200,200,3,42
WOOD-AUTH,Category 4 (Oak),oak,186_4.jpg,data/wood_species/raw/oak/train_186_4.jpg,train,data/wood_species/splits/train/oak/train_186_4.jpg,200,200,3,42
WOOD-AUTH,Category 4 (Oak),oak,369_4.jpg,data/wood_species/raw/oak/train_369_4.jpg,train,data/wood_species/splits/train/oak/train_369_4.jpg,200,200,3,42
WOOD-AUTH,Category 4 (Oak),oak,136_4.jpg,data/wood_species/raw/oak/train_136_4.jpg,train,data/wood_species/splits/train/oak/train_136_4.jpg,200,200,3,42
WOOD-AUTH,Category 4 (Oak),oak,1913_4.jpg,data/wood_species/raw/oak/test_1913_4.jpg,train,data/wood_species/splits/train/oak/test_1913_4.jpg,200,200,3,42
WOOD-AUTH,Category 4 (Oak),oak,363_4.jpg,data/wood_species/raw/oak/train_363_4.jpg,train,data/wood_species/splits/train/oak/train_363_4.jpg,200,200,3,42
WOOD-AUTH,Category 4 (Oak),oak,1925_4.jpg,data/wood_species/raw/oak/test_1925_4.jpg,train,data/wood_species/splits/train/oak/test_1925_4.jpg,200,200,3,42
WOOD-AUTH,Category 4 (Oak),oak,1875_4.jpg,data/wood_species/raw/oak/test_1875_4.jpg,train,data/wood_species/splits/train/oak/test_1875_4.jpg,200,200,3,42
WOOD-AUTH,Category 4 (Oak),oak,383_4.jpg,data/wood_species/raw/oak/train_383_4.jpg,train,data/wood_species/splits/train/oak/train_383_4.jpg,200,200,3,42
WOOD-AUTH,Category 4 (Oak),oak,1859_4.jpg,data/wood_species/raw/oak/test_1859_4.jpg,train,data/wood_species/splits/train/oak/test_1859_4.jpg,200,200,3,42
WOOD-AUTH,Category 4 (Oak),oak,242_4.jpg,data/wood_species/raw/oak/train_242_4.jpg,train,data/wood_species/splits/train/oak/train_242_4.jpg,200,200,3,42
WOOD-AUTH,Category 4 (Oak),oak,111_4.jpg,data/wood_species/raw/oak/train_111_4.jpg,train,data/wood_species/splits/train/oak/train_111_4.jpg,200,200,3,42
WOOD-AUTH,Category 4 (Oak),oak,313_4.jpg,data/wood_species/raw/oak/train_313_4.jpg,train,data/wood_species/splits/train/oak/train_313_4.jpg,200,200,3,42
WOOD-AUTH,Category 4 (Oak),oak,279_4.jpg,data/wood_species/raw/oak/train_279_4.jpg,train,data/wood_species/splits/train/oak/train_279_4.jpg,200,200,3,42
WOOD-AUTH,Category 4 (Oak),oak,1880_4.jpg,data/wood_species/raw/oak/test_1880_4.jpg,train,data/wood_species/splits/train/oak/test_1880_4.jpg,200,200,3,42
WOOD-AUTH,Category 4 (Oak),oak,1867_4.jpg,data/wood_species/raw/oak/test_1867_4.jpg,train,data/wood_species/splits/train/oak/test_1867_4.jpg,200,200,3,42
WOOD-AUTH,Category 4 (Oak),oak,1919_4.jpg,data/wood_species/raw/oak/test_1919_4.jpg,train,data/wood_species/splits/train/oak/test_1919_4.jpg,200,200,3,42
WOOD-AUTH,Category 4 (Oak),oak,190_4.jpg,data/wood_species/raw/oak/train_190_4.jpg,train,data/wood_species/splits/train/oak/train_190_4.jpg,200,200,3,42
WOOD-AUTH,Category 4 (Oak),oak,204_4.jpg,data/wood_species/raw/oak/train_204_4.jpg,train,data/wood_species/splits/train/oak/train_204_4.jpg,200,200,3,42
WOOD-AUTH,Category 4 (Oak),oak,303_4.jpg,data/wood_species/raw/oak/train_303_4.jpg,train,data/wood_species/splits/train/oak/train_303_4.jpg,200,200,3,42
WOOD-AUTH,Category 4 (Oak),oak,67_4.jpg,data/wood_species/raw/oak/train_67_4.jpg,train,data/wood_species/splits/train/oak/train_67_4.jpg,200,200,3,42
WOOD-AUTH,Category 4 (Oak),oak,1888_4.jpg,data/wood_species/raw/oak/test_1888_4.jpg,train,data/wood_species/splits/train/oak/test_1888_4.jpg,200,200,3,42
WOOD-AUTH,Category 4 (Oak),oak,28_4.jpg,data/wood_species/raw/oak/train_28_4.jpg,train,data/wood_species/splits/train/oak/train_28_4.jpg,200,200,3,42
WOOD-AUTH,Category 4 (Oak),oak,100_4.jpg,data/wood_species/raw/oak/train_100_4.jpg,train,data/wood_species/splits/train/oak/train_100_4.jpg,200,200,3,42
WOOD-AUTH,Category 4 (Oak),oak,1906_4.jpg,data/wood_species/raw/oak/test_1906_4.jpg,train,data/wood_species/splits/train/oak/test_1906_4.jpg,200,200,3,42
WOOD-AUTH,Category 4 (Oak),oak,70_4.jpg,data/wood_species/raw/oak/train_70_4.jpg,train,data/wood_species/splits/train/oak/train_70_4.jpg,200,200,3,42
WOOD-AUTH,Category 4 (Oak),oak,2016_4.jpg,data/wood_species/raw/oak/test_2016_4.jpg,train,data/wood_species/splits/train/oak/test_2016_4.jpg,200,200,3,42
WOOD-AUTH,Category 4 (Oak),oak,159_4.jpg,data/wood_species/raw/oak/train_159_4.jpg,train,data/wood_species/splits/train/oak/train_159_4.jpg,200,200,3,42
WOOD-AUTH,Category 4 (Oak),oak,1952_4.jpg,data/wood_species/raw/oak/test_1952_4.jpg,train,data/wood_species/splits/train/oak/test_1952_4.jpg,200,200,3,42
WOOD-AUTH,Category 4 (Oak),oak,323_4.jpg,data/wood_species/raw/oak/train_323_4.jpg,train,data/wood_species/splits/train/oak/train_323_4.jpg,200,200,3,42
WOOD-AUTH,Category 4 (Oak),oak,391_4.jpg,data/wood_species/raw/oak/train_391_4.jpg,train,data/wood_species/splits/train/oak/train_391_4.jpg,200,200,3,42
WOOD-AUTH,Category 4 (Oak),oak,307_4.jpg,data/wood_species/raw/oak/train_307_4.jpg,train,data/wood_species/splits/train/oak/train_307_4.jpg,200,200,3,42
WOOD-AUTH,Category 4 (Oak),oak,386_4.jpg,data/wood_species/raw/oak/train_386_4.jpg,train,data/wood_species/splits/train/oak/train_386_4.jpg,200,200,3,42
WOOD-AUTH,Category 4 (Oak),oak,157_4.jpg,data/wood_species/raw/oak/train_157_4.jpg,train,data/wood_species/splits/train/oak/train_157_4.jpg,200,200,3,42
WOOD-AUTH,Category 4 (Oak),oak,137_4.jpg,data/wood_species/raw/oak/train_137_4.jpg,train,data/wood_species/splits/train/oak/train_137_4.jpg,200,200,3,42
WOOD-AUTH,Category 4 (Oak),oak,1920_4.jpg,data/wood_species/raw/oak/test_1920_4.jpg,train,data/wood_species/splits/train/oak/test_1920_4.jpg,200,200,3,42
WOOD-AUTH,Category 4 (Oak),oak,1872_4.jpg,data/wood_species/raw/oak/test_1872_4.jpg,train,data/wood_species/splits/train/oak/test_1872_4.jpg,200,200,3,42
WOOD-AUTH,Category 4 (Oak),oak,397_4.jpg,data/wood_species/raw/oak/train_397_4.jpg,train,data/wood_species/splits/train/oak/train_397_4.jpg,200,200,3,42
WOOD-AUTH,Category 4 (Oak),oak,329_4.jpg,data/wood_species/raw/oak/train_329_4.jpg,train,data/wood_species/splits/train/oak/train_329_4.jpg,200,200,3,42
WOOD-AUTH,Category 4 (Oak),oak,373_4.jpg,data/wood_species/raw/oak/train_373_4.jpg,train,data/wood_species/splits/train/oak/train_373_4.jpg,200,200,3,42
WOOD-AUTH,Category 4 (Oak),oak,1849_4.jpg,data/wood_species/raw/oak/test_1849_4.jpg,train,data/wood_species/splits/train/oak/test_1849_4.jpg,200,200,3,42
WOOD-AUTH,Category 4 (Oak),oak,1884_4.jpg,data/wood_species/raw/oak/test_1884_4.jpg,train,data/wood_species/splits/train/oak/test_1884_4.jpg,200,200,3,42
WOOD-AUTH,Category 4 (Oak),oak,20_4.jpg,data/wood_species/raw/oak/train_20_4.jpg,train,data/wood_species/splits/train/oak/train_20_4.jpg,200,200,3,42
WOOD-AUTH,Category 4 (Oak),oak,1829_4.jpg,data/wood_species/raw/oak/test_1829_4.jpg,train,data/wood_species/splits/train/oak/test_1829_4.jpg,200,200,3,42
WOOD-AUTH,Category 4 (Oak),oak,114_4.jpg,data/wood_species/raw/oak/train_114_4.jpg,train,data/wood_species/splits/train/oak/train_114_4.jpg,200,200,3,42
WOOD-AUTH,Category 4 (Oak),oak,48_4.jpg,data/wood_species/raw/oak/train_48_4.jpg,train,data/wood_species/splits/train/oak/train_48_4.jpg,200,200,3,42
WOOD-AUTH,Category 4 (Oak),oak,400_4.jpg,data/wood_species/raw/oak/train_400_4.jpg,train,data/wood_species/splits/train/oak/train_400_4.jpg,200,200,3,42
WOOD-AUTH,Category 4 (Oak),oak,268_4.jpg,data/wood_species/raw/oak/train_268_4.jpg,train,data/wood_species/splits/train/oak/train_268_4.jpg,200,200,3,42
WOOD-AUTH,Category 4 (Oak),oak,21_4.jpg,data/wood_species/raw/oak/train_21_4.jpg,train,data/wood_species/splits/train/oak/train_21_4.jpg,200,200,3,42
WOOD-AUTH,Category 4 (Oak),oak,1981_4.jpg,data/wood_species/raw/oak/test_1981_4.jpg,train,data/wood_species/splits/train/oak/test_1981_4.jpg,200,200,3,42
WOOD-AUTH,Category 4 (Oak),oak,181_4.jpg,data/wood_species/raw/oak/train_181_4.jpg,train,data/wood_species/splits/train/oak/train_181_4.jpg,200,200,3,42
WOOD-AUTH,Category 4 (Oak),oak,1850_4.jpg,data/wood_species/raw/oak/test_1850_4.jpg,train,data/wood_species/splits/train/oak/test_1850_4.jpg,200,200,3,42
WOOD-AUTH,Category 4 (Oak),oak,1905_4.jpg,data/wood_species/raw/oak/test_1905_4.jpg,train,data/wood_species/splits/train/oak/test_1905_4.jpg,200,200,3,42
WOOD-AUTH,Category 4 (Oak),oak,148_4.jpg,data/wood_species/raw/oak/train_148_4.jpg,train,data/wood_species/splits/train/oak/train_148_4.jpg,200,200,3,42
WOOD-AUTH,Category 4 (Oak),oak,1827_4.jpg,data/wood_species/raw/oak/test_1827_4.jpg,train,data/wood_species/splits/train/oak/test_1827_4.jpg,200,200,3,42
WOOD-AUTH,Category 4 (Oak),oak,251_4.jpg,data/wood_species/raw/oak/train_251_4.jpg,train,data/wood_species/splits/train/oak/train_251_4.jpg,200,200,3,42
WOOD-AUTH,Category 4 (Oak),oak,229_4.jpg,data/wood_species/raw/oak/train_229_4.jpg,train,data/wood_species/splits/train/oak/train_229_4.jpg,200,200,3,42
WOOD-AUTH,Category 4 (Oak),oak,375_4.jpg,data/wood_species/raw/oak/train_375_4.jpg,train,data/wood_species/splits/train/oak/train_375_4.jpg,200,200,3,42
WOOD-AUTH,Category 4 (Oak),oak,154_4.jpg,data/wood_species/raw/oak/train_154_4.jpg,train,data/wood_species/splits/train/oak/train_154_4.jpg,200,200,3,42
WOOD-AUTH,Category 4 (Oak),oak,108_4.jpg,data/wood_species/raw/oak/train_108_4.jpg,train,data/wood_species/splits/train/oak/train_108_4.jpg,200,200,3,42
WOOD-AUTH,Category 4 (Oak),oak,1999_4.jpg,data/wood_species/raw/oak/test_1999_4.jpg,train,data/wood_species/splits/train/oak/test_1999_4.jpg,200,200,3,42
WOOD-AUTH,Category 4 (Oak),oak,1929_4.jpg,data/wood_species/raw/oak/test_1929_4.jpg,train,data/wood_species/splits/train/oak/test_1929_4.jpg,200,200,3,42
WOOD-AUTH,Category 4 (Oak),oak,1978_4.jpg,data/wood_species/raw/oak/test_1978_4.jpg,train,data/wood_species/splits/train/oak/test_1978_4.jpg,200,200,3,42
WOOD-AUTH,Category 4 (Oak),oak,1831_4.jpg,data/wood_species/raw/oak/test_1831_4.jpg,train,data/wood_species/splits/train/oak/test_1831_4.jpg,200,200,3,42
WOOD-AUTH,Category 4 (Oak),oak,69_4.jpg,data/wood_species/raw/oak/train_69_4.jpg,train,data/wood_species/splits/train/oak/train_69_4.jpg,200,200,3,42
WOOD-AUTH,Category 4 (Oak),oak,37_4.jpg,data/wood_species/raw/oak/train_37_4.jpg,train,data/wood_species/splits/train/oak/train_37_4.jpg,200,200,3,42
WOOD-AUTH,Category 4 (Oak),oak,226_4.jpg,data/wood_species/raw/oak/train_226_4.jpg,train,data/wood_species/splits/train/oak/train_226_4.jpg,200,200,3,42
WOOD-AUTH,Category 4 (Oak),oak,1853_4.jpg,data/wood_species/raw/oak/test_1853_4.jpg,train,data/wood_species/splits/train/oak/test_1853_4.jpg,200,200,3,42
WOOD-AUTH,Category 4 (Oak),oak,1825_4.jpg,data/wood_species/raw/oak/test_1825_4.jpg,train,data/wood_species/splits/train/oak/test_1825_4.jpg,200,200,3,42
WOOD-AUTH,Category 4 (Oak),oak,152_4.jpg,data/wood_species/raw/oak/train_152_4.jpg,train,data/wood_species/splits/train/oak/train_152_4.jpg,200,200,3,42
WOOD-AUTH,Category 4 (Oak),oak,89_4.jpg,data/wood_species/raw/oak/train_89_4.jpg,train,data/wood_species/splits/train/oak/train_89_4.jpg,200,200,3,42
WOOD-AUTH,Category 4 (Oak),oak,54_4.jpg,data/wood_species/raw/oak/train_54_4.jpg,train,data/wood_species/splits/train/oak/train_54_4.jpg,200,200,3,42
WOOD-AUTH,Category 4 (Oak),oak,253_4.jpg,data/wood_species/raw/oak/train_253_4.jpg,train,data/wood_species/splits/train/oak/train_253_4.jpg,200,200,3,42
WOOD-AUTH,Category 4 (Oak),oak,1930_4.jpg,data/wood_species/raw/oak/test_1930_4.jpg,train,data/wood_species/splits/train/oak/test_1930_4.jpg,200,200,3,42
WOOD-AUTH,Category 4 (Oak),oak,103_4.jpg,data/wood_species/raw/oak/train_103_4.jpg,train,data/wood_species/splits/train/oak/train_103_4.jpg,200,200,3,42
WOOD-AUTH,Category 4 (Oak),oak,93_4.jpg,data/wood_species/raw/oak/train_93_4.jpg,train,data/wood_species/splits/train/oak/train_93_4.jpg,200,200,3,42
WOOD-AUTH,Category 4 (Oak),oak,350_4.jpg,data/wood_species/raw/oak/train_350_4.jpg,train,data/wood_species/splits/train/oak/train_350_4.jpg,200,200,3,42
WOOD-AUTH,Category 4 (Oak),oak,175_4.jpg,data/wood_species/raw/oak/train_175_4.jpg,train,data/wood_species/splits/train/oak/train_175_4.jpg,200,200,3,42
WOOD-AUTH,Category 4 (Oak),oak,212_4.jpg,data/wood_species/raw/oak/train_212_4.jpg,train,data/wood_species/splits/train/oak/train_212_4.jpg,200,200,3,42
WOOD-AUTH,Category 4 (Oak),oak,325_4.jpg,data/wood_species/raw/oak/train_325_4.jpg,train,data/wood_species/splits/train/oak/train_325_4.jpg,200,200,3,42
WOOD-AUTH,Category 4 (Oak),oak,280_4.jpg,data/wood_species/raw/oak/train_280_4.jpg,train,data/wood_species/splits/train/oak/train_280_4.jpg,200,200,3,42
WOOD-AUTH,Category 4 (Oak),oak,88_4.jpg,data/wood_species/raw/oak/train_88_4.jpg,train,data/wood_species/splits/train/oak/train_88_4.jpg,200,200,3,42
WOOD-AUTH,Category 4 (Oak),oak,305_4.jpg,data/wood_species/raw/oak/train_305_4.jpg,train,data/wood_species/splits/train/oak/train_305_4.jpg,200,200,3,42
WOOD-AUTH,Category 4 (Oak),oak,8_4.jpg,data/wood_species/raw/oak/train_8_4.jpg,train,data/wood_species/splits/train/oak/train_8_4.jpg,200,200,3,42
WOOD-AUTH,Category 4 (Oak),oak,22_4.jpg,data/wood_species/raw/oak/train_22_4.jpg,train,data/wood_species/splits/train/oak/train_22_4.jpg,200,200,3,42
WOOD-AUTH,Category 4 (Oak),oak,72_4.jpg,data/wood_species/raw/oak/train_72_4.jpg,train,data/wood_species/splits/train/oak/train_72_4.jpg,200,200,3,42
WOOD-AUTH,Category 4 (Oak),oak,2014_4.jpg,data/wood_species/raw/oak/test_2014_4.jpg,train,data/wood_species/splits/train/oak/test_2014_4.jpg,200,200,3,42
WOOD-AUTH,Category 4 (Oak),oak,1992_4.jpg,data/wood_species/raw/oak/test_1992_4.jpg,train,data/wood_species/splits/train/oak/test_1992_4.jpg,200,200,3,42
WOOD-AUTH,Category 4 (Oak),oak,317_4.jpg,data/wood_species/raw/oak/train_317_4.jpg,train,data/wood_species/splits/train/oak/train_317_4.jpg,200,200,3,42
WOOD-AUTH,Category 4 (Oak),oak,180_4.jpg,data/wood_species/raw/oak/train_180_4.jpg,train,data/wood_species/splits/train/oak/train_180_4.jpg,200,200,3,42
WOOD-AUTH,Category 4 (Oak),oak,320_4.jpg,data/wood_species/raw/oak/train_320_4.jpg,train,data/wood_species/splits/train/oak/train_320_4.jpg,200,200,3,42
WOOD-AUTH,Category 4 (Oak),oak,122_4.jpg,data/wood_species/raw/oak/train_122_4.jpg,train,data/wood_species/splits/train/oak/train_122_4.jpg,200,200,3,42
WOOD-AUTH,Category 4 (Oak),oak,382_4.jpg,data/wood_species/raw/oak/train_382_4.jpg,train,data/wood_species/splits/train/oak/train_382_4.jpg,200,200,3,42
WOOD-AUTH,Category 4 (Oak),oak,234_4.jpg,data/wood_species/raw/oak/train_234_4.jpg,train,data/wood_species/splits/train/oak/train_234_4.jpg,200,200,3,42
WOOD-AUTH,Category 4 (Oak),oak,1941_4.jpg,data/wood_species/raw/oak/test_1941_4.jpg,train,data/wood_species/splits/train/oak/test_1941_4.jpg,200,200,3,42
WOOD-AUTH,Category 4 (Oak),oak,222_4.jpg,data/wood_species/raw/oak/train_222_4.jpg,train,data/wood_species/splits/train/oak/train_222_4.jpg,200,200,3,42
WOOD-AUTH,Category 4 (Oak),oak,1847_4.jpg,data/wood_species/raw/oak/test_1847_4.jpg,train,data/wood_species/splits/train/oak/test_1847_4.jpg,200,200,3,42
WOOD-AUTH,Category 4 (Oak),oak,219_4.jpg,data/wood_species/raw/oak/train_219_4.jpg,train,data/wood_species/splits/train/oak/train_219_4.jpg,200,200,3,42
WOOD-AUTH,Category 4 (Oak),oak,120_4.jpg,data/wood_species/raw/oak/train_120_4.jpg,train,data/wood_species/splits/train/oak/train_120_4.jpg,200,200,3,42
WOOD-AUTH,Category 4 (Oak),oak,322_4.jpg,data/wood_species/raw/oak/train_322_4.jpg,train,data/wood_species/splits/train/oak/train_322_4.jpg,200,200,3,42
WOOD-AUTH,Category 4 (Oak),oak,94_4.jpg,data/wood_species/raw/oak/train_94_4.jpg,train,data/wood_species/splits/train/oak/train_94_4.jpg,200,200,3,42
WOOD-AUTH,Category 4 (Oak),oak,1937_4.jpg,data/wood_species/raw/oak/test_1937_4.jpg,train,data/wood_species/splits/train/oak/test_1937_4.jpg,200,200,3,42
WOOD-AUTH,Category 4 (Oak),oak,267_4.jpg,data/wood_species/raw/oak/train_267_4.jpg,train,data/wood_species/splits/train/oak/train_267_4.jpg,200,200,3,42
WOOD-AUTH,Category 4 (Oak),oak,107_4.jpg,data/wood_species/raw/oak/train_107_4.jpg,train,data/wood_species/splits/train/oak/train_107_4.jpg,200,200,3,42
WOOD-AUTH,Category 4 (Oak),oak,228_4.jpg,data/wood_species/raw/oak/train_228_4.jpg,train,data/wood_species/splits/train/oak/train_228_4.jpg,200,200,3,42
WOOD-AUTH,Category 4 (Oak),oak,1988_4.jpg,data/wood_species/raw/oak/test_1988_4.jpg,train,data/wood_species/splits/train/oak/test_1988_4.jpg,200,200,3,42
WOOD-AUTH,Category 4 (Oak),oak,61_4.jpg,data/wood_species/raw/oak/train_61_4.jpg,train,data/wood_species/splits/train/oak/train_61_4.jpg,200,200,3,42
WOOD-AUTH,Category 4 (Oak),oak,208_4.jpg,data/wood_species/raw/oak/train_208_4.jpg,train,data/wood_species/splits/train/oak/train_208_4.jpg,200,200,3,42
WOOD-AUTH,Category 4 (Oak),oak,126_4.jpg,data/wood_species/raw/oak/train_126_4.jpg,train,data/wood_species/splits/train/oak/train_126_4.jpg,200,200,3,42
WOOD-AUTH,Category 4 (Oak),oak,82_4.jpg,data/wood_species/raw/oak/train_82_4.jpg,train,data/wood_species/splits/train/oak/train_82_4.jpg,200,200,3,42
WOOD-AUTH,Category 4 (Oak),oak,1958_4.jpg,data/wood_species/raw/oak/test_1958_4.jpg,train,data/wood_species/splits/train/oak/test_1958_4.jpg,200,200,3,42
WOOD-AUTH,Category 4 (Oak),oak,60_4.jpg,data/wood_species/raw/oak/train_60_4.jpg,train,data/wood_species/splits/train/oak/train_60_4.jpg,200,200,3,42
WOOD-AUTH,Category 4 (Oak),oak,117_4.jpg,data/wood_species/raw/oak/train_117_4.jpg,train,data/wood_species/splits/train/oak/train_117_4.jpg,200,200,3,42
WOOD-AUTH,Category 4 (Oak),oak,156_4.jpg,data/wood_species/raw/oak/train_156_4.jpg,train,data/wood_species/splits/train/oak/train_156_4.jpg,200,200,3,42
WOOD-AUTH,Category 4 (Oak),oak,98_4.jpg,data/wood_species/raw/oak/train_98_4.jpg,train,data/wood_species/splits/train/oak/train_98_4.jpg,200,200,3,42
WOOD-AUTH,Category 4 (Oak),oak,1970_4.jpg,data/wood_species/raw/oak/test_1970_4.jpg,train,data/wood_species/splits/train/oak/test_1970_4.jpg,200,200,3,42
WOOD-AUTH,Category 4 (Oak),oak,1948_4.jpg,data/wood_species/raw/oak/test_1948_4.jpg,train,data/wood_species/splits/train/oak/test_1948_4.jpg,200,200,3,42
WOOD-AUTH,Category 4 (Oak),oak,205_4.jpg,data/wood_species/raw/oak/train_205_4.jpg,train,data/wood_species/splits/train/oak/train_205_4.jpg,200,200,3,42
WOOD-AUTH,Category 4 (Oak),oak,134_4.jpg,data/wood_species/raw/oak/train_134_4.jpg,train,data/wood_species/splits/train/oak/train_134_4.jpg,200,200,3,42
WOOD-AUTH,Category 4 (Oak),oak,294_4.jpg,data/wood_species/raw/oak/train_294_4.jpg,train,data/wood_species/splits/train/oak/train_294_4.jpg,200,200,3,42
WOOD-AUTH,Category 4 (Oak),oak,79_4.jpg,data/wood_species/raw/oak/train_79_4.jpg,train,data/wood_species/splits/train/oak/train_79_4.jpg,200,200,3,42
WOOD-AUTH,Category 4 (Oak),oak,1975_4.jpg,data/wood_species/raw/oak/test_1975_4.jpg,train,data/wood_species/splits/train/oak/test_1975_4.jpg,200,200,3,42
WOOD-AUTH,Category 4 (Oak),oak,151_4.jpg,data/wood_species/raw/oak/train_151_4.jpg,train,data/wood_species/splits/train/oak/train_151_4.jpg,200,200,3,42
WOOD-AUTH,Category 4 (Oak),oak,288_4.jpg,data/wood_species/raw/oak/train_288_4.jpg,train,data/wood_species/splits/train/oak/train_288_4.jpg,200,200,3,42
WOOD-AUTH,Category 4 (Oak),oak,97_4.jpg,data/wood_species/raw/oak/train_97_4.jpg,train,data/wood_species/splits/train/oak/train_97_4.jpg,200,200,3,42
WOOD-AUTH,Category 4 (Oak),oak,360_4.jpg,data/wood_species/raw/oak/train_360_4.jpg,train,data/wood_species/splits/train/oak/train_360_4.jpg,200,200,3,42
WOOD-AUTH,Category 4 (Oak),oak,1836_4.jpg,data/wood_species/raw/oak/test_1836_4.jpg,train,data/wood_species/splits/train/oak/test_1836_4.jpg,200,200,3,42
WOOD-AUTH,Category 4 (Oak),oak,220_4.jpg,data/wood_species/raw/oak/train_220_4.jpg,train,data/wood_species/splits/train/oak/train_220_4.jpg,200,200,3,42
WOOD-AUTH,Category 4 (Oak),oak,49_4.jpg,data/wood_species/raw/oak/train_49_4.jpg,train,data/wood_species/splits/train/oak/train_49_4.jpg,200,200,3,42
WOOD-AUTH,Category 4 (Oak),oak,1945_4.jpg,data/wood_species/raw/oak/test_1945_4.jpg,train,data/wood_species/splits/train/oak/test_1945_4.jpg,200,200,3,42
WOOD-AUTH,Category 4 (Oak),oak,41_4.jpg,data/wood_species/raw/oak/train_41_4.jpg,train,data/wood_species/splits/train/oak/train_41_4.jpg,200,200,3,42
WOOD-AUTH,Category 4 (Oak),oak,101_4.jpg,data/wood_species/raw/oak/train_101_4.jpg,train,data/wood_species/splits/train/oak/train_101_4.jpg,200,200,3,42
WOOD-AUTH,Category 4 (Oak),oak,160_4.jpg,data/wood_species/raw/oak/train_160_4.jpg,train,data/wood_species/splits/train/oak/train_160_4.jpg,200,200,3,42
WOOD-AUTH,Category 4 (Oak),oak,30_4.jpg,data/wood_species/raw/oak/train_30_4.jpg,train,data/wood_species/splits/train/oak/train_30_4.jpg,200,200,3,42
WOOD-AUTH,Category 4 (Oak),oak,248_4.jpg,data/wood_species/raw/oak/train_248_4.jpg,train,data/wood_species/splits/train/oak/train_248_4.jpg,200,200,3,42
WOOD-AUTH,Category 4 (Oak),oak,1882_4.jpg,data/wood_species/raw/oak/test_1882_4.jpg,train,data/wood_species/splits/train/oak/test_1882_4.jpg,200,200,3,42
WOOD-AUTH,Category 4 (Oak),oak,1838_4.jpg,data/wood_species/raw/oak/test_1838_4.jpg,train,data/wood_species/splits/train/oak/test_1838_4.jpg,200,200,3,42
WOOD-AUTH,Category 4 (Oak),oak,249_4.jpg,data/wood_species/raw/oak/train_249_4.jpg,train,data/wood_species/splits/train/oak/train_249_4.jpg,200,200,3,42
WOOD-AUTH,Category 4 (Oak),oak,139_4.jpg,data/wood_species/raw/oak/train_139_4.jpg,train,data/wood_species/splits/train/oak/train_139_4.jpg,200,200,3,42
WOOD-AUTH,Category 4 (Oak),oak,1931_4.jpg,data/wood_species/raw/oak/test_1931_4.jpg,train,data/wood_species/splits/train/oak/test_1931_4.jpg,200,200,3,42
WOOD-AUTH,Category 4 (Oak),oak,1993_4.jpg,data/wood_species/raw/oak/test_1993_4.jpg,train,data/wood_species/splits/train/oak/test_1993_4.jpg,200,200,3,42
WOOD-AUTH,Category 4 (Oak),oak,187_4.jpg,data/wood_species/raw/oak/train_187_4.jpg,train,data/wood_species/splits/train/oak/train_187_4.jpg,200,200,3,42
WOOD-AUTH,Category 4 (Oak),oak,173_4.jpg,data/wood_species/raw/oak/train_173_4.jpg,train,data/wood_species/splits/train/oak/train_173_4.jpg,200,200,3,42
WOOD-AUTH,Category 4 (Oak),oak,357_4.jpg,data/wood_species/raw/oak/train_357_4.jpg,train,data/wood_species/splits/train/oak/train_357_4.jpg,200,200,3,42
WOOD-AUTH,Category 4 (Oak),oak,15_4.jpg,data/wood_species/raw/oak/train_15_4.jpg,train,data/wood_species/splits/train/oak/train_15_4.jpg,200,200,3,42
WOOD-AUTH,Category 4 (Oak),oak,1855_4.jpg,data/wood_species/raw/oak/test_1855_4.jpg,train,data/wood_species/splits/train/oak/test_1855_4.jpg,200,200,3,42
WOOD-AUTH,Category 4 (Oak),oak,112_4.jpg,data/wood_species/raw/oak/train_112_4.jpg,train,data/wood_species/splits/train/oak/train_112_4.jpg,200,200,3,42
WOOD-AUTH,Category 4 (Oak),oak,291_4.jpg,data/wood_species/raw/oak/train_291_4.jpg,train,data/wood_species/splits/train/oak/train_291_4.jpg,200,200,3,42
WOOD-AUTH,Category 4 (Oak),oak,1894_4.jpg,data/wood_species/raw/oak/test_1894_4.jpg,train,data/wood_species/splits/train/oak/test_1894_4.jpg,200,200,3,42
WOOD-AUTH,Category 4 (Oak),oak,27_4.jpg,data/wood_species/raw/oak/train_27_4.jpg,train,data/wood_species/splits/train/oak/train_27_4.jpg,200,200,3,42
WOOD-AUTH,Category 4 (Oak),oak,355_4.jpg,data/wood_species/raw/oak/train_355_4.jpg,train,data/wood_species/splits/train/oak/train_355_4.jpg,200,200,3,42
WOOD-AUTH,Category 4 (Oak),oak,76_4.jpg,data/wood_species/raw/oak/train_76_4.jpg,train,data/wood_species/splits/train/oak/train_76_4.jpg,200,200,3,42
WOOD-AUTH,Category 4 (Oak),oak,278_4.jpg,data/wood_species/raw/oak/train_278_4.jpg,train,data/wood_species/splits/train/oak/train_278_4.jpg,200,200,3,42
WOOD-AUTH,Category 4 (Oak),oak,63_4.jpg,data/wood_species/raw/oak/train_63_4.jpg,train,data/wood_species/splits/train/oak/train_63_4.jpg,200,200,3,42
WOOD-AUTH,Category 4 (Oak),oak,170_4.jpg,data/wood_species/raw/oak/train_170_4.jpg,train,data/wood_species/splits/train/oak/train_170_4.jpg,200,200,3,42
WOOD-AUTH,Category 4 (Oak),oak,121_4.jpg,data/wood_species/raw/oak/train_121_4.jpg,train,data/wood_species/splits/train/oak/train_121_4.jpg,200,200,3,42
WOOD-AUTH,Category 4 (Oak),oak,347_4.jpg,data/wood_species/raw/oak/train_347_4.jpg,train,data/wood_species/splits/train/oak/train_347_4.jpg,200,200,3,42
WOOD-AUTH,Category 4 (Oak),oak,87_4.jpg,data/wood_species/raw/oak/train_87_4.jpg,train,data/wood_species/splits/train/oak/train_87_4.jpg,200,200,3,42
WOOD-AUTH,Category 4 (Oak),oak,359_4.jpg,data/wood_species/raw/oak/train_359_4.jpg,train,data/wood_species/splits/train/oak/train_359_4.jpg,200,200,3,42
WOOD-AUTH,Category 4 (Oak),oak,1939_4.jpg,data/wood_species/raw/oak/test_1939_4.jpg,train,data/wood_species/splits/train/oak/test_1939_4.jpg,200,200,3,42
WOOD-AUTH,Category 4 (Oak),oak,310_4.jpg,data/wood_species/raw/oak/train_310_4.jpg,train,data/wood_species/splits/train/oak/train_310_4.jpg,200,200,3,42
WOOD-AUTH,Category 4 (Oak),oak,176_4.jpg,data/wood_species/raw/oak/train_176_4.jpg,train,data/wood_species/splits/train/oak/train_176_4.jpg,200,200,3,42
WOOD-AUTH,Category 4 (Oak),oak,1869_4.jpg,data/wood_species/raw/oak/test_1869_4.jpg,train,data/wood_species/splits/train/oak/test_1869_4.jpg,200,200,3,42
WOOD-AUTH,Category 4 (Oak),oak,1974_4.jpg,data/wood_species/raw/oak/test_1974_4.jpg,train,data/wood_species/splits/train/oak/test_1974_4.jpg,200,200,3,42
WOOD-AUTH,Category 4 (Oak),oak,2012_4.jpg,data/wood_species/raw/oak/test_2012_4.jpg,train,data/wood_species/splits/train/oak/test_2012_4.jpg,200,200,3,42
WOOD-AUTH,Category 4 (Oak),oak,43_4.jpg,data/wood_species/raw/oak/train_43_4.jpg,train,data/wood_species/splits/train/oak/train_43_4.jpg,200,200,3,42
WOOD-AUTH,Category 4 (Oak),oak,338_4.jpg,data/wood_species/raw/oak/train_338_4.jpg,train,data/wood_species/splits/train/oak/train_338_4.jpg,200,200,3,42
WOOD-AUTH,Category 4 (Oak),oak,232_4.jpg,data/wood_species/raw/oak/train_232_4.jpg,train,data/wood_species/splits/train/oak/train_232_4.jpg,200,200,3,42
WOOD-AUTH,Category 4 (Oak),oak,1848_4.jpg,data/wood_species/raw/oak/test_1848_4.jpg,train,data/wood_species/splits/train/oak/test_1848_4.jpg,200,200,3,42
WOOD-AUTH,Category 4 (Oak),oak,1826_4.jpg,data/wood_species/raw/oak/test_1826_4.jpg,train,data/wood_species/splits/train/oak/test_1826_4.jpg,200,200,3,42
WOOD-AUTH,Category 4 (Oak),oak,246_4.jpg,data/wood_species/raw/oak/train_246_4.jpg,train,data/wood_species/splits/train/oak/train_246_4.jpg,200,200,3,42
WOOD-AUTH,Category 4 (Oak),oak,95_4.jpg,data/wood_species/raw/oak/train_95_4.jpg,train,data/wood_species/splits/train/oak/train_95_4.jpg,200,200,3,42
WOOD-AUTH,Category 4 (Oak),oak,233_4.jpg,data/wood_species/raw/oak/train_233_4.jpg,train,data/wood_species/splits/train/oak/train_233_4.jpg,200,200,3,42
WOOD-AUTH,Category 4 (Oak),oak,189_4.jpg,data/wood_species/raw/oak/train_189_4.jpg,train,data/wood_species/splits/train/oak/train_189_4.jpg,200,200,3,42
WOOD-AUTH,Category 4 (Oak),oak,362_4.jpg,data/wood_species/raw/oak/train_362_4.jpg,train,data/wood_species/splits/train/oak/train_362_4.jpg,200,200,3,42
WOOD-AUTH,Category 4 (Oak),oak,36_4.jpg,data/wood_species/raw/oak/train_36_4.jpg,train,data/wood_species/splits/train/oak/train_36_4.jpg,200,200,3,42
WOOD-AUTH,Category 4 (Oak),oak,5_4.jpg,data/wood_species/raw/oak/train_5_4.jpg,train,data/wood_species/splits/train/oak/train_5_4.jpg,200,200,3,42
WOOD-AUTH,Category 4 (Oak),oak,1900_4.jpg,data/wood_species/raw/oak/test_1900_4.jpg,train,data/wood_species/splits/train/oak/test_1900_4.jpg,200,200,3,42
WOOD-AUTH,Category 4 (Oak),oak,331_4.jpg,data/wood_species/raw/oak/train_331_4.jpg,train,data/wood_species/splits/train/oak/train_331_4.jpg,200,200,3,42
WOOD-AUTH,Category 4 (Oak),oak,57_4.jpg,data/wood_species/raw/oak/train_57_4.jpg,train,data/wood_species/splits/train/oak/train_57_4.jpg,200,200,3,42
WOOD-AUTH,Category 4 (Oak),oak,29_4.jpg,data/wood_species/raw/oak/train_29_4.jpg,train,data/wood_species/splits/train/oak/train_29_4.jpg,200,200,3,42
WOOD-AUTH,Category 4 (Oak),oak,1893_4.jpg,data/wood_species/raw/oak/test_1893_4.jpg,train,data/wood_species/splits/train/oak/test_1893_4.jpg,200,200,3,42
WOOD-AUTH,Category 4 (Oak),oak,238_4.jpg,data/wood_species/raw/oak/train_238_4.jpg,train,data/wood_species/splits/train/oak/train_238_4.jpg,200,200,3,42
WOOD-AUTH,Category 4 (Oak),oak,1986_4.jpg,data/wood_species/raw/oak/test_1986_4.jpg,train,data/wood_species/splits/train/oak/test_1986_4.jpg,200,200,3,42
WOOD-AUTH,Category 4 (Oak),oak,364_4.jpg,data/wood_species/raw/oak/train_364_4.jpg,train,data/wood_species/splits/train/oak/train_364_4.jpg,200,200,3,42
WOOD-AUTH,Category 4 (Oak),oak,1834_4.jpg,data/wood_species/raw/oak/test_1834_4.jpg,train,data/wood_species/splits/train/oak/test_1834_4.jpg,200,200,3,42
WOOD-AUTH,Category 4 (Oak),oak,245_4.jpg,data/wood_species/raw/oak/train_245_4.jpg,train,data/wood_species/splits/train/oak/train_245_4.jpg,200,200,3,42
WOOD-AUTH,Category 4 (Oak),oak,12_4.jpg,data/wood_species/raw/oak/train_12_4.jpg,train,data/wood_species/splits/train/oak/train_12_4.jpg,200,200,3,42
WOOD-AUTH,Category 4 (Oak),oak,1917_4.jpg,data/wood_species/raw/oak/test_1917_4.jpg,train,data/wood_species/splits/train/oak/test_1917_4.jpg,200,200,3,42
WOOD-AUTH,Category 4 (Oak),oak,230_4.jpg,data/wood_species/raw/oak/train_230_4.jpg,train,data/wood_species/splits/train/oak/train_230_4.jpg,200,200,3,42
WOOD-AUTH,Category 4 (Oak),oak,371_4.jpg,data/wood_species/raw/oak/train_371_4.jpg,train,data/wood_species/splits/train/oak/train_371_4.jpg,200,200,3,42
WOOD-AUTH,Category 4 (Oak),oak,1990_4.jpg,data/wood_species/raw/oak/test_1990_4.jpg,train,data/wood_species/splits/train/oak/test_1990_4.jpg,200,200,3,42
WOOD-AUTH,Category 4 (Oak),oak,197_4.jpg,data/wood_species/raw/oak/train_197_4.jpg,train,data/wood_species/splits/train/oak/train_197_4.jpg,200,200,3,42
WOOD-AUTH,Category 4 (Oak),oak,327_4.jpg,data/wood_species/raw/oak/train_327_4.jpg,train,data/wood_species/splits/train/oak/train_327_4.jpg,200,200,3,42
WOOD-AUTH,Category 4 (Oak),oak,80_4.jpg,data/wood_species/raw/oak/train_80_4.jpg,train,data/wood_species/splits/train/oak/train_80_4.jpg,200,200,3,42
WOOD-AUTH,Category 4 (Oak),oak,1874_4.jpg,data/wood_species/raw/oak/test_1874_4.jpg,train,data/wood_species/splits/train/oak/test_1874_4.jpg,200,200,3,42
WOOD-AUTH,Category 4 (Oak),oak,346_4.jpg,data/wood_species/raw/oak/train_346_4.jpg,train,data/wood_species/splits/train/oak/train_346_4.jpg,200,200,3,42
WOOD-AUTH,Category 4 (Oak),oak,368_4.jpg,data/wood_species/raw/oak/train_368_4.jpg,train,data/wood_species/splits/train/oak/train_368_4.jpg,200,200,3,42
WOOD-AUTH,Category 4 (Oak),oak,211_4.jpg,data/wood_species/raw/oak/train_211_4.jpg,train,data/wood_species/splits/train/oak/train_211_4.jpg,200,200,3,42
WOOD-AUTH,Category 4 (Oak),oak,1860_4.jpg,data/wood_species/raw/oak/test_1860_4.jpg,train,data/wood_species/splits/train/oak/test_1860_4.jpg,200,200,3,42
WOOD-AUTH,Category 4 (Oak),oak,282_4.jpg,data/wood_species/raw/oak/train_282_4.jpg,train,data/wood_species/splits/train/oak/train_282_4.jpg,200,200,3,42
WOOD-AUTH,Category 4 (Oak),oak,1918_4.jpg,data/wood_species/raw/oak/test_1918_4.jpg,validation,data/wood_species/splits/validation/oak/test_1918_4.jpg,200,200,3,42
WOOD-AUTH,Category 4 (Oak),oak,292_4.jpg,data/wood_species/raw/oak/train_292_4.jpg,validation,data/wood_species/splits/validation/oak/train_292_4.jpg,200,200,3,42
WOOD-AUTH,Category 4 (Oak),oak,301_4.jpg,data/wood_species/raw/oak/train_301_4.jpg,validation,data/wood_species/splits/validation/oak/train_301_4.jpg,200,200,3,42
WOOD-AUTH,Category 4 (Oak),oak,1845_4.jpg,data/wood_species/raw/oak/test_1845_4.jpg,validation,data/wood_species/splits/validation/oak/test_1845_4.jpg,200,200,3,42
WOOD-AUTH,Category 4 (Oak),oak,1938_4.jpg,data/wood_species/raw/oak/test_1938_4.jpg,validation,data/wood_species/splits/validation/oak/test_1938_4.jpg,200,200,3,42
WOOD-AUTH,Category 4 (Oak),oak,146_4.jpg,data/wood_species/raw/oak/train_146_4.jpg,validation,data/wood_species/splits/validation/oak/train_146_4.jpg,200,200,3,42
WOOD-AUTH,Category 4 (Oak),oak,389_4.jpg,data/wood_species/raw/oak/train_389_4.jpg,validation,data/wood_species/splits/validation/oak/train_389_4.jpg,200,200,3,42
WOOD-AUTH,Category 4 (Oak),oak,335_4.jpg,data/wood_species/raw/oak/train_335_4.jpg,validation,data/wood_species/splits/validation/oak/train_335_4.jpg,200,200,3,42
WOOD-AUTH,Category 4 (Oak),oak,164_4.jpg,data/wood_species/raw/oak/train_164_4.jpg,validation,data/wood_species/splits/validation/oak/train_164_4.jpg,200,200,3,42
WOOD-AUTH,Category 4 (Oak),oak,129_4.jpg,data/wood_species/raw/oak/train_129_4.jpg,validation,data/wood_species/splits/validation/oak/train_129_4.jpg,200,200,3,42
WOOD-AUTH,Category 4 (Oak),oak,73_4.jpg,data/wood_species/raw/oak/train_73_4.jpg,validation,data/wood_species/splits/validation/oak/train_73_4.jpg,200,200,3,42
WOOD-AUTH,Category 4 (Oak),oak,9_4.jpg,data/wood_species/raw/oak/train_9_4.jpg,validation,data/wood_species/splits/validation/oak/train_9_4.jpg,200,200,3,42
WOOD-AUTH,Category 4 (Oak),oak,1976_4.jpg,data/wood_species/raw/oak/test_1976_4.jpg,validation,data/wood_species/splits/validation/oak/test_1976_4.jpg,200,200,3,42
WOOD-AUTH,Category 4 (Oak),oak,140_4.jpg,data/wood_species/raw/oak/train_140_4.jpg,validation,data/wood_species/splits/validation/oak/train_140_4.jpg,200,200,3,42
WOOD-AUTH,Category 4 (Oak),oak,118_4.jpg,data/wood_species/raw/oak/train_118_4.jpg,validation,data/wood_species/splits/validation/oak/train_118_4.jpg,200,200,3,42
WOOD-AUTH,Category 4 (Oak),oak,35_4.jpg,data/wood_species/raw/oak/train_35_4.jpg,validation,data/wood_species/splits/validation/oak/train_35_4.jpg,200,200,3,42
WOOD-AUTH,Category 4 (Oak),oak,289_4.jpg,data/wood_species/raw/oak/train_289_4.jpg,validation,data/wood_species/splits/validation/oak/train_289_4.jpg,200,200,3,42
WOOD-AUTH,Category 4 (Oak),oak,345_4.jpg,data/wood_species/raw/oak/train_345_4.jpg,validation,data/wood_species/splits/validation/oak/train_345_4.jpg,200,200,3,42
WOOD-AUTH,Category 4 (Oak),oak,256_4.jpg,data/wood_species/raw/oak/train_256_4.jpg,validation,data/wood_species/splits/validation/oak/train_256_4.jpg,200,200,3,42
WOOD-AUTH,Category 4 (Oak),oak,390_4.jpg,data/wood_species/raw/oak/train_390_4.jpg,validation,data/wood_species/splits/validation/oak/train_390_4.jpg,200,200,3,42
WOOD-AUTH,Category 4 (Oak),oak,31_4.jpg,data/wood_species/raw/oak/train_31_4.jpg,validation,data/wood_species/splits/validation/oak/train_31_4.jpg,200,200,3,42
WOOD-AUTH,Category 4 (Oak),oak,1877_4.jpg,data/wood_species/raw/oak/test_1877_4.jpg,validation,data/wood_species/splits/validation/oak/test_1877_4.jpg,200,200,3,42
WOOD-AUTH,Category 4 (Oak),oak,135_4.jpg,data/wood_species/raw/oak/train_135_4.jpg,validation,data/wood_species/splits/validation/oak/train_135_4.jpg,200,200,3,42
WOOD-AUTH,Category 4 (Oak),oak,50_4.jpg,data/wood_species/raw/oak/train_50_4.jpg,validation,data/wood_species/splits/validation/oak/train_50_4.jpg,200,200,3,42
WOOD-AUTH,Category 4 (Oak),oak,377_4.jpg,data/wood_species/raw/oak/train_377_4.jpg,validation,data/wood_species/splits/validation/oak/train_377_4.jpg,200,200,3,42
WOOD-AUTH,Category 4 (Oak),oak,250_4.jpg,data/wood_species/raw/oak/train_250_4.jpg,validation,data/wood_species/splits/validation/oak/train_250_4.jpg,200,200,3,42
WOOD-AUTH,Category 4 (Oak),oak,203_4.jpg,data/wood_species/raw/oak/train_203_4.jpg,validation,data/wood_species/splits/validation/oak/train_203_4.jpg,200,200,3,42
WOOD-AUTH,Category 4 (Oak),oak,1996_4.jpg,data/wood_species/raw/oak/test_1996_4.jpg,validation,data/wood_species/splits/validation/oak/test_1996_4.jpg,200,200,3,42
WOOD-AUTH,Category 4 (Oak),oak,51_4.jpg,data/wood_species/raw/oak/train_51_4.jpg,validation,data/wood_species/splits/validation/oak/train_51_4.jpg,200,200,3,42
WOOD-AUTH,Category 4 (Oak),oak,145_4.jpg,data/wood_species/raw/oak/train_145_4.jpg,validation,data/wood_species/splits/validation/oak/train_145_4.jpg,200,200,3,42
WOOD-AUTH,Category 4 (Oak),oak,74_4.jpg,data/wood_species/raw/oak/train_74_4.jpg,validation,data/wood_species/splits/validation/oak/train_74_4.jpg,200,200,3,42
WOOD-AUTH,Category 4 (Oak),oak,1962_4.jpg,data/wood_species/raw/oak/test_1962_4.jpg,validation,data/wood_species/splits/validation/oak/test_1962_4.jpg,200,200,3,42
WOOD-AUTH,Category 4 (Oak),oak,1861_4.jpg,data/wood_species/raw/oak/test_1861_4.jpg,validation,data/wood_species/splits/validation/oak/test_1861_4.jpg,200,200,3,42
WOOD-AUTH,Category 4 (Oak),oak,343_4.jpg,data/wood_species/raw/oak/train_343_4.jpg,validation,data/wood_species/splits/validation/oak/train_343_4.jpg,200,200,3,42
WOOD-AUTH,Category 4 (Oak),oak,1904_4.jpg,data/wood_species/raw/oak/test_1904_4.jpg,validation,data/wood_species/splits/validation/oak/test_1904_4.jpg,200,200,3,42
WOOD-AUTH,Category 4 (Oak),oak,334_4.jpg,data/wood_species/raw/oak/train_334_4.jpg,validation,data/wood_species/splits/validation/oak/train_334_4.jpg,200,200,3,42
WOOD-AUTH,Category 4 (Oak),oak,336_4.jpg,data/wood_species/raw/oak/train_336_4.jpg,validation,data/wood_species/splits/validation/oak/train_336_4.jpg,200,200,3,42
WOOD-AUTH,Category 4 (Oak),oak,174_4.jpg,data/wood_species/raw/oak/train_174_4.jpg,validation,data/wood_species/splits/validation/oak/train_174_4.jpg,200,200,3,42
WOOD-AUTH,Category 4 (Oak),oak,225_4.jpg,data/wood_species/raw/oak/train_225_4.jpg,validation,data/wood_species/splits/validation/oak/train_225_4.jpg,200,200,3,42
WOOD-AUTH,Category 4 (Oak),oak,163_4.jpg,data/wood_species/raw/oak/train_163_4.jpg,validation,data/wood_species/splits/validation/oak/train_163_4.jpg,200,200,3,42
WOOD-AUTH,Category 4 (Oak),oak,239_4.jpg,data/wood_species/raw/oak/train_239_4.jpg,validation,data/wood_species/splits/validation/oak/train_239_4.jpg,200,200,3,42
WOOD-AUTH,Category 4 (Oak),oak,1980_4.jpg,data/wood_species/raw/oak/test_1980_4.jpg,validation,data/wood_species/splits/validation/oak/test_1980_4.jpg,200,200,3,42
WOOD-AUTH,Category 4 (Oak),oak,167_4.jpg,data/wood_species/raw/oak/train_167_4.jpg,validation,data/wood_species/splits/validation/oak/train_167_4.jpg,200,200,3,42
WOOD-AUTH,Category 4 (Oak),oak,64_4.jpg,data/wood_species/raw/oak/train_64_4.jpg,validation,data/wood_species/splits/validation/oak/train_64_4.jpg,200,200,3,42
WOOD-AUTH,Category 4 (Oak),oak,196_4.jpg,data/wood_species/raw/oak/train_196_4.jpg,validation,data/wood_species/splits/validation/oak/train_196_4.jpg,200,200,3,42
WOOD-AUTH,Category 4 (Oak),oak,1868_4.jpg,data/wood_species/raw/oak/test_1868_4.jpg,validation,data/wood_species/splits/validation/oak/test_1868_4.jpg,200,200,3,42
WOOD-AUTH,Category 4 (Oak),oak,276_4.jpg,data/wood_species/raw/oak/train_276_4.jpg,validation,data/wood_species/splits/validation/oak/train_276_4.jpg,200,200,3,42
WOOD-AUTH,Category 4 (Oak),oak,1852_4.jpg,data/wood_species/raw/oak/test_1852_4.jpg,validation,data/wood_species/splits/validation/oak/test_1852_4.jpg,200,200,3,42
WOOD-AUTH,Category 4 (Oak),oak,1837_4.jpg,data/wood_species/raw/oak/test_1837_4.jpg,validation,data/wood_species/splits/validation/oak/test_1837_4.jpg,200,200,3,42
WOOD-AUTH,Category 4 (Oak),oak,378_4.jpg,data/wood_species/raw/oak/train_378_4.jpg,validation,data/wood_species/splits/validation/oak/train_378_4.jpg,200,200,3,42
WOOD-AUTH,Category 4 (Oak),oak,1843_4.jpg,data/wood_species/raw/oak/test_1843_4.jpg,validation,data/wood_species/splits/validation/oak/test_1843_4.jpg,200,200,3,42
WOOD-AUTH,Category 4 (Oak),oak,188_4.jpg,data/wood_species/raw/oak/train_188_4.jpg,validation,data/wood_species/splits/validation/oak/train_188_4.jpg,200,200,3,42
WOOD-AUTH,Category 4 (Oak),oak,17_4.jpg,data/wood_species/raw/oak/train_17_4.jpg,validation,data/wood_species/splits/validation/oak/train_17_4.jpg,200,200,3,42
WOOD-AUTH,Category 4 (Oak),oak,182_4.jpg,data/wood_species/raw/oak/train_182_4.jpg,validation,data/wood_species/splits/validation/oak/train_182_4.jpg,200,200,3,42
WOOD-AUTH,Category 4 (Oak),oak,1903_4.jpg,data/wood_species/raw/oak/test_1903_4.jpg,validation,data/wood_species/splits/validation/oak/test_1903_4.jpg,200,200,3,42
WOOD-AUTH,Category 4 (Oak),oak,353_4.jpg,data/wood_species/raw/oak/train_353_4.jpg,validation,data/wood_species/splits/validation/oak/train_353_4.jpg,200,200,3,42
WOOD-AUTH,Category 4 (Oak),oak,109_4.jpg,data/wood_species/raw/oak/train_109_4.jpg,validation,data/wood_species/splits/validation/oak/train_109_4.jpg,200,200,3,42
WOOD-AUTH,Category 4 (Oak),oak,207_4.jpg,data/wood_species/raw/oak/train_207_4.jpg,validation,data/wood_species/splits/validation/oak/train_207_4.jpg,200,200,3,42
WOOD-AUTH,Category 4 (Oak),oak,1955_4.jpg,data/wood_species/raw/oak/test_1955_4.jpg,validation,data/wood_species/splits/validation/oak/test_1955_4.jpg,200,200,3,42
WOOD-AUTH,Category 4 (Oak),oak,300_4.jpg,data/wood_species/raw/oak/train_300_4.jpg,validation,data/wood_species/splits/validation/oak/train_300_4.jpg,200,200,3,42
WOOD-AUTH,Category 4 (Oak),oak,264_4.jpg,data/wood_species/raw/oak/train_264_4.jpg,validation,data/wood_species/splits/validation/oak/train_264_4.jpg,200,200,3,42
WOOD-AUTH,Category 4 (Oak),oak,262_4.jpg,data/wood_species/raw/oak/train_262_4.jpg,validation,data/wood_species/splits/validation/oak/train_262_4.jpg,200,200,3,42
WOOD-AUTH,Category 4 (Oak),oak,1833_4.jpg,data/wood_species/raw/oak/test_1833_4.jpg,validation,data/wood_species/splits/validation/oak/test_1833_4.jpg,200,200,3,42
WOOD-AUTH,Category 4 (Oak),oak,1896_4.jpg,data/wood_species/raw/oak/test_1896_4.jpg,validation,data/wood_species/splits/validation/oak/test_1896_4.jpg,200,200,3,42
WOOD-AUTH,Category 4 (Oak),oak,365_4.jpg,data/wood_species/raw/oak/train_365_4.jpg,validation,data/wood_species/splits/validation/oak/train_365_4.jpg,200,200,3,42
WOOD-AUTH,Category 4 (Oak),oak,214_4.jpg,data/wood_species/raw/oak/train_214_4.jpg,validation,data/wood_species/splits/validation/oak/train_214_4.jpg,200,200,3,42
WOOD-AUTH,Category 4 (Oak),oak,1887_4.jpg,data/wood_species/raw/oak/test_1887_4.jpg,validation,data/wood_species/splits/validation/oak/test_1887_4.jpg,200,200,3,42
WOOD-AUTH,Category 4 (Oak),oak,1895_4.jpg,data/wood_species/raw/oak/test_1895_4.jpg,validation,data/wood_species/splits/validation/oak/test_1895_4.jpg,200,200,3,42
WOOD-AUTH,Category 4 (Oak),oak,184_4.jpg,data/wood_species/raw/oak/train_184_4.jpg,validation,data/wood_species/splits/validation/oak/train_184_4.jpg,200,200,3,42
WOOD-AUTH,Category 4 (Oak),oak,393_4.jpg,data/wood_species/raw/oak/train_393_4.jpg,validation,data/wood_species/splits/validation/oak/train_393_4.jpg,200,200,3,42
WOOD-AUTH,Category 4 (Oak),oak,1828_4.jpg,data/wood_species/raw/oak/test_1828_4.jpg,validation,data/wood_species/splits/validation/oak/test_1828_4.jpg,200,200,3,42
WOOD-AUTH,Category 4 (Oak),oak,316_4.jpg,data/wood_species/raw/oak/train_316_4.jpg,validation,data/wood_species/splits/validation/oak/train_316_4.jpg,200,200,3,42
WOOD-AUTH,Category 4 (Oak),oak,349_4.jpg,data/wood_species/raw/oak/train_349_4.jpg,validation,data/wood_species/splits/validation/oak/train_349_4.jpg,200,200,3,42
WOOD-AUTH,Category 4 (Oak),oak,1969_4.jpg,data/wood_species/raw/oak/test_1969_4.jpg,validation,data/wood_species/splits/validation/oak/test_1969_4.jpg,200,200,3,42
WOOD-AUTH,Category 4 (Oak),oak,202_4.jpg,data/wood_species/raw/oak/train_202_4.jpg,validation,data/wood_species/splits/validation/oak/train_202_4.jpg,200,200,3,42
WOOD-AUTH,Category 4 (Oak),oak,65_4.jpg,data/wood_species/raw/oak/train_65_4.jpg,validation,data/wood_species/splits/validation/oak/train_65_4.jpg,200,200,3,42
WOOD-AUTH,Category 4 (Oak),oak,32_4.jpg,data/wood_species/raw/oak/train_32_4.jpg,validation,data/wood_species/splits/validation/oak/train_32_4.jpg,200,200,3,42
WOOD-AUTH,Category 4 (Oak),oak,2007_4.jpg,data/wood_species/raw/oak/test_2007_4.jpg,validation,data/wood_species/splits/validation/oak/test_2007_4.jpg,200,200,3,42
WOOD-AUTH,Category 4 (Oak),oak,271_4.jpg,data/wood_species/raw/oak/train_271_4.jpg,validation,data/wood_species/splits/validation/oak/train_271_4.jpg,200,200,3,42
WOOD-AUTH,Category 4 (Oak),oak,162_4.jpg,data/wood_species/raw/oak/train_162_4.jpg,validation,data/wood_species/splits/validation/oak/train_162_4.jpg,200,200,3,42
WOOD-AUTH,Category 4 (Oak),oak,1979_4.jpg,data/wood_species/raw/oak/test_1979_4.jpg,validation,data/wood_species/splits/validation/oak/test_1979_4.jpg,200,200,3,42
WOOD-AUTH,Category 4 (Oak),oak,396_4.jpg,data/wood_species/raw/oak/train_396_4.jpg,validation,data/wood_species/splits/validation/oak/train_396_4.jpg,200,200,3,42
WOOD-AUTH,Category 4 (Oak),oak,99_4.jpg,data/wood_species/raw/oak/train_99_4.jpg,validation,data/wood_species/splits/validation/oak/train_99_4.jpg,200,200,3,42
WOOD-AUTH,Category 4 (Oak),oak,11_4.jpg,data/wood_species/raw/oak/train_11_4.jpg,validation,data/wood_species/splits/validation/oak/train_11_4.jpg,200,200,3,42
WOOD-AUTH,Category 4 (Oak),oak,105_4.jpg,data/wood_species/raw/oak/train_105_4.jpg,validation,data/wood_species/splits/validation/oak/train_105_4.jpg,200,200,3,42
WOOD-AUTH,Category 4 (Oak),oak,241_4.jpg,data/wood_species/raw/oak/train_241_4.jpg,validation,data/wood_species/splits/validation/oak/train_241_4.jpg,200,200,3,42
WOOD-AUTH,Category 4 (Oak),oak,155_4.jpg,data/wood_species/raw/oak/train_155_4.jpg,validation,data/wood_species/splits/validation/oak/train_155_4.jpg,200,200,3,42
WOOD-AUTH,Category 4 (Oak),oak,96_4.jpg,data/wood_species/raw/oak/train_96_4.jpg,validation,data/wood_species/splits/validation/oak/train_96_4.jpg,200,200,3,42
WOOD-AUTH,Category 4 (Oak),oak,318_4.jpg,data/wood_species/raw/oak/train_318_4.jpg,validation,data/wood_species/splits/validation/oak/train_318_4.jpg,200,200,3,42
WOOD-AUTH,Category 4 (Oak),oak,1965_4.jpg,data/wood_species/raw/oak/test_1965_4.jpg,validation,data/wood_species/splits/validation/oak/test_1965_4.jpg,200,200,3,42
WOOD-AUTH,Category 4 (Oak),oak,10_4.jpg,data/wood_species/raw/oak/train_10_4.jpg,test,data/wood_species/splits/test/oak/train_10_4.jpg,200,200,3,42
WOOD-AUTH,Category 4 (Oak),oak,361_4.jpg,data/wood_species/raw/oak/train_361_4.jpg,test,data/wood_species/splits/test/oak/train_361_4.jpg,200,200,3,42
WOOD-AUTH,Category 4 (Oak),oak,330_4.jpg,data/wood_species/raw/oak/train_330_4.jpg,test,data/wood_species/splits/test/oak/train_330_4.jpg,200,200,3,42
WOOD-AUTH,Category 4 (Oak),oak,380_4.jpg,data/wood_species/raw/oak/train_380_4.jpg,test,data/wood_species/splits/test/oak/train_380_4.jpg,200,200,3,42
WOOD-AUTH,Category 4 (Oak),oak,2013_4.jpg,data/wood_species/raw/oak/test_2013_4.jpg,test,data/wood_species/splits/test/oak/test_2013_4.jpg,200,200,3,42
WOOD-AUTH,Category 4 (Oak),oak,1908_4.jpg,data/wood_species/raw/oak/test_1908_4.jpg,test,data/wood_species/splits/test/oak/test_1908_4.jpg,200,200,3,42
WOOD-AUTH,Category 4 (Oak),oak,2006_4.jpg,data/wood_species/raw/oak/test_2006_4.jpg,test,data/wood_species/splits/test/oak/test_2006_4.jpg,200,200,3,42
WOOD-AUTH,Category 4 (Oak),oak,1963_4.jpg,data/wood_species/raw/oak/test_1963_4.jpg,test,data/wood_species/splits/test/oak/test_1963_4.jpg,200,200,3,42
WOOD-AUTH,Category 4 (Oak),oak,7_4.jpg,data/wood_species/raw/oak/train_7_4.jpg,test,data/wood_species/splits/test/oak/train_7_4.jpg,200,200,3,42
WOOD-AUTH,Category 4 (Oak),oak,1844_4.jpg,data/wood_species/raw/oak/test_1844_4.jpg,test,data/wood_species/splits/test/oak/test_1844_4.jpg,200,200,3,42
WOOD-AUTH,Category 4 (Oak),oak,1892_4.jpg,data/wood_species/raw/oak/test_1892_4.jpg,test,data/wood_species/splits/test/oak/test_1892_4.jpg,200,200,3,42
WOOD-AUTH,Category 4 (Oak),oak,131_4.jpg,data/wood_species/raw/oak/train_131_4.jpg,test,data/wood_species/splits/test/oak/train_131_4.jpg,200,200,3,42
WOOD-AUTH,Category 4 (Oak),oak,1863_4.jpg,data/wood_species/raw/oak/test_1863_4.jpg,test,data/wood_species/splits/test/oak/test_1863_4.jpg,200,200,3,42
WOOD-AUTH,Category 4 (Oak),oak,1914_4.jpg,data/wood_species/raw/oak/test_1914_4.jpg,test,data/wood_species/splits/test/oak/test_1914_4.jpg,200,200,3,42
WOOD-AUTH,Category 4 (Oak),oak,1956_4.jpg,data/wood_species/raw/oak/test_1956_4.jpg,test,data/wood_species/splits/test/oak/test_1956_4.jpg,200,200,3,42
WOOD-AUTH,Category 4 (Oak),oak,142_4.jpg,data/wood_species/raw/oak/train_142_4.jpg,test,data/wood_species/splits/test/oak/train_142_4.jpg,200,200,3,42
WOOD-AUTH,Category 4 (Oak),oak,376_4.jpg,data/wood_species/raw/oak/train_376_4.jpg,test,data/wood_species/splits/test/oak/train_376_4.jpg,200,200,3,42
WOOD-AUTH,Category 4 (Oak),oak,1936_4.jpg,data/wood_species/raw/oak/test_1936_4.jpg,test,data/wood_species/splits/test/oak/test_1936_4.jpg,200,200,3,42
WOOD-AUTH,Category 4 (Oak),oak,199_4.jpg,data/wood_species/raw/oak/train_199_4.jpg,test,data/wood_species/splits/test/oak/train_199_4.jpg,200,200,3,42
WOOD-AUTH,Category 4 (Oak),oak,75_4.jpg,data/wood_species/raw/oak/train_75_4.jpg,test,data/wood_species/splits/test/oak/train_75_4.jpg,200,200,3,42
WOOD-AUTH,Category 4 (Oak),oak,1911_4.jpg,data/wood_species/raw/oak/test_1911_4.jpg,test,data/wood_species/splits/test/oak/test_1911_4.jpg,200,200,3,42
WOOD-AUTH,Category 4 (Oak),oak,1881_4.jpg,data/wood_species/raw/oak/test_1881_4.jpg,test,data/wood_species/splits/test/oak/test_1881_4.jpg,200,200,3,42
WOOD-AUTH,Category 4 (Oak),oak,297_4.jpg,data/wood_species/raw/oak/train_297_4.jpg,test,data/wood_species/splits/test/oak/train_297_4.jpg,200,200,3,42
WOOD-AUTH,Category 4 (Oak),oak,44_4.jpg,data/wood_species/raw/oak/train_44_4.jpg,test,data/wood_species/splits/test/oak/train_44_4.jpg,200,200,3,42
WOOD-AUTH,Category 4 (Oak),oak,1924_4.jpg,data/wood_species/raw/oak/test_1924_4.jpg,test,data/wood_species/splits/test/oak/test_1924_4.jpg,200,200,3,42
WOOD-AUTH,Category 4 (Oak),oak,399_4.jpg,data/wood_species/raw/oak/train_399_4.jpg,test,data/wood_species/splits/test/oak/train_399_4.jpg,200,200,3,42
WOOD-AUTH,Category 4 (Oak),oak,394_4.jpg,data/wood_species/raw/oak/train_394_4.jpg,test,data/wood_species/splits/test/oak/train_394_4.jpg,200,200,3,42
WOOD-AUTH,Category 4 (Oak),oak,85_4.jpg,data/wood_species/raw/oak/train_85_4.jpg,test,data/wood_species/splits/test/oak/train_85_4.jpg,200,200,3,42
WOOD-AUTH,Category 4 (Oak),oak,2_4.jpg,data/wood_species/raw/oak/train_2_4.jpg,test,data/wood_species/splits/test/oak/train_2_4.jpg,200,200,3,42
WOOD-AUTH,Category 4 (Oak),oak,351_4.jpg,data/wood_species/raw/oak/train_351_4.jpg,test,data/wood_species/splits/test/oak/train_351_4.jpg,200,200,3,42
WOOD-AUTH,Category 4 (Oak),oak,290_4.jpg,data/wood_species/raw/oak/train_290_4.jpg,test,data/wood_species/splits/test/oak/train_290_4.jpg,200,200,3,42
WOOD-AUTH,Category 4 (Oak),oak,354_4.jpg,data/wood_species/raw/oak/train_354_4.jpg,test,data/wood_species/splits/test/oak/train_354_4.jpg,200,200,3,42
WOOD-AUTH,Category 4 (Oak),oak,58_4.jpg,data/wood_species/raw/oak/train_58_4.jpg,test,data/wood_species/splits/test/oak/train_58_4.jpg,200,200,3,42
WOOD-AUTH,Category 4 (Oak),oak,215_4.jpg,data/wood_species/raw/oak/train_215_4.jpg,test,data/wood_species/splits/test/oak/train_215_4.jpg,200,200,3,42
WOOD-AUTH,Category 4 (Oak),oak,177_4.jpg,data/wood_species/raw/oak/train_177_4.jpg,test,data/wood_species/splits/test/oak/train_177_4.jpg,200,200,3,42
WOOD-AUTH,Category 4 (Oak),oak,1991_4.jpg,data/wood_species/raw/oak/test_1991_4.jpg,test,data/wood_species/splits/test/oak/test_1991_4.jpg,200,200,3,42
WOOD-AUTH,Category 4 (Oak),oak,13_4.jpg,data/wood_species/raw/oak/train_13_4.jpg,test,data/wood_species/splits/test/oak/train_13_4.jpg,200,200,3,42
WOOD-AUTH,Category 4 (Oak),oak,124_4.jpg,data/wood_species/raw/oak/train_124_4.jpg,test,data/wood_species/splits/test/oak/train_124_4.jpg,200,200,3,42
WOOD-AUTH,Category 4 (Oak),oak,1983_4.jpg,data/wood_species/raw/oak/test_1983_4.jpg,test,data/wood_species/splits/test/oak/test_1983_4.jpg,200,200,3,42
WOOD-AUTH,Category 4 (Oak),oak,52_4.jpg,data/wood_species/raw/oak/train_52_4.jpg,test,data/wood_species/splits/test/oak/train_52_4.jpg,200,200,3,42
WOOD-AUTH,Category 4 (Oak),oak,40_4.jpg,data/wood_species/raw/oak/train_40_4.jpg,test,data/wood_species/splits/test/oak/train_40_4.jpg,200,200,3,42
WOOD-AUTH,Category 4 (Oak),oak,127_4.jpg,data/wood_species/raw/oak/train_127_4.jpg,test,data/wood_species/splits/test/oak/train_127_4.jpg,200,200,3,42
WOOD-AUTH,Category 4 (Oak),oak,1953_4.jpg,data/wood_species/raw/oak/test_1953_4.jpg,test,data/wood_species/splits/test/oak/test_1953_4.jpg,200,200,3,42
WOOD-AUTH,Category 4 (Oak),oak,2001_4.jpg,data/wood_species/raw/oak/test_2001_4.jpg,test,data/wood_species/splits/test/oak/test_2001_4.jpg,200,200,3,42
WOOD-AUTH,Category 4 (Oak),oak,1971_4.jpg,data/wood_species/raw/oak/test_1971_4.jpg,test,data/wood_species/splits/test/oak/test_1971_4.jpg,200,200,3,42
WOOD-AUTH,Category 4 (Oak),oak,1876_4.jpg,data/wood_species/raw/oak/test_1876_4.jpg,test,data/wood_species/splits/test/oak/test_1876_4.jpg,200,200,3,42
WOOD-AUTH,Category 4 (Oak),oak,192_4.jpg,data/wood_species/raw/oak/train_192_4.jpg,test,data/wood_species/splits/test/oak/train_192_4.jpg,200,200,3,42
WOOD-AUTH,Category 4 (Oak),oak,1960_4.jpg,data/wood_species/raw/oak/test_1960_4.jpg,test,data/wood_species/splits/test/oak/test_1960_4.jpg,200,200,3,42
WOOD-AUTH,Category 4 (Oak),oak,1824_4.jpg,data/wood_species/raw/oak/test_1824_4.jpg,test,data/wood_species/splits/test/oak/test_1824_4.jpg,200,200,3,42
WOOD-AUTH,Category 4 (Oak),oak,309_4.jpg,data/wood_species/raw/oak/train_309_4.jpg,test,data/wood_species/splits/test/oak/train_309_4.jpg,200,200,3,42
WOOD-AUTH,Category 4 (Oak),oak,1821_4.jpg,data/wood_species/raw/oak/test_1821_4.jpg,test,data/wood_species/splits/test/oak/test_1821_4.jpg,200,200,3,42
WOOD-AUTH,Category 4 (Oak),oak,77_4.jpg,data/wood_species/raw/oak/train_77_4.jpg,test,data/wood_species/splits/test/oak/train_77_4.jpg,200,200,3,42
WOOD-AUTH,Category 4 (Oak),oak,1890_4.jpg,data/wood_species/raw/oak/test_1890_4.jpg,test,data/wood_species/splits/test/oak/test_1890_4.jpg,200,200,3,42
WOOD-AUTH,Category 4 (Oak),oak,66_4.jpg,data/wood_species/raw/oak/train_66_4.jpg,test,data/wood_species/splits/test/oak/train_66_4.jpg,200,200,3,42
WOOD-AUTH,Category 4 (Oak),oak,1934_4.jpg,data/wood_species/raw/oak/test_1934_4.jpg,test,data/wood_species/splits/test/oak/test_1934_4.jpg,200,200,3,42
WOOD-AUTH,Category 4 (Oak),oak,1823_4.jpg,data/wood_species/raw/oak/test_1823_4.jpg,test,data/wood_species/splits/test/oak/test_1823_4.jpg,200,200,3,42
WOOD-AUTH,Category 4 (Oak),oak,19_4.jpg,data/wood_species/raw/oak/train_19_4.jpg,test,data/wood_species/splits/test/oak/train_19_4.jpg,200,200,3,42
WOOD-AUTH,Category 4 (Oak),oak,1950_4.jpg,data/wood_species/raw/oak/test_1950_4.jpg,test,data/wood_species/splits/test/oak/test_1950_4.jpg,200,200,3,42
WOOD-AUTH,Category 4 (Oak),oak,90_4.jpg,data/wood_species/raw/oak/train_90_4.jpg,test,data/wood_species/splits/test/oak/train_90_4.jpg,200,200,3,42
WOOD-AUTH,Category 4 (Oak),oak,1901_4.jpg,data/wood_species/raw/oak/test_1901_4.jpg,test,data/wood_species/splits/test/oak/test_1901_4.jpg,200,200,3,42
WOOD-AUTH,Category 4 (Oak),oak,326_4.jpg,data/wood_species/raw/oak/train_326_4.jpg,test,data/wood_species/splits/test/oak/train_326_4.jpg,200,200,3,42
WOOD-AUTH,Category 4 (Oak),oak,216_4.jpg,data/wood_species/raw/oak/train_216_4.jpg,test,data/wood_species/splits/test/oak/train_216_4.jpg,200,200,3,42
WOOD-AUTH,Category 4 (Oak),oak,1862_4.jpg,data/wood_species/raw/oak/test_1862_4.jpg,test,data/wood_species/splits/test/oak/test_1862_4.jpg,200,200,3,42
WOOD-AUTH,Category 4 (Oak),oak,258_4.jpg,data/wood_species/raw/oak/train_258_4.jpg,test,data/wood_species/splits/test/oak/train_258_4.jpg,200,200,3,42
WOOD-AUTH,Category 4 (Oak),oak,26_4.jpg,data/wood_species/raw/oak/train_26_4.jpg,test,data/wood_species/splits/test/oak/train_26_4.jpg,200,200,3,42
WOOD-AUTH,Category 4 (Oak),oak,1912_4.jpg,data/wood_species/raw/oak/test_1912_4.jpg,test,data/wood_species/splits/test/oak/test_1912_4.jpg,200,200,3,42
WOOD-AUTH,Category 4 (Oak),oak,116_4.jpg,data/wood_species/raw/oak/train_116_4.jpg,test,data/wood_species/splits/test/oak/train_116_4.jpg,200,200,3,42
WOOD-AUTH,Category 4 (Oak),oak,243_4.jpg,data/wood_species/raw/oak/train_243_4.jpg,test,data/wood_species/splits/test/oak/train_243_4.jpg,200,200,3,42
WOOD-AUTH,Category 4 (Oak),oak,1915_4.jpg,data/wood_species/raw/oak/test_1915_4.jpg,test,data/wood_species/splits/test/oak/test_1915_4.jpg,200,200,3,42
WOOD-AUTH,Category 4 (Oak),oak,304_4.jpg,data/wood_species/raw/oak/train_304_4.jpg,test,data/wood_species/splits/test/oak/train_304_4.jpg,200,200,3,42
WOOD-AUTH,Category 4 (Oak),oak,339_4.jpg,data/wood_species/raw/oak/train_339_4.jpg,test,data/wood_species/splits/test/oak/train_339_4.jpg,200,200,3,42
WOOD-AUTH,Category 4 (Oak),oak,18_4.jpg,data/wood_species/raw/oak/train_18_4.jpg,test,data/wood_species/splits/test/oak/train_18_4.jpg,200,200,3,42
WOOD-AUTH,Category 4 (Oak),oak,1940_4.jpg,data/wood_species/raw/oak/test_1940_4.jpg,test,data/wood_species/splits/test/oak/test_1940_4.jpg,200,200,3,42
WOOD-AUTH,Category 4 (Oak),oak,367_4.jpg,data/wood_species/raw/oak/train_367_4.jpg,test,data/wood_species/splits/test/oak/train_367_4.jpg,200,200,3,42
WOOD-AUTH,Category 4 (Oak),oak,1858_4.jpg,data/wood_species/raw/oak/test_1858_4.jpg,test,data/wood_species/splits/test/oak/test_1858_4.jpg,200,200,3,42
WOOD-AUTH,Category 4 (Oak),oak,217_4.jpg,data/wood_species/raw/oak/train_217_4.jpg,test,data/wood_species/splits/test/oak/train_217_4.jpg,200,200,3,42
WOOD-AUTH,Category 4 (Oak),oak,240_4.jpg,data/wood_species/raw/oak/train_240_4.jpg,test,data/wood_species/splits/test/oak/train_240_4.jpg,200,200,3,42
WOOD-AUTH,Category 4 (Oak),oak,1865_4.jpg,data/wood_species/raw/oak/test_1865_4.jpg,test,data/wood_species/splits/test/oak/test_1865_4.jpg,200,200,3,42
WOOD-AUTH,Category 4 (Oak),oak,1984_4.jpg,data/wood_species/raw/oak/test_1984_4.jpg,test,data/wood_species/splits/test/oak/test_1984_4.jpg,200,200,3,42
WOOD-AUTH,Category 4 (Oak),oak,306_4.jpg,data/wood_species/raw/oak/train_306_4.jpg,test,data/wood_species/splits/test/oak/train_306_4.jpg,200,200,3,42
WOOD-AUTH,Category 4 (Oak),oak,295_4.jpg,data/wood_species/raw/oak/train_295_4.jpg,test,data/wood_species/splits/test/oak/train_295_4.jpg,200,200,3,42
WOOD-AUTH,Category 4 (Oak),oak,125_4.jpg,data/wood_species/raw/oak/train_125_4.jpg,test,data/wood_species/splits/test/oak/train_125_4.jpg,200,200,3,42
WOOD-AUTH,Category 4 (Oak),oak,56_4.jpg,data/wood_species/raw/oak/train_56_4.jpg,test,data/wood_species/splits/test/oak/train_56_4.jpg,200,200,3,42
WOOD-AUTH,Category 4 (Oak),oak,1966_4.jpg,data/wood_species/raw/oak/test_1966_4.jpg,test,data/wood_species/splits/test/oak/test_1966_4.jpg,200,200,3,42
WOOD-AUTH,Category 4 (Oak),oak,16_4.jpg,data/wood_species/raw/oak/train_16_4.jpg,test,data/wood_species/splits/test/oak/train_16_4.jpg,200,200,3,42
WOOD-AUTH,Category 4 (Oak),oak,143_4.jpg,data/wood_species/raw/oak/train_143_4.jpg,test,data/wood_species/splits/test/oak/train_143_4.jpg,200,200,3,42
WOOD-AUTH,Category 4 (Oak),oak,1982_4.jpg,data/wood_species/raw/oak/test_1982_4.jpg,test,data/wood_species/splits/test/oak/test_1982_4.jpg,200,200,3,42
WOOD-AUTH,Category 4 (Oak),oak,1885_4.jpg,data/wood_species/raw/oak/test_1885_4.jpg,test,data/wood_species/splits/test/oak/test_1885_4.jpg,200,200,3,42
WOOD-AUTH,Category 4 (Oak),oak,265_4.jpg,data/wood_species/raw/oak/train_265_4.jpg,test,data/wood_species/splits/test/oak/train_265_4.jpg,200,200,3,42
WOOD-AUTH,Category 4 (Oak),oak,2009_4.jpg,data/wood_species/raw/oak/test_2009_4.jpg,test,data/wood_species/splits/test/oak/test_2009_4.jpg,200,200,3,42
WOOD-AUTH,Category 8 (Pine),pine,130_8.jpg,data/wood_species/raw/pine/train_130_8.jpg,train,data/wood_species/splits/train/pine/train_130_8.jpg,200,200,3,42
WOOD-AUTH,Category 8 (Pine),pine,124_8.jpg,data/wood_species/raw/pine/train_124_8.jpg,train,data/wood_species/splits/train/pine/train_124_8.jpg,200,200,3,42
WOOD-AUTH,Category 8 (Pine),pine,2726_8.jpg,data/wood_species/raw/pine/test_2726_8.jpg,train,data/wood_species/splits/train/pine/test_2726_8.jpg,200,200,3,42
WOOD-AUTH,Category 8 (Pine),pine,172_8.jpg,data/wood_species/raw/pine/train_172_8.jpg,train,data/wood_species/splits/train/pine/train_172_8.jpg,200,200,3,42
WOOD-AUTH,Category 8 (Pine),pine,59_8.jpg,data/wood_species/raw/pine/train_59_8.jpg,train,data/wood_species/splits/train/pine/train_59_8.jpg,200,200,3,42
WOOD-AUTH,Category 8 (Pine),pine,194_8.jpg,data/wood_species/raw/pine/train_194_8.jpg,train,data/wood_species/splits/train/pine/train_194_8.jpg,200,200,3,42
WOOD-AUTH,Category 8 (Pine),pine,67_8.jpg,data/wood_species/raw/pine/train_67_8.jpg,train,data/wood_species/splits/train/pine/train_67_8.jpg,200,200,3,42
WOOD-AUTH,Category 8 (Pine),pine,2633_8.jpg,data/wood_species/raw/pine/test_2633_8.jpg,train,data/wood_species/splits/train/pine/test_2633_8.jpg,200,200,3,42
WOOD-AUTH,Category 8 (Pine),pine,206_8.jpg,data/wood_species/raw/pine/train_206_8.jpg,train,data/wood_species/splits/train/pine/train_206_8.jpg,200,200,3,42
WOOD-AUTH,Category 8 (Pine),pine,34_8.jpg,data/wood_species/raw/pine/train_34_8.jpg,train,data/wood_species/splits/train/pine/train_34_8.jpg,200,200,3,42
WOOD-AUTH,Category 8 (Pine),pine,132_8.jpg,data/wood_species/raw/pine/train_132_8.jpg,train,data/wood_species/splits/train/pine/train_132_8.jpg,200,200,3,42
WOOD-AUTH,Category 8 (Pine),pine,24_8.jpg,data/wood_species/raw/pine/train_24_8.jpg,train,data/wood_species/splits/train/pine/train_24_8.jpg,200,200,3,42
WOOD-AUTH,Category 8 (Pine),pine,64_8.jpg,data/wood_species/raw/pine/train_64_8.jpg,train,data/wood_species/splits/train/pine/train_64_8.jpg,200,200,3,42
WOOD-AUTH,Category 8 (Pine),pine,2690_8.jpg,data/wood_species/raw/pine/test_2690_8.jpg,train,data/wood_species/splits/train/pine/test_2690_8.jpg,200,200,3,42
WOOD-AUTH,Category 8 (Pine),pine,2724_8.jpg,data/wood_species/raw/pine/test_2724_8.jpg,train,data/wood_species/splits/train/pine/test_2724_8.jpg,200,200,3,42
WOOD-AUTH,Category 8 (Pine),pine,49_8.jpg,data/wood_species/raw/pine/train_49_8.jpg,train,data/wood_species/splits/train/pine/train_49_8.jpg,200,200,3,42
WOOD-AUTH,Category 8 (Pine),pine,2624_8.jpg,data/wood_species/raw/pine/test_2624_8.jpg,train,data/wood_species/splits/train/pine/test_2624_8.jpg,200,200,3,42
WOOD-AUTH,Category 8 (Pine),pine,143_8.jpg,data/wood_species/raw/pine/train_143_8.jpg,train,data/wood_species/splits/train/pine/train_143_8.jpg,200,200,3,42
WOOD-AUTH,Category 8 (Pine),pine,137_8.jpg,data/wood_species/raw/pine/train_137_8.jpg,train,data/wood_species/splits/train/pine/train_137_8.jpg,200,200,3,42
WOOD-AUTH,Category 8 (Pine),pine,146_8.jpg,data/wood_species/raw/pine/train_146_8.jpg,train,data/wood_species/splits/train/pine/train_146_8.jpg,200,200,3,42
WOOD-AUTH,Category 8 (Pine),pine,218_8.jpg,data/wood_species/raw/pine/train_218_8.jpg,train,data/wood_species/splits/train/pine/train_218_8.jpg,200,200,3,42
WOOD-AUTH,Category 8 (Pine),pine,2670_8.jpg,data/wood_species/raw/pine/test_2670_8.jpg,train,data/wood_species/splits/train/pine/test_2670_8.jpg,200,200,3,42
WOOD-AUTH,Category 8 (Pine),pine,120_8.jpg,data/wood_species/raw/pine/train_120_8.jpg,train,data/wood_species/splits/train/pine/train_120_8.jpg,200,200,3,42
WOOD-AUTH,Category 8 (Pine),pine,198_8.jpg,data/wood_species/raw/pine/train_198_8.jpg,train,data/wood_species/splits/train/pine/train_198_8.jpg,200,200,3,42
WOOD-AUTH,Category 8 (Pine),pine,122_8.jpg,data/wood_species/raw/pine/train_122_8.jpg,train,data/wood_species/splits/train/pine/train_122_8.jpg,200,200,3,42
WOOD-AUTH,Category 8 (Pine),pine,94_8.jpg,data/wood_species/raw/pine/train_94_8.jpg,train,data/wood_species/splits/train/pine/train_94_8.jpg,200,200,3,42
WOOD-AUTH,Category 8 (Pine),pine,156_8.jpg,data/wood_species/raw/pine/train_156_8.jpg,train,data/wood_species/splits/train/pine/train_156_8.jpg,200,200,3,42
WOOD-AUTH,Category 8 (Pine),pine,50_8.jpg,data/wood_species/raw/pine/train_50_8.jpg,train,data/wood_species/splits/train/pine/train_50_8.jpg,200,200,3,42
WOOD-AUTH,Category 8 (Pine),pine,53_8.jpg,data/wood_species/raw/pine/train_53_8.jpg,train,data/wood_species/splits/train/pine/train_53_8.jpg,200,200,3,42
WOOD-AUTH,Category 8 (Pine),pine,208_8.jpg,data/wood_species/raw/pine/train_208_8.jpg,train,data/wood_species/splits/train/pine/train_208_8.jpg,200,200,3,42
WOOD-AUTH,Category 8 (Pine),pine,191_8.jpg,data/wood_species/raw/pine/train_191_8.jpg,train,data/wood_species/splits/train/pine/train_191_8.jpg,200,200,3,42
WOOD-AUTH,Category 8 (Pine),pine,2722_8.jpg,data/wood_species/raw/pine/test_2722_8.jpg,train,data/wood_species/splits/train/pine/test_2722_8.jpg,200,200,3,42
WOOD-AUTH,Category 8 (Pine),pine,58_8.jpg,data/wood_species/raw/pine/train_58_8.jpg,train,data/wood_species/splits/train/pine/train_58_8.jpg,200,200,3,42
WOOD-AUTH,Category 8 (Pine),pine,1_8.jpg,data/wood_species/raw/pine/train_1_8.jpg,train,data/wood_species/splits/train/pine/train_1_8.jpg,200,200,3,42
WOOD-AUTH,Category 8 (Pine),pine,2708_8.jpg,data/wood_species/raw/pine/test_2708_8.jpg,train,data/wood_species/splits/train/pine/test_2708_8.jpg,200,200,3,42
WOOD-AUTH,Category 8 (Pine),pine,83_8.jpg,data/wood_species/raw/pine/train_83_8.jpg,train,data/wood_species/splits/train/pine/train_83_8.jpg,200,200,3,42
WOOD-AUTH,Category 8 (Pine),pine,2652_8.jpg,data/wood_species/raw/pine/test_2652_8.jpg,train,data/wood_species/splits/train/pine/test_2652_8.jpg,200,200,3,42
WOOD-AUTH,Category 8 (Pine),pine,2653_8.jpg,data/wood_species/raw/pine/test_2653_8.jpg,train,data/wood_species/splits/train/pine/test_2653_8.jpg,200,200,3,42
WOOD-AUTH,Category 8 (Pine),pine,71_8.jpg,data/wood_species/raw/pine/train_71_8.jpg,train,data/wood_species/splits/train/pine/train_71_8.jpg,200,200,3,42
WOOD-AUTH,Category 8 (Pine),pine,32_8.jpg,data/wood_species/raw/pine/train_32_8.jpg,train,data/wood_species/splits/train/pine/train_32_8.jpg,200,200,3,42
WOOD-AUTH,Category 8 (Pine),pine,13_8.jpg,data/wood_species/raw/pine/train_13_8.jpg,train,data/wood_species/splits/train/pine/train_13_8.jpg,200,200,3,42
WOOD-AUTH,Category 8 (Pine),pine,2658_8.jpg,data/wood_species/raw/pine/test_2658_8.jpg,train,data/wood_species/splits/train/pine/test_2658_8.jpg,200,200,3,42
WOOD-AUTH,Category 8 (Pine),pine,2644_8.jpg,data/wood_species/raw/pine/test_2644_8.jpg,train,data/wood_species/splits/train/pine/test_2644_8.jpg,200,200,3,42
WOOD-AUTH,Category 8 (Pine),pine,138_8.jpg,data/wood_species/raw/pine/train_138_8.jpg,train,data/wood_species/splits/train/pine/train_138_8.jpg,200,200,3,42
WOOD-AUTH,Category 8 (Pine),pine,123_8.jpg,data/wood_species/raw/pine/train_123_8.jpg,train,data/wood_species/splits/train/pine/train_123_8.jpg,200,200,3,42
WOOD-AUTH,Category 8 (Pine),pine,113_8.jpg,data/wood_species/raw/pine/train_113_8.jpg,train,data/wood_species/splits/train/pine/train_113_8.jpg,200,200,3,42
WOOD-AUTH,Category 8 (Pine),pine,2717_8.jpg,data/wood_species/raw/pine/test_2717_8.jpg,train,data/wood_species/splits/train/pine/test_2717_8.jpg,200,200,3,42
WOOD-AUTH,Category 8 (Pine),pine,192_8.jpg,data/wood_species/raw/pine/train_192_8.jpg,train,data/wood_species/splits/train/pine/train_192_8.jpg,200,200,3,42
WOOD-AUTH,Category 8 (Pine),pine,80_8.jpg,data/wood_species/raw/pine/train_80_8.jpg,train,data/wood_species/splits/train/pine/train_80_8.jpg,200,200,3,42
WOOD-AUTH,Category 8 (Pine),pine,164_8.jpg,data/wood_species/raw/pine/train_164_8.jpg,train,data/wood_species/splits/train/pine/train_164_8.jpg,200,200,3,42
WOOD-AUTH,Category 8 (Pine),pine,2628_8.jpg,data/wood_species/raw/pine/test_2628_8.jpg,train,data/wood_species/splits/train/pine/test_2628_8.jpg,200,200,3,42
WOOD-AUTH,Category 8 (Pine),pine,85_8.jpg,data/wood_species/raw/pine/train_85_8.jpg,train,data/wood_species/splits/train/pine/train_85_8.jpg,200,200,3,42
WOOD-AUTH,Category 8 (Pine),pine,2721_8.jpg,data/wood_species/raw/pine/test_2721_8.jpg,train,data/wood_species/splits/train/pine/test_2721_8.jpg,200,200,3,42
WOOD-AUTH,Category 8 (Pine),pine,20_8.jpg,data/wood_species/raw/pine/train_20_8.jpg,train,data/wood_species/splits/train/pine/train_20_8.jpg,200,200,3,42
WOOD-AUTH,Category 8 (Pine),pine,204_8.jpg,data/wood_species/raw/pine/train_204_8.jpg,train,data/wood_species/splits/train/pine/train_204_8.jpg,200,200,3,42
WOOD-AUTH,Category 8 (Pine),pine,190_8.jpg,data/wood_species/raw/pine/train_190_8.jpg,train,data/wood_species/splits/train/pine/train_190_8.jpg,200,200,3,42
WOOD-AUTH,Category 8 (Pine),pine,2686_8.jpg,data/wood_species/raw/pine/test_2686_8.jpg,train,data/wood_species/splits/train/pine/test_2686_8.jpg,200,200,3,42
WOOD-AUTH,Category 8 (Pine),pine,48_8.jpg,data/wood_species/raw/pine/train_48_8.jpg,train,data/wood_species/splits/train/pine/train_48_8.jpg,200,200,3,42
WOOD-AUTH,Category 8 (Pine),pine,16_8.jpg,data/wood_species/raw/pine/train_16_8.jpg,train,data/wood_species/splits/train/pine/train_16_8.jpg,200,200,3,42
WOOD-AUTH,Category 8 (Pine),pine,2661_8.jpg,data/wood_species/raw/pine/test_2661_8.jpg,train,data/wood_species/splits/train/pine/test_2661_8.jpg,200,200,3,42
WOOD-AUTH,Category 8 (Pine),pine,187_8.jpg,data/wood_species/raw/pine/train_187_8.jpg,train,data/wood_species/splits/train/pine/train_187_8.jpg,200,200,3,42
WOOD-AUTH,Category 8 (Pine),pine,54_8.jpg,data/wood_species/raw/pine/train_54_8.jpg,train,data/wood_species/splits/train/pine/train_54_8.jpg,200,200,3,42
WOOD-AUTH,Category 8 (Pine),pine,99_8.jpg,data/wood_species/raw/pine/train_99_8.jpg,train,data/wood_species/splits/train/pine/train_99_8.jpg,200,200,3,42
WOOD-AUTH,Category 8 (Pine),pine,165_8.jpg,data/wood_species/raw/pine/train_165_8.jpg,train,data/wood_species/splits/train/pine/train_165_8.jpg,200,200,3,42
WOOD-AUTH,Category 8 (Pine),pine,2663_8.jpg,data/wood_species/raw/pine/test_2663_8.jpg,train,data/wood_species/splits/train/pine/test_2663_8.jpg,200,200,3,42
WOOD-AUTH,Category 8 (Pine),pine,2703_8.jpg,data/wood_species/raw/pine/test_2703_8.jpg,train,data/wood_species/splits/train/pine/test_2703_8.jpg,200,200,3,42
WOOD-AUTH,Category 8 (Pine),pine,219_8.jpg,data/wood_species/raw/pine/train_219_8.jpg,train,data/wood_species/splits/train/pine/train_219_8.jpg,200,200,3,42
WOOD-AUTH,Category 8 (Pine),pine,2701_8.jpg,data/wood_species/raw/pine/test_2701_8.jpg,train,data/wood_species/splits/train/pine/test_2701_8.jpg,200,200,3,42
WOOD-AUTH,Category 8 (Pine),pine,188_8.jpg,data/wood_species/raw/pine/train_188_8.jpg,train,data/wood_species/splits/train/pine/train_188_8.jpg,200,200,3,42
WOOD-AUTH,Category 8 (Pine),pine,160_8.jpg,data/wood_species/raw/pine/train_160_8.jpg,train,data/wood_species/splits/train/pine/train_160_8.jpg,200,200,3,42
WOOD-AUTH,Category 8 (Pine),pine,201_8.jpg,data/wood_species/raw/pine/train_201_8.jpg,train,data/wood_species/splits/train/pine/train_201_8.jpg,200,200,3,42
WOOD-AUTH,Category 8 (Pine),pine,2699_8.jpg,data/wood_species/raw/pine/test_2699_8.jpg,train,data/wood_species/splits/train/pine/test_2699_8.jpg,200,200,3,42
WOOD-AUTH,Category 8 (Pine),pine,2704_8.jpg,data/wood_species/raw/pine/test_2704_8.jpg,train,data/wood_species/splits/train/pine/test_2704_8.jpg,200,200,3,42
WOOD-AUTH,Category 8 (Pine),pine,155_8.jpg,data/wood_species/raw/pine/train_155_8.jpg,train,data/wood_species/splits/train/pine/train_155_8.jpg,200,200,3,42
WOOD-AUTH,Category 8 (Pine),pine,2638_8.jpg,data/wood_species/raw/pine/test_2638_8.jpg,train,data/wood_species/splits/train/pine/test_2638_8.jpg,200,200,3,42
WOOD-AUTH,Category 8 (Pine),pine,2707_8.jpg,data/wood_species/raw/pine/test_2707_8.jpg,train,data/wood_species/splits/train/pine/test_2707_8.jpg,200,200,3,42
WOOD-AUTH,Category 8 (Pine),pine,103_8.jpg,data/wood_species/raw/pine/train_103_8.jpg,train,data/wood_species/splits/train/pine/train_103_8.jpg,200,200,3,42
WOOD-AUTH,Category 8 (Pine),pine,63_8.jpg,data/wood_species/raw/pine/train_63_8.jpg,train,data/wood_species/splits/train/pine/train_63_8.jpg,200,200,3,42
WOOD-AUTH,Category 8 (Pine),pine,44_8.jpg,data/wood_species/raw/pine/train_44_8.jpg,train,data/wood_species/splits/train/pine/train_44_8.jpg,200,200,3,42
WOOD-AUTH,Category 8 (Pine),pine,121_8.jpg,data/wood_species/raw/pine/train_121_8.jpg,train,data/wood_species/splits/train/pine/train_121_8.jpg,200,200,3,42
WOOD-AUTH,Category 8 (Pine),pine,126_8.jpg,data/wood_species/raw/pine/train_126_8.jpg,train,data/wood_species/splits/train/pine/train_126_8.jpg,200,200,3,42
WOOD-AUTH,Category 8 (Pine),pine,2682_8.jpg,data/wood_species/raw/pine/test_2682_8.jpg,train,data/wood_species/splits/train/pine/test_2682_8.jpg,200,200,3,42
WOOD-AUTH,Category 8 (Pine),pine,2718_8.jpg,data/wood_species/raw/pine/test_2718_8.jpg,train,data/wood_species/splits/train/pine/test_2718_8.jpg,200,200,3,42
WOOD-AUTH,Category 8 (Pine),pine,199_8.jpg,data/wood_species/raw/pine/train_199_8.jpg,train,data/wood_species/splits/train/pine/train_199_8.jpg,200,200,3,42
WOOD-AUTH,Category 8 (Pine),pine,2625_8.jpg,data/wood_species/raw/pine/test_2625_8.jpg,train,data/wood_species/splits/train/pine/test_2625_8.jpg,200,200,3,42
WOOD-AUTH,Category 8 (Pine),pine,2631_8.jpg,data/wood_species/raw/pine/test_2631_8.jpg,train,data/wood_species/splits/train/pine/test_2631_8.jpg,200,200,3,42
WOOD-AUTH,Category 8 (Pine),pine,154_8.jpg,data/wood_species/raw/pine/train_154_8.jpg,train,data/wood_species/splits/train/pine/train_154_8.jpg,200,200,3,42
WOOD-AUTH,Category 8 (Pine),pine,41_8.jpg,data/wood_species/raw/pine/train_41_8.jpg,train,data/wood_species/splits/train/pine/train_41_8.jpg,200,200,3,42
WOOD-AUTH,Category 8 (Pine),pine,142_8.jpg,data/wood_species/raw/pine/train_142_8.jpg,train,data/wood_species/splits/train/pine/train_142_8.jpg,200,200,3,42
WOOD-AUTH,Category 8 (Pine),pine,153_8.jpg,data/wood_species/raw/pine/train_153_8.jpg,train,data/wood_species/splits/train/pine/train_153_8.jpg,200,200,3,42
WOOD-AUTH,Category 8 (Pine),pine,36_8.jpg,data/wood_species/raw/pine/train_36_8.jpg,train,data/wood_species/splits/train/pine/train_36_8.jpg,200,200,3,42
WOOD-AUTH,Category 8 (Pine),pine,2643_8.jpg,data/wood_species/raw/pine/test_2643_8.jpg,train,data/wood_species/splits/train/pine/test_2643_8.jpg,200,200,3,42
WOOD-AUTH,Category 8 (Pine),pine,166_8.jpg,data/wood_species/raw/pine/train_166_8.jpg,train,data/wood_species/splits/train/pine/train_166_8.jpg,200,200,3,42
WOOD-AUTH,Category 8 (Pine),pine,74_8.jpg,data/wood_species/raw/pine/train_74_8.jpg,train,data/wood_species/splits/train/pine/train_74_8.jpg,200,200,3,42
WOOD-AUTH,Category 8 (Pine),pine,223_8.jpg,data/wood_species/raw/pine/train_223_8.jpg,train,data/wood_species/splits/train/pine/train_223_8.jpg,200,200,3,42
WOOD-AUTH,Category 8 (Pine),pine,207_8.jpg,data/wood_species/raw/pine/train_207_8.jpg,train,data/wood_species/splits/train/pine/train_207_8.jpg,200,200,3,42
WOOD-AUTH,Category 8 (Pine),pine,106_8.jpg,data/wood_species/raw/pine/train_106_8.jpg,train,data/wood_species/splits/train/pine/train_106_8.jpg,200,200,3,42
WOOD-AUTH,Category 8 (Pine),pine,222_8.jpg,data/wood_species/raw/pine/train_222_8.jpg,train,data/wood_species/splits/train/pine/train_222_8.jpg,200,200,3,42
WOOD-AUTH,Category 8 (Pine),pine,119_8.jpg,data/wood_species/raw/pine/train_119_8.jpg,train,data/wood_species/splits/train/pine/train_119_8.jpg,200,200,3,42
WOOD-AUTH,Category 8 (Pine),pine,9_8.jpg,data/wood_species/raw/pine/train_9_8.jpg,train,data/wood_species/splits/train/pine/train_9_8.jpg,200,200,3,42
WOOD-AUTH,Category 8 (Pine),pine,11_8.jpg,data/wood_species/raw/pine/train_11_8.jpg,train,data/wood_species/splits/train/pine/train_11_8.jpg,200,200,3,42
WOOD-AUTH,Category 8 (Pine),pine,66_8.jpg,data/wood_species/raw/pine/train_66_8.jpg,train,data/wood_species/splits/train/pine/train_66_8.jpg,200,200,3,42
WOOD-AUTH,Category 8 (Pine),pine,2_8.jpg,data/wood_species/raw/pine/train_2_8.jpg,train,data/wood_species/splits/train/pine/train_2_8.jpg,200,200,3,42
WOOD-AUTH,Category 8 (Pine),pine,79_8.jpg,data/wood_species/raw/pine/train_79_8.jpg,train,data/wood_species/splits/train/pine/train_79_8.jpg,200,200,3,42
WOOD-AUTH,Category 8 (Pine),pine,145_8.jpg,data/wood_species/raw/pine/train_145_8.jpg,train,data/wood_species/splits/train/pine/train_145_8.jpg,200,200,3,42
WOOD-AUTH,Category 8 (Pine),pine,157_8.jpg,data/wood_species/raw/pine/train_157_8.jpg,train,data/wood_species/splits/train/pine/train_157_8.jpg,200,200,3,42
WOOD-AUTH,Category 8 (Pine),pine,174_8.jpg,data/wood_species/raw/pine/train_174_8.jpg,train,data/wood_species/splits/train/pine/train_174_8.jpg,200,200,3,42
WOOD-AUTH,Category 8 (Pine),pine,105_8.jpg,data/wood_species/raw/pine/train_105_8.jpg,train,data/wood_species/splits/train/pine/train_105_8.jpg,200,200,3,42
WOOD-AUTH,Category 8 (Pine),pine,77_8.jpg,data/wood_species/raw/pine/train_77_8.jpg,train,data/wood_species/splits/train/pine/train_77_8.jpg,200,200,3,42
WOOD-AUTH,Category 8 (Pine),pine,2623_8.jpg,data/wood_species/raw/pine/test_2623_8.jpg,train,data/wood_species/splits/train/pine/test_2623_8.jpg,200,200,3,42
WOOD-AUTH,Category 8 (Pine),pine,168_8.jpg,data/wood_species/raw/pine/train_168_8.jpg,train,data/wood_species/splits/train/pine/train_168_8.jpg,200,200,3,42
WOOD-AUTH,Category 8 (Pine),pine,200_8.jpg,data/wood_species/raw/pine/train_200_8.jpg,train,data/wood_species/splits/train/pine/train_200_8.jpg,200,200,3,42
WOOD-AUTH,Category 8 (Pine),pine,2627_8.jpg,data/wood_species/raw/pine/test_2627_8.jpg,train,data/wood_species/splits/train/pine/test_2627_8.jpg,200,200,3,42
WOOD-AUTH,Category 8 (Pine),pine,173_8.jpg,data/wood_species/raw/pine/train_173_8.jpg,train,data/wood_species/splits/train/pine/train_173_8.jpg,200,200,3,42
WOOD-AUTH,Category 8 (Pine),pine,97_8.jpg,data/wood_species/raw/pine/train_97_8.jpg,train,data/wood_species/splits/train/pine/train_97_8.jpg,200,200,3,42
WOOD-AUTH,Category 8 (Pine),pine,93_8.jpg,data/wood_species/raw/pine/train_93_8.jpg,train,data/wood_species/splits/train/pine/train_93_8.jpg,200,200,3,42
WOOD-AUTH,Category 8 (Pine),pine,215_8.jpg,data/wood_species/raw/pine/train_215_8.jpg,train,data/wood_species/splits/train/pine/train_215_8.jpg,200,200,3,42
WOOD-AUTH,Category 8 (Pine),pine,2636_8.jpg,data/wood_species/raw/pine/test_2636_8.jpg,train,data/wood_species/splits/train/pine/test_2636_8.jpg,200,200,3,42
WOOD-AUTH,Category 8 (Pine),pine,110_8.jpg,data/wood_species/raw/pine/train_110_8.jpg,train,data/wood_species/splits/train/pine/train_110_8.jpg,200,200,3,42
WOOD-AUTH,Category 8 (Pine),pine,2684_8.jpg,data/wood_species/raw/pine/test_2684_8.jpg,train,data/wood_species/splits/train/pine/test_2684_8.jpg,200,200,3,42
WOOD-AUTH,Category 8 (Pine),pine,213_8.jpg,data/wood_species/raw/pine/train_213_8.jpg,train,data/wood_species/splits/train/pine/train_213_8.jpg,200,200,3,42
WOOD-AUTH,Category 8 (Pine),pine,2694_8.jpg,data/wood_species/raw/pine/test_2694_8.jpg,train,data/wood_species/splits/train/pine/test_2694_8.jpg,200,200,3,42
WOOD-AUTH,Category 8 (Pine),pine,89_8.jpg,data/wood_species/raw/pine/train_89_8.jpg,train,data/wood_species/splits/train/pine/train_89_8.jpg,200,200,3,42
WOOD-AUTH,Category 8 (Pine),pine,2673_8.jpg,data/wood_species/raw/pine/test_2673_8.jpg,train,data/wood_species/splits/train/pine/test_2673_8.jpg,200,200,3,42
WOOD-AUTH,Category 8 (Pine),pine,2662_8.jpg,data/wood_species/raw/pine/test_2662_8.jpg,train,data/wood_species/splits/train/pine/test_2662_8.jpg,200,200,3,42
WOOD-AUTH,Category 8 (Pine),pine,202_8.jpg,data/wood_species/raw/pine/train_202_8.jpg,train,data/wood_species/splits/train/pine/train_202_8.jpg,200,200,3,42
WOOD-AUTH,Category 8 (Pine),pine,56_8.jpg,data/wood_species/raw/pine/train_56_8.jpg,train,data/wood_species/splits/train/pine/train_56_8.jpg,200,200,3,42
WOOD-AUTH,Category 8 (Pine),pine,2634_8.jpg,data/wood_species/raw/pine/test_2634_8.jpg,train,data/wood_species/splits/train/pine/test_2634_8.jpg,200,200,3,42
WOOD-AUTH,Category 8 (Pine),pine,158_8.jpg,data/wood_species/raw/pine/train_158_8.jpg,train,data/wood_species/splits/train/pine/train_158_8.jpg,200,200,3,42
WOOD-AUTH,Category 8 (Pine),pine,2666_8.jpg,data/wood_species/raw/pine/test_2666_8.jpg,train,data/wood_species/splits/train/pine/test_2666_8.jpg,200,200,3,42
WOOD-AUTH,Category 8 (Pine),pine,171_8.jpg,data/wood_species/raw/pine/train_171_8.jpg,train,data/wood_species/splits/train/pine/train_171_8.jpg,200,200,3,42
WOOD-AUTH,Category 8 (Pine),pine,52_8.jpg,data/wood_species/raw/pine/train_52_8.jpg,train,data/wood_species/splits/train/pine/train_52_8.jpg,200,200,3,42
WOOD-AUTH,Category 8 (Pine),pine,2671_8.jpg,data/wood_species/raw/pine/test_2671_8.jpg,train,data/wood_species/splits/train/pine/test_2671_8.jpg,200,200,3,42
WOOD-AUTH,Category 8 (Pine),pine,116_8.jpg,data/wood_species/raw/pine/train_116_8.jpg,train,data/wood_species/splits/train/pine/train_116_8.jpg,200,200,3,42
WOOD-AUTH,Category 8 (Pine),pine,25_8.jpg,data/wood_species/raw/pine/train_25_8.jpg,train,data/wood_species/splits/train/pine/train_25_8.jpg,200,200,3,42
WOOD-AUTH,Category 8 (Pine),pine,68_8.jpg,data/wood_species/raw/pine/train_68_8.jpg,train,data/wood_species/splits/train/pine/train_68_8.jpg,200,200,3,42
WOOD-AUTH,Category 8 (Pine),pine,2676_8.jpg,data/wood_species/raw/pine/test_2676_8.jpg,train,data/wood_species/splits/train/pine/test_2676_8.jpg,200,200,3,42
WOOD-AUTH,Category 8 (Pine),pine,2706_8.jpg,data/wood_species/raw/pine/test_2706_8.jpg,train,data/wood_species/splits/train/pine/test_2706_8.jpg,200,200,3,42
WOOD-AUTH,Category 8 (Pine),pine,179_8.jpg,data/wood_species/raw/pine/train_179_8.jpg,train,data/wood_species/splits/train/pine/train_179_8.jpg,200,200,3,42
WOOD-AUTH,Category 8 (Pine),pine,176_8.jpg,data/wood_species/raw/pine/train_176_8.jpg,train,data/wood_species/splits/train/pine/train_176_8.jpg,200,200,3,42
WOOD-AUTH,Category 8 (Pine),pine,65_8.jpg,data/wood_species/raw/pine/train_65_8.jpg,train,data/wood_species/splits/train/pine/train_65_8.jpg,200,200,3,42
WOOD-AUTH,Category 8 (Pine),pine,2667_8.jpg,data/wood_species/raw/pine/test_2667_8.jpg,train,data/wood_species/splits/train/pine/test_2667_8.jpg,200,200,3,42
WOOD-AUTH,Category 8 (Pine),pine,2647_8.jpg,data/wood_species/raw/pine/test_2647_8.jpg,train,data/wood_species/splits/train/pine/test_2647_8.jpg,200,200,3,42
WOOD-AUTH,Category 8 (Pine),pine,2696_8.jpg,data/wood_species/raw/pine/test_2696_8.jpg,train,data/wood_species/splits/train/pine/test_2696_8.jpg,200,200,3,42
WOOD-AUTH,Category 8 (Pine),pine,2632_8.jpg,data/wood_species/raw/pine/test_2632_8.jpg,train,data/wood_species/splits/train/pine/test_2632_8.jpg,200,200,3,42
WOOD-AUTH,Category 8 (Pine),pine,70_8.jpg,data/wood_species/raw/pine/train_70_8.jpg,train,data/wood_species/splits/train/pine/train_70_8.jpg,200,200,3,42
WOOD-AUTH,Category 8 (Pine),pine,131_8.jpg,data/wood_species/raw/pine/train_131_8.jpg,train,data/wood_species/splits/train/pine/train_131_8.jpg,200,200,3,42
WOOD-AUTH,Category 8 (Pine),pine,186_8.jpg,data/wood_species/raw/pine/train_186_8.jpg,train,data/wood_species/splits/train/pine/train_186_8.jpg,200,200,3,42
WOOD-AUTH,Category 8 (Pine),pine,31_8.jpg,data/wood_species/raw/pine/train_31_8.jpg,train,data/wood_species/splits/train/pine/train_31_8.jpg,200,200,3,42
WOOD-AUTH,Category 8 (Pine),pine,2725_8.jpg,data/wood_species/raw/pine/test_2725_8.jpg,train,data/wood_species/splits/train/pine/test_2725_8.jpg,200,200,3,42
WOOD-AUTH,Category 8 (Pine),pine,2656_8.jpg,data/wood_species/raw/pine/test_2656_8.jpg,train,data/wood_species/splits/train/pine/test_2656_8.jpg,200,200,3,42
WOOD-AUTH,Category 8 (Pine),pine,214_8.jpg,data/wood_species/raw/pine/train_214_8.jpg,train,data/wood_species/splits/train/pine/train_214_8.jpg,200,200,3,42
WOOD-AUTH,Category 8 (Pine),pine,129_8.jpg,data/wood_species/raw/pine/train_129_8.jpg,train,data/wood_species/splits/train/pine/train_129_8.jpg,200,200,3,42
WOOD-AUTH,Category 8 (Pine),pine,28_8.jpg,data/wood_species/raw/pine/train_28_8.jpg,train,data/wood_species/splits/train/pine/train_28_8.jpg,200,200,3,42
WOOD-AUTH,Category 8 (Pine),pine,57_8.jpg,data/wood_species/raw/pine/train_57_8.jpg,train,data/wood_species/splits/train/pine/train_57_8.jpg,200,200,3,42
WOOD-AUTH,Category 8 (Pine),pine,212_8.jpg,data/wood_species/raw/pine/train_212_8.jpg,train,data/wood_species/splits/train/pine/train_212_8.jpg,200,200,3,42
WOOD-AUTH,Category 8 (Pine),pine,117_8.jpg,data/wood_species/raw/pine/train_117_8.jpg,train,data/wood_species/splits/train/pine/train_117_8.jpg,200,200,3,42
WOOD-AUTH,Category 8 (Pine),pine,69_8.jpg,data/wood_species/raw/pine/train_69_8.jpg,train,data/wood_species/splits/train/pine/train_69_8.jpg,200,200,3,42
WOOD-AUTH,Category 8 (Pine),pine,2698_8.jpg,data/wood_species/raw/pine/test_2698_8.jpg,train,data/wood_species/splits/train/pine/test_2698_8.jpg,200,200,3,42
WOOD-AUTH,Category 8 (Pine),pine,140_8.jpg,data/wood_species/raw/pine/train_140_8.jpg,train,data/wood_species/splits/train/pine/train_140_8.jpg,200,200,3,42
WOOD-AUTH,Category 8 (Pine),pine,30_8.jpg,data/wood_species/raw/pine/train_30_8.jpg,train,data/wood_species/splits/train/pine/train_30_8.jpg,200,200,3,42
WOOD-AUTH,Category 8 (Pine),pine,2712_8.jpg,data/wood_species/raw/pine/test_2712_8.jpg,train,data/wood_species/splits/train/pine/test_2712_8.jpg,200,200,3,42
WOOD-AUTH,Category 8 (Pine),pine,38_8.jpg,data/wood_species/raw/pine/train_38_8.jpg,train,data/wood_species/splits/train/pine/train_38_8.jpg,200,200,3,42
WOOD-AUTH,Category 8 (Pine),pine,203_8.jpg,data/wood_species/raw/pine/train_203_8.jpg,train,data/wood_species/splits/train/pine/train_203_8.jpg,200,200,3,42
WOOD-AUTH,Category 8 (Pine),pine,2713_8.jpg,data/wood_species/raw/pine/test_2713_8.jpg,train,data/wood_species/splits/train/pine/test_2713_8.jpg,200,200,3,42
WOOD-AUTH,Category 8 (Pine),pine,2723_8.jpg,data/wood_species/raw/pine/test_2723_8.jpg,train,data/wood_species/splits/train/pine/test_2723_8.jpg,200,200,3,42
WOOD-AUTH,Category 8 (Pine),pine,107_8.jpg,data/wood_species/raw/pine/train_107_8.jpg,train,data/wood_species/splits/train/pine/train_107_8.jpg,200,200,3,42
WOOD-AUTH,Category 8 (Pine),pine,205_8.jpg,data/wood_species/raw/pine/train_205_8.jpg,train,data/wood_species/splits/train/pine/train_205_8.jpg,200,200,3,42
WOOD-AUTH,Category 8 (Pine),pine,2659_8.jpg,data/wood_species/raw/pine/test_2659_8.jpg,train,data/wood_species/splits/train/pine/test_2659_8.jpg,200,200,3,42
WOOD-AUTH,Category 8 (Pine),pine,2677_8.jpg,data/wood_species/raw/pine/test_2677_8.jpg,train,data/wood_species/splits/train/pine/test_2677_8.jpg,200,200,3,42
WOOD-AUTH,Category 8 (Pine),pine,136_8.jpg,data/wood_species/raw/pine/train_136_8.jpg,train,data/wood_species/splits/train/pine/train_136_8.jpg,200,200,3,42
WOOD-AUTH,Category 8 (Pine),pine,180_8.jpg,data/wood_species/raw/pine/train_180_8.jpg,train,data/wood_species/splits/train/pine/train_180_8.jpg,200,200,3,42
WOOD-AUTH,Category 8 (Pine),pine,62_8.jpg,data/wood_species/raw/pine/train_62_8.jpg,train,data/wood_species/splits/train/pine/train_62_8.jpg,200,200,3,42
WOOD-AUTH,Category 8 (Pine),pine,2679_8.jpg,data/wood_species/raw/pine/test_2679_8.jpg,train,data/wood_species/splits/train/pine/test_2679_8.jpg,200,200,3,42
WOOD-AUTH,Category 8 (Pine),pine,98_8.jpg,data/wood_species/raw/pine/train_98_8.jpg,train,data/wood_species/splits/train/pine/train_98_8.jpg,200,200,3,42
WOOD-AUTH,Category 8 (Pine),pine,111_8.jpg,data/wood_species/raw/pine/train_111_8.jpg,train,data/wood_species/splits/train/pine/train_111_8.jpg,200,200,3,42
WOOD-AUTH,Category 8 (Pine),pine,2716_8.jpg,data/wood_species/raw/pine/test_2716_8.jpg,train,data/wood_species/splits/train/pine/test_2716_8.jpg,200,200,3,42
WOOD-AUTH,Category 8 (Pine),pine,12_8.jpg,data/wood_species/raw/pine/train_12_8.jpg,train,data/wood_species/splits/train/pine/train_12_8.jpg,200,200,3,42
WOOD-AUTH,Category 8 (Pine),pine,2680_8.jpg,data/wood_species/raw/pine/test_2680_8.jpg,train,data/wood_species/splits/train/pine/test_2680_8.jpg,200,200,3,42
WOOD-AUTH,Category 8 (Pine),pine,128_8.jpg,data/wood_species/raw/pine/train_128_8.jpg,train,data/wood_species/splits/train/pine/train_128_8.jpg,200,200,3,42
WOOD-AUTH,Category 8 (Pine),pine,144_8.jpg,data/wood_species/raw/pine/train_144_8.jpg,train,data/wood_species/splits/train/pine/train_144_8.jpg,200,200,3,42
WOOD-AUTH,Category 8 (Pine),pine,2710_8.jpg,data/wood_species/raw/pine/test_2710_8.jpg,train,data/wood_species/splits/train/pine/test_2710_8.jpg,200,200,3,42
WOOD-AUTH,Category 8 (Pine),pine,185_8.jpg,data/wood_species/raw/pine/train_185_8.jpg,train,data/wood_species/splits/train/pine/train_185_8.jpg,200,200,3,42
WOOD-AUTH,Category 8 (Pine),pine,15_8.jpg,data/wood_species/raw/pine/train_15_8.jpg,train,data/wood_species/splits/train/pine/train_15_8.jpg,200,200,3,42
WOOD-AUTH,Category 8 (Pine),pine,118_8.jpg,data/wood_species/raw/pine/train_118_8.jpg,train,data/wood_species/splits/train/pine/train_118_8.jpg,200,200,3,42
WOOD-AUTH,Category 8 (Pine),pine,92_8.jpg,data/wood_species/raw/pine/train_92_8.jpg,train,data/wood_species/splits/train/pine/train_92_8.jpg,200,200,3,42
WOOD-AUTH,Category 8 (Pine),pine,2675_8.jpg,data/wood_species/raw/pine/test_2675_8.jpg,train,data/wood_species/splits/train/pine/test_2675_8.jpg,200,200,3,42
WOOD-AUTH,Category 8 (Pine),pine,2649_8.jpg,data/wood_species/raw/pine/test_2649_8.jpg,train,data/wood_species/splits/train/pine/test_2649_8.jpg,200,200,3,42
WOOD-AUTH,Category 8 (Pine),pine,2668_8.jpg,data/wood_species/raw/pine/test_2668_8.jpg,train,data/wood_species/splits/train/pine/test_2668_8.jpg,200,200,3,42
WOOD-AUTH,Category 8 (Pine),pine,108_8.jpg,data/wood_species/raw/pine/train_108_8.jpg,train,data/wood_species/splits/train/pine/train_108_8.jpg,200,200,3,42
WOOD-AUTH,Category 8 (Pine),pine,101_8.jpg,data/wood_species/raw/pine/train_101_8.jpg,train,data/wood_species/splits/train/pine/train_101_8.jpg,200,200,3,42
WOOD-AUTH,Category 8 (Pine),pine,82_8.jpg,data/wood_species/raw/pine/train_82_8.jpg,train,data/wood_species/splits/train/pine/train_82_8.jpg,200,200,3,42
WOOD-AUTH,Category 8 (Pine),pine,178_8.jpg,data/wood_species/raw/pine/train_178_8.jpg,train,data/wood_species/splits/train/pine/train_178_8.jpg,200,200,3,42
WOOD-AUTH,Category 8 (Pine),pine,221_8.jpg,data/wood_species/raw/pine/train_221_8.jpg,train,data/wood_species/splits/train/pine/train_221_8.jpg,200,200,3,42
WOOD-AUTH,Category 8 (Pine),pine,2681_8.jpg,data/wood_species/raw/pine/test_2681_8.jpg,train,data/wood_species/splits/train/pine/test_2681_8.jpg,200,200,3,42
WOOD-AUTH,Category 8 (Pine),pine,10_8.jpg,data/wood_species/raw/pine/train_10_8.jpg,train,data/wood_species/splits/train/pine/train_10_8.jpg,200,200,3,42
WOOD-AUTH,Category 8 (Pine),pine,60_8.jpg,data/wood_species/raw/pine/train_60_8.jpg,train,data/wood_species/splits/train/pine/train_60_8.jpg,200,200,3,42
WOOD-AUTH,Category 8 (Pine),pine,2691_8.jpg,data/wood_species/raw/pine/test_2691_8.jpg,train,data/wood_species/splits/train/pine/test_2691_8.jpg,200,200,3,42
WOOD-AUTH,Category 8 (Pine),pine,2709_8.jpg,data/wood_species/raw/pine/test_2709_8.jpg,train,data/wood_species/splits/train/pine/test_2709_8.jpg,200,200,3,42
WOOD-AUTH,Category 8 (Pine),pine,2689_8.jpg,data/wood_species/raw/pine/test_2689_8.jpg,train,data/wood_species/splits/train/pine/test_2689_8.jpg,200,200,3,42
WOOD-AUTH,Category 8 (Pine),pine,161_8.jpg,data/wood_species/raw/pine/train_161_8.jpg,train,data/wood_species/splits/train/pine/train_161_8.jpg,200,200,3,42
WOOD-AUTH,Category 8 (Pine),pine,133_8.jpg,data/wood_species/raw/pine/train_133_8.jpg,train,data/wood_species/splits/train/pine/train_133_8.jpg,200,200,3,42
WOOD-AUTH,Category 8 (Pine),pine,162_8.jpg,data/wood_species/raw/pine/train_162_8.jpg,train,data/wood_species/splits/train/pine/train_162_8.jpg,200,200,3,42
WOOD-AUTH,Category 8 (Pine),pine,18_8.jpg,data/wood_species/raw/pine/train_18_8.jpg,train,data/wood_species/splits/train/pine/train_18_8.jpg,200,200,3,42
WOOD-AUTH,Category 8 (Pine),pine,26_8.jpg,data/wood_species/raw/pine/train_26_8.jpg,train,data/wood_species/splits/train/pine/train_26_8.jpg,200,200,3,42
WOOD-AUTH,Category 8 (Pine),pine,195_8.jpg,data/wood_species/raw/pine/train_195_8.jpg,train,data/wood_species/splits/train/pine/train_195_8.jpg,200,200,3,42
WOOD-AUTH,Category 8 (Pine),pine,100_8.jpg,data/wood_species/raw/pine/train_100_8.jpg,train,data/wood_species/splits/train/pine/train_100_8.jpg,200,200,3,42
WOOD-AUTH,Category 8 (Pine),pine,211_8.jpg,data/wood_species/raw/pine/train_211_8.jpg,train,data/wood_species/splits/train/pine/train_211_8.jpg,200,200,3,42
WOOD-AUTH,Category 8 (Pine),pine,150_8.jpg,data/wood_species/raw/pine/train_150_8.jpg,train,data/wood_species/splits/train/pine/train_150_8.jpg,200,200,3,42
WOOD-AUTH,Category 8 (Pine),pine,151_8.jpg,data/wood_species/raw/pine/train_151_8.jpg,train,data/wood_species/splits/train/pine/train_151_8.jpg,200,200,3,42
WOOD-AUTH,Category 8 (Pine),pine,2665_8.jpg,data/wood_species/raw/pine/test_2665_8.jpg,train,data/wood_species/splits/train/pine/test_2665_8.jpg,200,200,3,42
WOOD-AUTH,Category 8 (Pine),pine,2672_8.jpg,data/wood_species/raw/pine/test_2672_8.jpg,train,data/wood_species/splits/train/pine/test_2672_8.jpg,200,200,3,42
WOOD-AUTH,Category 8 (Pine),pine,2727_8.jpg,data/wood_species/raw/pine/test_2727_8.jpg,train,data/wood_species/splits/train/pine/test_2727_8.jpg,200,200,3,42
WOOD-AUTH,Category 8 (Pine),pine,5_8.jpg,data/wood_species/raw/pine/train_5_8.jpg,train,data/wood_species/splits/train/pine/train_5_8.jpg,200,200,3,42
WOOD-AUTH,Category 8 (Pine),pine,3_8.jpg,data/wood_species/raw/pine/train_3_8.jpg,train,data/wood_species/splits/train/pine/train_3_8.jpg,200,200,3,42
WOOD-AUTH,Category 8 (Pine),pine,22_8.jpg,data/wood_species/raw/pine/train_22_8.jpg,train,data/wood_species/splits/train/pine/train_22_8.jpg,200,200,3,42
WOOD-AUTH,Category 8 (Pine),pine,127_8.jpg,data/wood_species/raw/pine/train_127_8.jpg,train,data/wood_species/splits/train/pine/train_127_8.jpg,200,200,3,42
WOOD-AUTH,Category 8 (Pine),pine,35_8.jpg,data/wood_species/raw/pine/train_35_8.jpg,train,data/wood_species/splits/train/pine/train_35_8.jpg,200,200,3,42
WOOD-AUTH,Category 8 (Pine),pine,167_8.jpg,data/wood_species/raw/pine/train_167_8.jpg,train,data/wood_species/splits/train/pine/train_167_8.jpg,200,200,3,42
WOOD-AUTH,Category 8 (Pine),pine,2678_8.jpg,data/wood_species/raw/pine/test_2678_8.jpg,train,data/wood_species/splits/train/pine/test_2678_8.jpg,200,200,3,42
WOOD-AUTH,Category 8 (Pine),pine,2641_8.jpg,data/wood_species/raw/pine/test_2641_8.jpg,train,data/wood_species/splits/train/pine/test_2641_8.jpg,200,200,3,42
WOOD-AUTH,Category 8 (Pine),pine,7_8.jpg,data/wood_species/raw/pine/train_7_8.jpg,train,data/wood_species/splits/train/pine/train_7_8.jpg,200,200,3,42
WOOD-AUTH,Category 8 (Pine),pine,2697_8.jpg,data/wood_species/raw/pine/test_2697_8.jpg,train,data/wood_species/splits/train/pine/test_2697_8.jpg,200,200,3,42
WOOD-AUTH,Category 8 (Pine),pine,197_8.jpg,data/wood_species/raw/pine/train_197_8.jpg,train,data/wood_species/splits/train/pine/train_197_8.jpg,200,200,3,42
WOOD-AUTH,Category 8 (Pine),pine,220_8.jpg,data/wood_species/raw/pine/train_220_8.jpg,train,data/wood_species/splits/train/pine/train_220_8.jpg,200,200,3,42
WOOD-AUTH,Category 8 (Pine),pine,78_8.jpg,data/wood_species/raw/pine/train_78_8.jpg,train,data/wood_species/splits/train/pine/train_78_8.jpg,200,200,3,42
WOOD-AUTH,Category 8 (Pine),pine,33_8.jpg,data/wood_species/raw/pine/train_33_8.jpg,train,data/wood_species/splits/train/pine/train_33_8.jpg,200,200,3,42
WOOD-AUTH,Category 8 (Pine),pine,55_8.jpg,data/wood_species/raw/pine/train_55_8.jpg,train,data/wood_species/splits/train/pine/train_55_8.jpg,200,200,3,42
WOOD-AUTH,Category 8 (Pine),pine,43_8.jpg,data/wood_species/raw/pine/train_43_8.jpg,train,data/wood_species/splits/train/pine/train_43_8.jpg,200,200,3,42
WOOD-AUTH,Category 8 (Pine),pine,102_8.jpg,data/wood_species/raw/pine/train_102_8.jpg,train,data/wood_species/splits/train/pine/train_102_8.jpg,200,200,3,42
WOOD-AUTH,Category 8 (Pine),pine,2621_8.jpg,data/wood_species/raw/pine/test_2621_8.jpg,train,data/wood_species/splits/train/pine/test_2621_8.jpg,200,200,3,42
WOOD-AUTH,Category 8 (Pine),pine,209_8.jpg,data/wood_species/raw/pine/train_209_8.jpg,train,data/wood_species/splits/train/pine/train_209_8.jpg,200,200,3,42
WOOD-AUTH,Category 8 (Pine),pine,91_8.jpg,data/wood_species/raw/pine/train_91_8.jpg,validation,data/wood_species/splits/validation/pine/train_91_8.jpg,200,200,3,42
WOOD-AUTH,Category 8 (Pine),pine,181_8.jpg,data/wood_species/raw/pine/train_181_8.jpg,validation,data/wood_species/splits/validation/pine/train_181_8.jpg,200,200,3,42
WOOD-AUTH,Category 8 (Pine),pine,193_8.jpg,data/wood_species/raw/pine/train_193_8.jpg,validation,data/wood_species/splits/validation/pine/train_193_8.jpg,200,200,3,42
WOOD-AUTH,Category 8 (Pine),pine,73_8.jpg,data/wood_species/raw/pine/train_73_8.jpg,validation,data/wood_species/splits/validation/pine/train_73_8.jpg,200,200,3,42
WOOD-AUTH,Category 8 (Pine),pine,115_8.jpg,data/wood_species/raw/pine/train_115_8.jpg,validation,data/wood_species/splits/validation/pine/train_115_8.jpg,200,200,3,42
WOOD-AUTH,Category 8 (Pine),pine,84_8.jpg,data/wood_species/raw/pine/train_84_8.jpg,validation,data/wood_species/splits/validation/pine/train_84_8.jpg,200,200,3,42
WOOD-AUTH,Category 8 (Pine),pine,2637_8.jpg,data/wood_species/raw/pine/test_2637_8.jpg,validation,data/wood_species/splits/validation/pine/test_2637_8.jpg,200,200,3,42
WOOD-AUTH,Category 8 (Pine),pine,88_8.jpg,data/wood_species/raw/pine/train_88_8.jpg,validation,data/wood_species/splits/validation/pine/train_88_8.jpg,200,200,3,42
WOOD-AUTH,Category 8 (Pine),pine,2646_8.jpg,data/wood_species/raw/pine/test_2646_8.jpg,validation,data/wood_species/splits/validation/pine/test_2646_8.jpg,200,200,3,42
WOOD-AUTH,Category 8 (Pine),pine,112_8.jpg,data/wood_species/raw/pine/train_112_8.jpg,validation,data/wood_species/splits/validation/pine/train_112_8.jpg,200,200,3,42
WOOD-AUTH,Category 8 (Pine),pine,4_8.jpg,data/wood_species/raw/pine/train_4_8.jpg,validation,data/wood_species/splits/validation/pine/train_4_8.jpg,200,200,3,42
WOOD-AUTH,Category 8 (Pine),pine,76_8.jpg,data/wood_species/raw/pine/train_76_8.jpg,validation,data/wood_species/splits/validation/pine/train_76_8.jpg,200,200,3,42
WOOD-AUTH,Category 8 (Pine),pine,2655_8.jpg,data/wood_species/raw/pine/test_2655_8.jpg,validation,data/wood_species/splits/validation/pine/test_2655_8.jpg,200,200,3,42
WOOD-AUTH,Category 8 (Pine),pine,90_8.jpg,data/wood_species/raw/pine/train_90_8.jpg,validation,data/wood_species/splits/validation/pine/train_90_8.jpg,200,200,3,42
WOOD-AUTH,Category 8 (Pine),pine,210_8.jpg,data/wood_species/raw/pine/train_210_8.jpg,validation,data/wood_species/splits/validation/pine/train_210_8.jpg,200,200,3,42
WOOD-AUTH,Category 8 (Pine),pine,182_8.jpg,data/wood_species/raw/pine/train_182_8.jpg,validation,data/wood_species/splits/validation/pine/train_182_8.jpg,200,200,3,42
WOOD-AUTH,Category 8 (Pine),pine,141_8.jpg,data/wood_species/raw/pine/train_141_8.jpg,validation,data/wood_species/splits/validation/pine/train_141_8.jpg,200,200,3,42
WOOD-AUTH,Category 8 (Pine),pine,2702_8.jpg,data/wood_species/raw/pine/test_2702_8.jpg,validation,data/wood_species/splits/validation/pine/test_2702_8.jpg,200,200,3,42
WOOD-AUTH,Category 8 (Pine),pine,196_8.jpg,data/wood_species/raw/pine/train_196_8.jpg,validation,data/wood_species/splits/validation/pine/train_196_8.jpg,200,200,3,42
WOOD-AUTH,Category 8 (Pine),pine,72_8.jpg,data/wood_species/raw/pine/train_72_8.jpg,validation,data/wood_species/splits/validation/pine/train_72_8.jpg,200,200,3,42
WOOD-AUTH,Category 8 (Pine),pine,2700_8.jpg,data/wood_species/raw/pine/test_2700_8.jpg,validation,data/wood_species/splits/validation/pine/test_2700_8.jpg,200,200,3,42
WOOD-AUTH,Category 8 (Pine),pine,29_8.jpg,data/wood_species/raw/pine/train_29_8.jpg,validation,data/wood_species/splits/validation/pine/train_29_8.jpg,200,200,3,42
WOOD-AUTH,Category 8 (Pine),pine,75_8.jpg,data/wood_species/raw/pine/train_75_8.jpg,validation,data/wood_species/splits/validation/pine/train_75_8.jpg,200,200,3,42
WOOD-AUTH,Category 8 (Pine),pine,139_8.jpg,data/wood_species/raw/pine/train_139_8.jpg,validation,data/wood_species/splits/validation/pine/train_139_8.jpg,200,200,3,42
WOOD-AUTH,Category 8 (Pine),pine,2687_8.jpg,data/wood_species/raw/pine/test_2687_8.jpg,validation,data/wood_species/splits/validation/pine/test_2687_8.jpg,200,200,3,42
WOOD-AUTH,Category 8 (Pine),pine,134_8.jpg,data/wood_species/raw/pine/train_134_8.jpg,validation,data/wood_species/splits/validation/pine/train_134_8.jpg,200,200,3,42
WOOD-AUTH,Category 8 (Pine),pine,2651_8.jpg,data/wood_species/raw/pine/test_2651_8.jpg,validation,data/wood_species/splits/validation/pine/test_2651_8.jpg,200,200,3,42
WOOD-AUTH,Category 8 (Pine),pine,2693_8.jpg,data/wood_species/raw/pine/test_2693_8.jpg,validation,data/wood_species/splits/validation/pine/test_2693_8.jpg,200,200,3,42
WOOD-AUTH,Category 8 (Pine),pine,95_8.jpg,data/wood_species/raw/pine/train_95_8.jpg,validation,data/wood_species/splits/validation/pine/train_95_8.jpg,200,200,3,42
WOOD-AUTH,Category 8 (Pine),pine,125_8.jpg,data/wood_species/raw/pine/train_125_8.jpg,validation,data/wood_species/splits/validation/pine/train_125_8.jpg,200,200,3,42
WOOD-AUTH,Category 8 (Pine),pine,45_8.jpg,data/wood_species/raw/pine/train_45_8.jpg,validation,data/wood_species/splits/validation/pine/train_45_8.jpg,200,200,3,42
WOOD-AUTH,Category 8 (Pine),pine,2720_8.jpg,data/wood_species/raw/pine/test_2720_8.jpg,validation,data/wood_species/splits/validation/pine/test_2720_8.jpg,200,200,3,42
WOOD-AUTH,Category 8 (Pine),pine,135_8.jpg,data/wood_species/raw/pine/train_135_8.jpg,validation,data/wood_species/splits/validation/pine/train_135_8.jpg,200,200,3,42
WOOD-AUTH,Category 8 (Pine),pine,175_8.jpg,data/wood_species/raw/pine/train_175_8.jpg,validation,data/wood_species/splits/validation/pine/train_175_8.jpg,200,200,3,42
WOOD-AUTH,Category 8 (Pine),pine,2728_8.jpg,data/wood_species/raw/pine/test_2728_8.jpg,validation,data/wood_species/splits/validation/pine/test_2728_8.jpg,200,200,3,42
WOOD-AUTH,Category 8 (Pine),pine,19_8.jpg,data/wood_species/raw/pine/train_19_8.jpg,validation,data/wood_species/splits/validation/pine/train_19_8.jpg,200,200,3,42
WOOD-AUTH,Category 8 (Pine),pine,169_8.jpg,data/wood_species/raw/pine/train_169_8.jpg,validation,data/wood_species/splits/validation/pine/train_169_8.jpg,200,200,3,42
WOOD-AUTH,Category 8 (Pine),pine,2626_8.jpg,data/wood_species/raw/pine/test_2626_8.jpg,validation,data/wood_species/splits/validation/pine/test_2626_8.jpg,200,200,3,42
WOOD-AUTH,Category 8 (Pine),pine,109_8.jpg,data/wood_species/raw/pine/train_109_8.jpg,validation,data/wood_species/splits/validation/pine/train_109_8.jpg,200,200,3,42
WOOD-AUTH,Category 8 (Pine),pine,2715_8.jpg,data/wood_species/raw/pine/test_2715_8.jpg,validation,data/wood_species/splits/validation/pine/test_2715_8.jpg,200,200,3,42
WOOD-AUTH,Category 8 (Pine),pine,87_8.jpg,data/wood_species/raw/pine/train_87_8.jpg,validation,data/wood_species/splits/validation/pine/train_87_8.jpg,200,200,3,42
WOOD-AUTH,Category 8 (Pine),pine,152_8.jpg,data/wood_species/raw/pine/train_152_8.jpg,validation,data/wood_species/splits/validation/pine/train_152_8.jpg,200,200,3,42
WOOD-AUTH,Category 8 (Pine),pine,148_8.jpg,data/wood_species/raw/pine/train_148_8.jpg,validation,data/wood_species/splits/validation/pine/train_148_8.jpg,200,200,3,42
WOOD-AUTH,Category 8 (Pine),pine,8_8.jpg,data/wood_species/raw/pine/train_8_8.jpg,validation,data/wood_species/splits/validation/pine/train_8_8.jpg,200,200,3,42
WOOD-AUTH,Category 8 (Pine),pine,2654_8.jpg,data/wood_species/raw/pine/test_2654_8.jpg,validation,data/wood_species/splits/validation/pine/test_2654_8.jpg,200,200,3,42
WOOD-AUTH,Category 8 (Pine),pine,216_8.jpg,data/wood_species/raw/pine/train_216_8.jpg,validation,data/wood_species/splits/validation/pine/train_216_8.jpg,200,200,3,42
WOOD-AUTH,Category 8 (Pine),pine,2635_8.jpg,data/wood_species/raw/pine/test_2635_8.jpg,validation,data/wood_species/splits/validation/pine/test_2635_8.jpg,200,200,3,42
WOOD-AUTH,Category 8 (Pine),pine,2657_8.jpg,data/wood_species/raw/pine/test_2657_8.jpg,validation,data/wood_species/splits/validation/pine/test_2657_8.jpg,200,200,3,42
WOOD-AUTH,Category 8 (Pine),pine,23_8.jpg,data/wood_species/raw/pine/train_23_8.jpg,validation,data/wood_species/splits/validation/pine/train_23_8.jpg,200,200,3,42
WOOD-AUTH,Category 8 (Pine),pine,96_8.jpg,data/wood_species/raw/pine/train_96_8.jpg,validation,data/wood_species/splits/validation/pine/train_96_8.jpg,200,200,3,42
WOOD-AUTH,Category 8 (Pine),pine,2695_8.jpg,data/wood_species/raw/pine/test_2695_8.jpg,test,data/wood_species/splits/test/pine/test_2695_8.jpg,200,200,3,42
WOOD-AUTH,Category 8 (Pine),pine,184_8.jpg,data/wood_species/raw/pine/train_184_8.jpg,test,data/wood_species/splits/test/pine/train_184_8.jpg,200,200,3,42
WOOD-AUTH,Category 8 (Pine),pine,37_8.jpg,data/wood_species/raw/pine/train_37_8.jpg,test,data/wood_species/splits/test/pine/train_37_8.jpg,200,200,3,42
WOOD-AUTH,Category 8 (Pine),pine,51_8.jpg,data/wood_species/raw/pine/train_51_8.jpg,test,data/wood_species/splits/test/pine/train_51_8.jpg,200,200,3,42
WOOD-AUTH,Category 8 (Pine),pine,2629_8.jpg,data/wood_species/raw/pine/test_2629_8.jpg,test,data/wood_species/splits/test/pine/test_2629_8.jpg,200,200,3,42
WOOD-AUTH,Category 8 (Pine),pine,47_8.jpg,data/wood_species/raw/pine/train_47_8.jpg,test,data/wood_species/splits/test/pine/train_47_8.jpg,200,200,3,42
WOOD-AUTH,Category 8 (Pine),pine,2692_8.jpg,data/wood_species/raw/pine/test_2692_8.jpg,test,data/wood_species/splits/test/pine/test_2692_8.jpg,200,200,3,42
WOOD-AUTH,Category 8 (Pine),pine,147_8.jpg,data/wood_species/raw/pine/train_147_8.jpg,test,data/wood_species/splits/test/pine/train_147_8.jpg,200,200,3,42
WOOD-AUTH,Category 8 (Pine),pine,2664_8.jpg,data/wood_species/raw/pine/test_2664_8.jpg,test,data/wood_species/splits/test/pine/test_2664_8.jpg,200,200,3,42
WOOD-AUTH,Category 8 (Pine),pine,17_8.jpg,data/wood_species/raw/pine/train_17_8.jpg,test,data/wood_species/splits/test/pine/train_17_8.jpg,200,200,3,42
WOOD-AUTH,Category 8 (Pine),pine,2705_8.jpg,data/wood_species/raw/pine/test_2705_8.jpg,test,data/wood_species/splits/test/pine/test_2705_8.jpg,200,200,3,42
WOOD-AUTH,Category 8 (Pine),pine,21_8.jpg,data/wood_species/raw/pine/train_21_8.jpg,test,data/wood_species/splits/test/pine/train_21_8.jpg,200,200,3,42
WOOD-AUTH,Category 8 (Pine),pine,104_8.jpg,data/wood_species/raw/pine/train_104_8.jpg,test,data/wood_species/splits/test/pine/train_104_8.jpg,200,200,3,42
WOOD-AUTH,Category 8 (Pine),pine,2683_8.jpg,data/wood_species/raw/pine/test_2683_8.jpg,test,data/wood_species/splits/test/pine/test_2683_8.jpg,200,200,3,42
WOOD-AUTH,Category 8 (Pine),pine,46_8.jpg,data/wood_species/raw/pine/train_46_8.jpg,test,data/wood_species/splits/test/pine/train_46_8.jpg,200,200,3,42
WOOD-AUTH,Category 8 (Pine),pine,86_8.jpg,data/wood_species/raw/pine/train_86_8.jpg,test,data/wood_species/splits/test/pine/train_86_8.jpg,200,200,3,42
WOOD-AUTH,Category 8 (Pine),pine,217_8.jpg,data/wood_species/raw/pine/train_217_8.jpg,test,data/wood_species/splits/test/pine/train_217_8.jpg,200,200,3,42
WOOD-AUTH,Category 8 (Pine),pine,2622_8.jpg,data/wood_species/raw/pine/test_2622_8.jpg,test,data/wood_species/splits/test/pine/test_2622_8.jpg,200,200,3,42
WOOD-AUTH,Category 8 (Pine),pine,183_8.jpg,data/wood_species/raw/pine/train_183_8.jpg,test,data/wood_species/splits/test/pine/train_183_8.jpg,200,200,3,42
WOOD-AUTH,Category 8 (Pine),pine,2640_8.jpg,data/wood_species/raw/pine/test_2640_8.jpg,test,data/wood_species/splits/test/pine/test_2640_8.jpg,200,200,3,42
WOOD-AUTH,Category 8 (Pine),pine,2711_8.jpg,data/wood_species/raw/pine/test_2711_8.jpg,test,data/wood_species/splits/test/pine/test_2711_8.jpg,200,200,3,42
WOOD-AUTH,Category 8 (Pine),pine,61_8.jpg,data/wood_species/raw/pine/train_61_8.jpg,test,data/wood_species/splits/test/pine/train_61_8.jpg,200,200,3,42
WOOD-AUTH,Category 8 (Pine),pine,42_8.jpg,data/wood_species/raw/pine/train_42_8.jpg,test,data/wood_species/splits/test/pine/train_42_8.jpg,200,200,3,42
WOOD-AUTH,Category 8 (Pine),pine,2639_8.jpg,data/wood_species/raw/pine/test_2639_8.jpg,test,data/wood_species/splits/test/pine/test_2639_8.jpg,200,200,3,42
WOOD-AUTH,Category 8 (Pine),pine,81_8.jpg,data/wood_species/raw/pine/train_81_8.jpg,test,data/wood_species/splits/test/pine/train_81_8.jpg,200,200,3,42
WOOD-AUTH,Category 8 (Pine),pine,2685_8.jpg,data/wood_species/raw/pine/test_2685_8.jpg,test,data/wood_species/splits/test/pine/test_2685_8.jpg,200,200,3,42
WOOD-AUTH,Category 8 (Pine),pine,2630_8.jpg,data/wood_species/raw/pine/test_2630_8.jpg,test,data/wood_species/splits/test/pine/test_2630_8.jpg,200,200,3,42
WOOD-AUTH,Category 8 (Pine),pine,27_8.jpg,data/wood_species/raw/pine/train_27_8.jpg,test,data/wood_species/splits/test/pine/train_27_8.jpg,200,200,3,42
WOOD-AUTH,Category 8 (Pine),pine,2669_8.jpg,data/wood_species/raw/pine/test_2669_8.jpg,test,data/wood_species/splits/test/pine/test_2669_8.jpg,200,200,3,42
WOOD-AUTH,Category 8 (Pine),pine,2648_8.jpg,data/wood_species/raw/pine/test_2648_8.jpg,test,data/wood_species/splits/test/pine/test_2648_8.jpg,200,200,3,42
WOOD-AUTH,Category 8 (Pine),pine,40_8.jpg,data/wood_species/raw/pine/train_40_8.jpg,test,data/wood_species/splits/test/pine/train_40_8.jpg,200,200,3,42
WOOD-AUTH,Category 8 (Pine),pine,149_8.jpg,data/wood_species/raw/pine/train_149_8.jpg,test,data/wood_species/splits/test/pine/train_149_8.jpg,200,200,3,42
WOOD-AUTH,Category 8 (Pine),pine,2719_8.jpg,data/wood_species/raw/pine/test_2719_8.jpg,test,data/wood_species/splits/test/pine/test_2719_8.jpg,200,200,3,42
WOOD-AUTH,Category 8 (Pine),pine,114_8.jpg,data/wood_species/raw/pine/train_114_8.jpg,test,data/wood_species/splits/test/pine/train_114_8.jpg,200,200,3,42
WOOD-AUTH,Category 8 (Pine),pine,2660_8.jpg,data/wood_species/raw/pine/test_2660_8.jpg,test,data/wood_species/splits/test/pine/test_2660_8.jpg,200,200,3,42
WOOD-AUTH,Category 8 (Pine),pine,170_8.jpg,data/wood_species/raw/pine/train_170_8.jpg,test,data/wood_species/splits/test/pine/train_170_8.jpg,200,200,3,42
WOOD-AUTH,Category 8 (Pine),pine,159_8.jpg,data/wood_species/raw/pine/train_159_8.jpg,test,data/wood_species/splits/test/pine/train_159_8.jpg,200,200,3,42
WOOD-AUTH,Category 8 (Pine),pine,6_8.jpg,data/wood_species/raw/pine/train_6_8.jpg,test,data/wood_species/splits/test/pine/train_6_8.jpg,200,200,3,42
WOOD-AUTH,Category 8 (Pine),pine,2645_8.jpg,data/wood_species/raw/pine/test_2645_8.jpg,test,data/wood_species/splits/test/pine/test_2645_8.jpg,200,200,3,42
WOOD-AUTH,Category 8 (Pine),pine,14_8.jpg,data/wood_species/raw/pine/train_14_8.jpg,test,data/wood_species/splits/test/pine/train_14_8.jpg,200,200,3,42
WOOD-AUTH,Category 8 (Pine),pine,2650_8.jpg,data/wood_species/raw/pine/test_2650_8.jpg,test,data/wood_species/splits/test/pine/test_2650_8.jpg,200,200,3,42
WOOD-AUTH,Category 8 (Pine),pine,189_8.jpg,data/wood_species/raw/pine/train_189_8.jpg,test,data/wood_species/splits/test/pine/train_189_8.jpg,200,200,3,42
WOOD-AUTH,Category 8 (Pine),pine,177_8.jpg,data/wood_species/raw/pine/train_177_8.jpg,test,data/wood_species/splits/test/pine/train_177_8.jpg,200,200,3,42
WOOD-AUTH,Category 8 (Pine),pine,2674_8.jpg,data/wood_species/raw/pine/test_2674_8.jpg,test,data/wood_species/splits/test/pine/test_2674_8.jpg,200,200,3,42
WOOD-AUTH,Category 8 (Pine),pine,224_8.jpg,data/wood_species/raw/pine/train_224_8.jpg,test,data/wood_species/splits/test/pine/train_224_8.jpg,200,200,3,42
WOOD-AUTH,Category 8 (Pine),pine,39_8.jpg,data/wood_species/raw/pine/train_39_8.jpg,test,data/wood_species/splits/test/pine/train_39_8.jpg,200,200,3,42
WOOD-AUTH,Category 8 (Pine),pine,2688_8.jpg,data/wood_species/raw/pine/test_2688_8.jpg,test,data/wood_species/splits/test/pine/test_2688_8.jpg,200,200,3,42
WOOD-AUTH,Category 8 (Pine),pine,2714_8.jpg,data/wood_species/raw/pine/test_2714_8.jpg,test,data/wood_species/splits/test/pine/test_2714_8.jpg,200,200,3,42
WOOD-AUTH,Category 8 (Pine),pine,163_8.jpg,data/wood_species/raw/pine/train_163_8.jpg,test,data/wood_species/splits/test/pine/train_163_8.jpg,200,200,3,42
WOOD-AUTH,Category 8 (Pine),pine,2642_8.jpg,data/wood_species/raw/pine/test_2642_8.jpg,test,data/wood_species/splits/test/pine/test_2642_8.jpg,200,200,3,42
WOOD-AUTH,Category 2 (Walnut),walnut,171_2.jpg,data/wood_species/raw/walnut/train_171_2.jpg,train,data/wood_species/splits/train/walnut/train_171_2.jpg,200,200,3,42
WOOD-AUTH,Category 2 (Walnut),walnut,140_2.jpg,data/wood_species/raw/walnut/train_140_2.jpg,train,data/wood_species/splits/train/walnut/train_140_2.jpg,200,200,3,42
WOOD-AUTH,Category 2 (Walnut),walnut,124_2.jpg,data/wood_species/raw/walnut/train_124_2.jpg,train,data/wood_species/splits/train/walnut/train_124_2.jpg,200,200,3,42
WOOD-AUTH,Category 2 (Walnut),walnut,180_2.jpg,data/wood_species/raw/walnut/train_180_2.jpg,train,data/wood_species/splits/train/walnut/train_180_2.jpg,200,200,3,42
WOOD-AUTH,Category 2 (Walnut),walnut,1243_2.jpg,data/wood_species/raw/walnut/test_1243_2.jpg,train,data/wood_species/splits/train/walnut/test_1243_2.jpg,200,200,3,42
WOOD-AUTH,Category 2 (Walnut),walnut,195_2.jpg,data/wood_species/raw/walnut/train_195_2.jpg,train,data/wood_species/splits/train/walnut/train_195_2.jpg,200,200,3,42
WOOD-AUTH,Category 2 (Walnut),walnut,19_2.jpg,data/wood_species/raw/walnut/train_19_2.jpg,train,data/wood_species/splits/train/walnut/train_19_2.jpg,200,200,3,42
WOOD-AUTH,Category 2 (Walnut),walnut,130_2.jpg,data/wood_species/raw/walnut/train_130_2.jpg,train,data/wood_species/splits/train/walnut/train_130_2.jpg,200,200,3,42
WOOD-AUTH,Category 2 (Walnut),walnut,27_2.jpg,data/wood_species/raw/walnut/train_27_2.jpg,train,data/wood_species/splits/train/walnut/train_27_2.jpg,200,200,3,42
WOOD-AUTH,Category 2 (Walnut),walnut,95_2.jpg,data/wood_species/raw/walnut/train_95_2.jpg,train,data/wood_species/splits/train/walnut/train_95_2.jpg,200,200,3,42
WOOD-AUTH,Category 2 (Walnut),walnut,198_2.jpg,data/wood_species/raw/walnut/train_198_2.jpg,train,data/wood_species/splits/train/walnut/train_198_2.jpg,200,200,3,42
WOOD-AUTH,Category 2 (Walnut),walnut,1274_2.jpg,data/wood_species/raw/walnut/test_1274_2.jpg,train,data/wood_species/splits/train/walnut/test_1274_2.jpg,200,200,3,42
WOOD-AUTH,Category 2 (Walnut),walnut,176_2.jpg,data/wood_species/raw/walnut/train_176_2.jpg,train,data/wood_species/splits/train/walnut/train_176_2.jpg,200,200,3,42
WOOD-AUTH,Category 2 (Walnut),walnut,1233_2.jpg,data/wood_species/raw/walnut/test_1233_2.jpg,train,data/wood_species/splits/train/walnut/test_1233_2.jpg,200,200,3,42
WOOD-AUTH,Category 2 (Walnut),walnut,86_2.jpg,data/wood_species/raw/walnut/train_86_2.jpg,train,data/wood_species/splits/train/walnut/train_86_2.jpg,200,200,3,42
WOOD-AUTH,Category 2 (Walnut),walnut,1291_2.jpg,data/wood_species/raw/walnut/test_1291_2.jpg,train,data/wood_species/splits/train/walnut/test_1291_2.jpg,200,200,3,42
WOOD-AUTH,Category 2 (Walnut),walnut,158_2.jpg,data/wood_species/raw/walnut/train_158_2.jpg,train,data/wood_species/splits/train/walnut/train_158_2.jpg,200,200,3,42
WOOD-AUTH,Category 2 (Walnut),walnut,1281_2.jpg,data/wood_species/raw/walnut/test_1281_2.jpg,train,data/wood_species/splits/train/walnut/test_1281_2.jpg,200,200,3,42
WOOD-AUTH,Category 2 (Walnut),walnut,12_2.jpg,data/wood_species/raw/walnut/train_12_2.jpg,train,data/wood_species/splits/train/walnut/train_12_2.jpg,200,200,3,42
WOOD-AUTH,Category 2 (Walnut),walnut,110_2.jpg,data/wood_species/raw/walnut/train_110_2.jpg,train,data/wood_species/splits/train/walnut/train_110_2.jpg,200,200,3,42
WOOD-AUTH,Category 2 (Walnut),walnut,75_2.jpg,data/wood_species/raw/walnut/train_75_2.jpg,train,data/wood_species/splits/train/walnut/train_75_2.jpg,200,200,3,42
WOOD-AUTH,Category 2 (Walnut),walnut,1219_2.jpg,data/wood_species/raw/walnut/test_1219_2.jpg,train,data/wood_species/splits/train/walnut/test_1219_2.jpg,200,200,3,42
WOOD-AUTH,Category 2 (Walnut),walnut,10_2.jpg,data/wood_species/raw/walnut/train_10_2.jpg,train,data/wood_species/splits/train/walnut/train_10_2.jpg,200,200,3,42
WOOD-AUTH,Category 2 (Walnut),walnut,165_2.jpg,data/wood_species/raw/walnut/train_165_2.jpg,train,data/wood_species/splits/train/walnut/train_165_2.jpg,200,200,3,42
WOOD-AUTH,Category 2 (Walnut),walnut,50_2.jpg,data/wood_species/raw/walnut/train_50_2.jpg,train,data/wood_species/splits/train/walnut/train_50_2.jpg,200,200,3,42
WOOD-AUTH,Category 2 (Walnut),walnut,1228_2.jpg,data/wood_species/raw/walnut/test_1228_2.jpg,train,data/wood_species/splits/train/walnut/test_1228_2.jpg,200,200,3,42
WOOD-AUTH,Category 2 (Walnut),walnut,1278_2.jpg,data/wood_species/raw/walnut/test_1278_2.jpg,train,data/wood_species/splits/train/walnut/test_1278_2.jpg,200,200,3,42
WOOD-AUTH,Category 2 (Walnut),walnut,32_2.jpg,data/wood_species/raw/walnut/train_32_2.jpg,train,data/wood_species/splits/train/walnut/train_32_2.jpg,200,200,3,42
WOOD-AUTH,Category 2 (Walnut),walnut,177_2.jpg,data/wood_species/raw/walnut/train_177_2.jpg,train,data/wood_species/splits/train/walnut/train_177_2.jpg,200,200,3,42
WOOD-AUTH,Category 2 (Walnut),walnut,29_2.jpg,data/wood_species/raw/walnut/train_29_2.jpg,train,data/wood_species/splits/train/walnut/train_29_2.jpg,200,200,3,42
WOOD-AUTH,Category 2 (Walnut),walnut,98_2.jpg,data/wood_species/raw/walnut/train_98_2.jpg,train,data/wood_species/splits/train/walnut/train_98_2.jpg,200,200,3,42
WOOD-AUTH,Category 2 (Walnut),walnut,160_2.jpg,data/wood_species/raw/walnut/train_160_2.jpg,train,data/wood_species/splits/train/walnut/train_160_2.jpg,200,200,3,42
WOOD-AUTH,Category 2 (Walnut),walnut,15_2.jpg,data/wood_species/raw/walnut/train_15_2.jpg,train,data/wood_species/splits/train/walnut/train_15_2.jpg,200,200,3,42
WOOD-AUTH,Category 2 (Walnut),walnut,57_2.jpg,data/wood_species/raw/walnut/train_57_2.jpg,train,data/wood_species/splits/train/walnut/train_57_2.jpg,200,200,3,42
WOOD-AUTH,Category 2 (Walnut),walnut,14_2.jpg,data/wood_species/raw/walnut/train_14_2.jpg,train,data/wood_species/splits/train/walnut/train_14_2.jpg,200,200,3,42
WOOD-AUTH,Category 2 (Walnut),walnut,1224_2.jpg,data/wood_species/raw/walnut/test_1224_2.jpg,train,data/wood_species/splits/train/walnut/test_1224_2.jpg,200,200,3,42
WOOD-AUTH,Category 2 (Walnut),walnut,1259_2.jpg,data/wood_species/raw/walnut/test_1259_2.jpg,train,data/wood_species/splits/train/walnut/test_1259_2.jpg,200,200,3,42
WOOD-AUTH,Category 2 (Walnut),walnut,167_2.jpg,data/wood_species/raw/walnut/train_167_2.jpg,train,data/wood_species/splits/train/walnut/train_167_2.jpg,200,200,3,42
WOOD-AUTH,Category 2 (Walnut),walnut,159_2.jpg,data/wood_species/raw/walnut/train_159_2.jpg,train,data/wood_species/splits/train/walnut/train_159_2.jpg,200,200,3,42
WOOD-AUTH,Category 2 (Walnut),walnut,46_2.jpg,data/wood_species/raw/walnut/train_46_2.jpg,train,data/wood_species/splits/train/walnut/train_46_2.jpg,200,200,3,42
WOOD-AUTH,Category 2 (Walnut),walnut,54_2.jpg,data/wood_species/raw/walnut/train_54_2.jpg,train,data/wood_species/splits/train/walnut/train_54_2.jpg,200,200,3,42
WOOD-AUTH,Category 2 (Walnut),walnut,108_2.jpg,data/wood_species/raw/walnut/train_108_2.jpg,train,data/wood_species/splits/train/walnut/train_108_2.jpg,200,200,3,42
WOOD-AUTH,Category 2 (Walnut),walnut,1297_2.jpg,data/wood_species/raw/walnut/test_1297_2.jpg,train,data/wood_species/splits/train/walnut/test_1297_2.jpg,200,200,3,42
WOOD-AUTH,Category 2 (Walnut),walnut,1309_2.jpg,data/wood_species/raw/walnut/test_1309_2.jpg,train,data/wood_species/splits/train/walnut/test_1309_2.jpg,200,200,3,42
WOOD-AUTH,Category 2 (Walnut),walnut,191_2.jpg,data/wood_species/raw/walnut/train_191_2.jpg,train,data/wood_species/splits/train/walnut/train_191_2.jpg,200,200,3,42
WOOD-AUTH,Category 2 (Walnut),walnut,70_2.jpg,data/wood_species/raw/walnut/train_70_2.jpg,train,data/wood_species/splits/train/walnut/train_70_2.jpg,200,200,3,42
WOOD-AUTH,Category 2 (Walnut),walnut,1220_2.jpg,data/wood_species/raw/walnut/test_1220_2.jpg,train,data/wood_species/splits/train/walnut/test_1220_2.jpg,200,200,3,42
WOOD-AUTH,Category 2 (Walnut),walnut,117_2.jpg,data/wood_species/raw/walnut/train_117_2.jpg,train,data/wood_species/splits/train/walnut/train_117_2.jpg,200,200,3,42
WOOD-AUTH,Category 2 (Walnut),walnut,22_2.jpg,data/wood_species/raw/walnut/train_22_2.jpg,train,data/wood_species/splits/train/walnut/train_22_2.jpg,200,200,3,42
WOOD-AUTH,Category 2 (Walnut),walnut,1270_2.jpg,data/wood_species/raw/walnut/test_1270_2.jpg,train,data/wood_species/splits/train/walnut/test_1270_2.jpg,200,200,3,42
WOOD-AUTH,Category 2 (Walnut),walnut,85_2.jpg,data/wood_species/raw/walnut/train_85_2.jpg,train,data/wood_species/splits/train/walnut/train_85_2.jpg,200,200,3,42
WOOD-AUTH,Category 2 (Walnut),walnut,92_2.jpg,data/wood_species/raw/walnut/train_92_2.jpg,train,data/wood_species/splits/train/walnut/train_92_2.jpg,200,200,3,42
WOOD-AUTH,Category 2 (Walnut),walnut,84_2.jpg,data/wood_species/raw/walnut/train_84_2.jpg,train,data/wood_species/splits/train/walnut/train_84_2.jpg,200,200,3,42
WOOD-AUTH,Category 2 (Walnut),walnut,1302_2.jpg,data/wood_species/raw/walnut/test_1302_2.jpg,train,data/wood_species/splits/train/walnut/test_1302_2.jpg,200,200,3,42
WOOD-AUTH,Category 2 (Walnut),walnut,8_2.jpg,data/wood_species/raw/walnut/train_8_2.jpg,train,data/wood_species/splits/train/walnut/train_8_2.jpg,200,200,3,42
WOOD-AUTH,Category 2 (Walnut),walnut,125_2.jpg,data/wood_species/raw/walnut/train_125_2.jpg,train,data/wood_species/splits/train/walnut/train_125_2.jpg,200,200,3,42
WOOD-AUTH,Category 2 (Walnut),walnut,49_2.jpg,data/wood_species/raw/walnut/train_49_2.jpg,train,data/wood_species/splits/train/walnut/train_49_2.jpg,200,200,3,42
WOOD-AUTH,Category 2 (Walnut),walnut,164_2.jpg,data/wood_species/raw/walnut/train_164_2.jpg,train,data/wood_species/splits/train/walnut/train_164_2.jpg,200,200,3,42
WOOD-AUTH,Category 2 (Walnut),walnut,141_2.jpg,data/wood_species/raw/walnut/train_141_2.jpg,train,data/wood_species/splits/train/walnut/train_141_2.jpg,200,200,3,42
WOOD-AUTH,Category 2 (Walnut),walnut,1229_2.jpg,data/wood_species/raw/walnut/test_1229_2.jpg,train,data/wood_species/splits/train/walnut/test_1229_2.jpg,200,200,3,42
WOOD-AUTH,Category 2 (Walnut),walnut,44_2.jpg,data/wood_species/raw/walnut/train_44_2.jpg,train,data/wood_species/splits/train/walnut/train_44_2.jpg,200,200,3,42
WOOD-AUTH,Category 2 (Walnut),walnut,41_2.jpg,data/wood_species/raw/walnut/train_41_2.jpg,train,data/wood_species/splits/train/walnut/train_41_2.jpg,200,200,3,42
WOOD-AUTH,Category 2 (Walnut),walnut,56_2.jpg,data/wood_species/raw/walnut/train_56_2.jpg,train,data/wood_species/splits/train/walnut/train_56_2.jpg,200,200,3,42
WOOD-AUTH,Category 2 (Walnut),walnut,173_2.jpg,data/wood_species/raw/walnut/train_173_2.jpg,train,data/wood_species/splits/train/walnut/train_173_2.jpg,200,200,3,42
WOOD-AUTH,Category 2 (Walnut),walnut,123_2.jpg,data/wood_species/raw/walnut/train_123_2.jpg,train,data/wood_species/splits/train/walnut/train_123_2.jpg,200,200,3,42
WOOD-AUTH,Category 2 (Walnut),walnut,1240_2.jpg,data/wood_species/raw/walnut/test_1240_2.jpg,train,data/wood_species/splits/train/walnut/test_1240_2.jpg,200,200,3,42
WOOD-AUTH,Category 2 (Walnut),walnut,1310_2.jpg,data/wood_species/raw/walnut/test_1310_2.jpg,train,data/wood_species/splits/train/walnut/test_1310_2.jpg,200,200,3,42
WOOD-AUTH,Category 2 (Walnut),walnut,156_2.jpg,data/wood_species/raw/walnut/train_156_2.jpg,train,data/wood_species/splits/train/walnut/train_156_2.jpg,200,200,3,42
WOOD-AUTH,Category 2 (Walnut),walnut,1282_2.jpg,data/wood_species/raw/walnut/test_1282_2.jpg,train,data/wood_species/splits/train/walnut/test_1282_2.jpg,200,200,3,42
WOOD-AUTH,Category 2 (Walnut),walnut,1279_2.jpg,data/wood_species/raw/walnut/test_1279_2.jpg,train,data/wood_species/splits/train/walnut/test_1279_2.jpg,200,200,3,42
WOOD-AUTH,Category 2 (Walnut),walnut,76_2.jpg,data/wood_species/raw/walnut/train_76_2.jpg,train,data/wood_species/splits/train/walnut/train_76_2.jpg,200,200,3,42
WOOD-AUTH,Category 2 (Walnut),walnut,109_2.jpg,data/wood_species/raw/walnut/train_109_2.jpg,train,data/wood_species/splits/train/walnut/train_109_2.jpg,200,200,3,42
WOOD-AUTH,Category 2 (Walnut),walnut,1218_2.jpg,data/wood_species/raw/walnut/test_1218_2.jpg,train,data/wood_species/splits/train/walnut/test_1218_2.jpg,200,200,3,42
WOOD-AUTH,Category 2 (Walnut),walnut,1287_2.jpg,data/wood_species/raw/walnut/test_1287_2.jpg,train,data/wood_species/splits/train/walnut/test_1287_2.jpg,200,200,3,42
WOOD-AUTH,Category 2 (Walnut),walnut,99_2.jpg,data/wood_species/raw/walnut/train_99_2.jpg,train,data/wood_species/splits/train/walnut/train_99_2.jpg,200,200,3,42
WOOD-AUTH,Category 2 (Walnut),walnut,63_2.jpg,data/wood_species/raw/walnut/train_63_2.jpg,train,data/wood_species/splits/train/walnut/train_63_2.jpg,200,200,3,42
WOOD-AUTH,Category 2 (Walnut),walnut,1306_2.jpg,data/wood_species/raw/walnut/test_1306_2.jpg,train,data/wood_species/splits/train/walnut/test_1306_2.jpg,200,200,3,42
WOOD-AUTH,Category 2 (Walnut),walnut,79_2.jpg,data/wood_species/raw/walnut/train_79_2.jpg,train,data/wood_species/splits/train/walnut/train_79_2.jpg,200,200,3,42
WOOD-AUTH,Category 2 (Walnut),walnut,1292_2.jpg,data/wood_species/raw/walnut/test_1292_2.jpg,train,data/wood_species/splits/train/walnut/test_1292_2.jpg,200,200,3,42
WOOD-AUTH,Category 2 (Walnut),walnut,36_2.jpg,data/wood_species/raw/walnut/train_36_2.jpg,train,data/wood_species/splits/train/walnut/train_36_2.jpg,200,200,3,42
WOOD-AUTH,Category 2 (Walnut),walnut,131_2.jpg,data/wood_species/raw/walnut/train_131_2.jpg,train,data/wood_species/splits/train/walnut/train_131_2.jpg,200,200,3,42
WOOD-AUTH,Category 2 (Walnut),walnut,1247_2.jpg,data/wood_species/raw/walnut/test_1247_2.jpg,train,data/wood_species/splits/train/walnut/test_1247_2.jpg,200,200,3,42
WOOD-AUTH,Category 2 (Walnut),walnut,148_2.jpg,data/wood_species/raw/walnut/train_148_2.jpg,train,data/wood_species/splits/train/walnut/train_148_2.jpg,200,200,3,42
WOOD-AUTH,Category 2 (Walnut),walnut,33_2.jpg,data/wood_species/raw/walnut/train_33_2.jpg,train,data/wood_species/splits/train/walnut/train_33_2.jpg,200,200,3,42
WOOD-AUTH,Category 2 (Walnut),walnut,1262_2.jpg,data/wood_species/raw/walnut/test_1262_2.jpg,train,data/wood_species/splits/train/walnut/test_1262_2.jpg,200,200,3,42
WOOD-AUTH,Category 2 (Walnut),walnut,187_2.jpg,data/wood_species/raw/walnut/train_187_2.jpg,train,data/wood_species/splits/train/walnut/train_187_2.jpg,200,200,3,42
WOOD-AUTH,Category 2 (Walnut),walnut,53_2.jpg,data/wood_species/raw/walnut/train_53_2.jpg,train,data/wood_species/splits/train/walnut/train_53_2.jpg,200,200,3,42
WOOD-AUTH,Category 2 (Walnut),walnut,150_2.jpg,data/wood_species/raw/walnut/train_150_2.jpg,train,data/wood_species/splits/train/walnut/train_150_2.jpg,200,200,3,42
WOOD-AUTH,Category 2 (Walnut),walnut,1241_2.jpg,data/wood_species/raw/walnut/test_1241_2.jpg,train,data/wood_species/splits/train/walnut/test_1241_2.jpg,200,200,3,42
WOOD-AUTH,Category 2 (Walnut),walnut,43_2.jpg,data/wood_species/raw/walnut/train_43_2.jpg,train,data/wood_species/splits/train/walnut/train_43_2.jpg,200,200,3,42
WOOD-AUTH,Category 2 (Walnut),walnut,184_2.jpg,data/wood_species/raw/walnut/train_184_2.jpg,train,data/wood_species/splits/train/walnut/train_184_2.jpg,200,200,3,42
WOOD-AUTH,Category 2 (Walnut),walnut,60_2.jpg,data/wood_species/raw/walnut/train_60_2.jpg,train,data/wood_species/splits/train/walnut/train_60_2.jpg,200,200,3,42
WOOD-AUTH,Category 2 (Walnut),walnut,23_2.jpg,data/wood_species/raw/walnut/train_23_2.jpg,train,data/wood_species/splits/train/walnut/train_23_2.jpg,200,200,3,42
WOOD-AUTH,Category 2 (Walnut),walnut,146_2.jpg,data/wood_species/raw/walnut/train_146_2.jpg,train,data/wood_species/splits/train/walnut/train_146_2.jpg,200,200,3,42
WOOD-AUTH,Category 2 (Walnut),walnut,1246_2.jpg,data/wood_species/raw/walnut/test_1246_2.jpg,train,data/wood_species/splits/train/walnut/test_1246_2.jpg,200,200,3,42
WOOD-AUTH,Category 2 (Walnut),walnut,18_2.jpg,data/wood_species/raw/walnut/train_18_2.jpg,train,data/wood_species/splits/train/walnut/train_18_2.jpg,200,200,3,42
WOOD-AUTH,Category 2 (Walnut),walnut,182_2.jpg,data/wood_species/raw/walnut/train_182_2.jpg,train,data/wood_species/splits/train/walnut/train_182_2.jpg,200,200,3,42
WOOD-AUTH,Category 2 (Walnut),walnut,192_2.jpg,data/wood_species/raw/walnut/train_192_2.jpg,train,data/wood_species/splits/train/walnut/train_192_2.jpg,200,200,3,42
WOOD-AUTH,Category 2 (Walnut),walnut,1238_2.jpg,data/wood_species/raw/walnut/test_1238_2.jpg,train,data/wood_species/splits/train/walnut/test_1238_2.jpg,200,200,3,42
WOOD-AUTH,Category 2 (Walnut),walnut,30_2.jpg,data/wood_species/raw/walnut/train_30_2.jpg,train,data/wood_species/splits/train/walnut/train_30_2.jpg,200,200,3,42
WOOD-AUTH,Category 2 (Walnut),walnut,94_2.jpg,data/wood_species/raw/walnut/train_94_2.jpg,train,data/wood_species/splits/train/walnut/train_94_2.jpg,200,200,3,42
WOOD-AUTH,Category 2 (Walnut),walnut,1269_2.jpg,data/wood_species/raw/walnut/test_1269_2.jpg,train,data/wood_species/splits/train/walnut/test_1269_2.jpg,200,200,3,42
WOOD-AUTH,Category 2 (Walnut),walnut,1249_2.jpg,data/wood_species/raw/walnut/test_1249_2.jpg,train,data/wood_species/splits/train/walnut/test_1249_2.jpg,200,200,3,42
WOOD-AUTH,Category 2 (Walnut),walnut,132_2.jpg,data/wood_species/raw/walnut/train_132_2.jpg,train,data/wood_species/splits/train/walnut/train_132_2.jpg,200,200,3,42
WOOD-AUTH,Category 2 (Walnut),walnut,1_2.jpg,data/wood_species/raw/walnut/train_1_2.jpg,train,data/wood_species/splits/train/walnut/train_1_2.jpg,200,200,3,42
WOOD-AUTH,Category 2 (Walnut),walnut,42_2.jpg,data/wood_species/raw/walnut/train_42_2.jpg,train,data/wood_species/splits/train/walnut/train_42_2.jpg,200,200,3,42
WOOD-AUTH,Category 2 (Walnut),walnut,47_2.jpg,data/wood_species/raw/walnut/train_47_2.jpg,train,data/wood_species/splits/train/walnut/train_47_2.jpg,200,200,3,42
WOOD-AUTH,Category 2 (Walnut),walnut,35_2.jpg,data/wood_species/raw/walnut/train_35_2.jpg,train,data/wood_species/splits/train/walnut/train_35_2.jpg,200,200,3,42
WOOD-AUTH,Category 2 (Walnut),walnut,199_2.jpg,data/wood_species/raw/walnut/train_199_2.jpg,train,data/wood_species/splits/train/walnut/train_199_2.jpg,200,200,3,42
WOOD-AUTH,Category 2 (Walnut),walnut,103_2.jpg,data/wood_species/raw/walnut/train_103_2.jpg,train,data/wood_species/splits/train/walnut/train_103_2.jpg,200,200,3,42
WOOD-AUTH,Category 2 (Walnut),walnut,20_2.jpg,data/wood_species/raw/walnut/train_20_2.jpg,train,data/wood_species/splits/train/walnut/train_20_2.jpg,200,200,3,42
WOOD-AUTH,Category 2 (Walnut),walnut,52_2.jpg,data/wood_species/raw/walnut/train_52_2.jpg,train,data/wood_species/splits/train/walnut/train_52_2.jpg,200,200,3,42
WOOD-AUTH,Category 2 (Walnut),walnut,1234_2.jpg,data/wood_species/raw/walnut/test_1234_2.jpg,train,data/wood_species/splits/train/walnut/test_1234_2.jpg,200,200,3,42
WOOD-AUTH,Category 2 (Walnut),walnut,121_2.jpg,data/wood_species/raw/walnut/train_121_2.jpg,train,data/wood_species/splits/train/walnut/train_121_2.jpg,200,200,3,42
WOOD-AUTH,Category 2 (Walnut),walnut,1217_2.jpg,data/wood_species/raw/walnut/test_1217_2.jpg,train,data/wood_species/splits/train/walnut/test_1217_2.jpg,200,200,3,42
WOOD-AUTH,Category 2 (Walnut),walnut,193_2.jpg,data/wood_species/raw/walnut/train_193_2.jpg,train,data/wood_species/splits/train/walnut/train_193_2.jpg,200,200,3,42
WOOD-AUTH,Category 2 (Walnut),walnut,102_2.jpg,data/wood_species/raw/walnut/train_102_2.jpg,train,data/wood_species/splits/train/walnut/train_102_2.jpg,200,200,3,42
WOOD-AUTH,Category 2 (Walnut),walnut,166_2.jpg,data/wood_species/raw/walnut/train_166_2.jpg,train,data/wood_species/splits/train/walnut/train_166_2.jpg,200,200,3,42
WOOD-AUTH,Category 2 (Walnut),walnut,1307_2.jpg,data/wood_species/raw/walnut/test_1307_2.jpg,train,data/wood_species/splits/train/walnut/test_1307_2.jpg,200,200,3,42
WOOD-AUTH,Category 2 (Walnut),walnut,11_2.jpg,data/wood_species/raw/walnut/train_11_2.jpg,train,data/wood_species/splits/train/walnut/train_11_2.jpg,200,200,3,42
WOOD-AUTH,Category 2 (Walnut),walnut,1260_2.jpg,data/wood_species/raw/walnut/test_1260_2.jpg,train,data/wood_species/splits/train/walnut/test_1260_2.jpg,200,200,3,42
WOOD-AUTH,Category 2 (Walnut),walnut,143_2.jpg,data/wood_species/raw/walnut/train_143_2.jpg,train,data/wood_species/splits/train/walnut/train_143_2.jpg,200,200,3,42
WOOD-AUTH,Category 2 (Walnut),walnut,45_2.jpg,data/wood_species/raw/walnut/train_45_2.jpg,train,data/wood_species/splits/train/walnut/train_45_2.jpg,200,200,3,42
WOOD-AUTH,Category 2 (Walnut),walnut,25_2.jpg,data/wood_species/raw/walnut/train_25_2.jpg,train,data/wood_species/splits/train/walnut/train_25_2.jpg,200,200,3,42
WOOD-AUTH,Category 2 (Walnut),walnut,68_2.jpg,data/wood_species/raw/walnut/train_68_2.jpg,train,data/wood_species/splits/train/walnut/train_68_2.jpg,200,200,3,42
WOOD-AUTH,Category 2 (Walnut),walnut,55_2.jpg,data/wood_species/raw/walnut/train_55_2.jpg,train,data/wood_species/splits/train/walnut/train_55_2.jpg,200,200,3,42
WOOD-AUTH,Category 2 (Walnut),walnut,168_2.jpg,data/wood_species/raw/walnut/train_168_2.jpg,train,data/wood_species/splits/train/walnut/train_168_2.jpg,200,200,3,42
WOOD-AUTH,Category 2 (Walnut),walnut,190_2.jpg,data/wood_species/raw/walnut/train_190_2.jpg,train,data/wood_species/splits/train/walnut/train_190_2.jpg,200,200,3,42
WOOD-AUTH,Category 2 (Walnut),walnut,185_2.jpg,data/wood_species/raw/walnut/train_185_2.jpg,train,data/wood_species/splits/train/walnut/train_185_2.jpg,200,200,3,42
WOOD-AUTH,Category 2 (Walnut),walnut,21_2.jpg,data/wood_species/raw/walnut/train_21_2.jpg,train,data/wood_species/splits/train/walnut/train_21_2.jpg,200,200,3,42
WOOD-AUTH,Category 2 (Walnut),walnut,111_2.jpg,data/wood_species/raw/walnut/train_111_2.jpg,train,data/wood_species/splits/train/walnut/train_111_2.jpg,200,200,3,42
WOOD-AUTH,Category 2 (Walnut),walnut,175_2.jpg,data/wood_species/raw/walnut/train_175_2.jpg,train,data/wood_species/splits/train/walnut/train_175_2.jpg,200,200,3,42
WOOD-AUTH,Category 2 (Walnut),walnut,66_2.jpg,data/wood_species/raw/walnut/train_66_2.jpg,train,data/wood_species/splits/train/walnut/train_66_2.jpg,200,200,3,42
WOOD-AUTH,Category 2 (Walnut),walnut,114_2.jpg,data/wood_species/raw/walnut/train_114_2.jpg,train,data/wood_species/splits/train/walnut/train_114_2.jpg,200,200,3,42
WOOD-AUTH,Category 2 (Walnut),walnut,106_2.jpg,data/wood_species/raw/walnut/train_106_2.jpg,train,data/wood_species/splits/train/walnut/train_106_2.jpg,200,200,3,42
WOOD-AUTH,Category 2 (Walnut),walnut,1222_2.jpg,data/wood_species/raw/walnut/test_1222_2.jpg,train,data/wood_species/splits/train/walnut/test_1222_2.jpg,200,200,3,42
WOOD-AUTH,Category 2 (Walnut),walnut,37_2.jpg,data/wood_species/raw/walnut/train_37_2.jpg,train,data/wood_species/splits/train/walnut/train_37_2.jpg,200,200,3,42
WOOD-AUTH,Category 2 (Walnut),walnut,1289_2.jpg,data/wood_species/raw/walnut/test_1289_2.jpg,train,data/wood_species/splits/train/walnut/test_1289_2.jpg,200,200,3,42
WOOD-AUTH,Category 2 (Walnut),walnut,1294_2.jpg,data/wood_species/raw/walnut/test_1294_2.jpg,train,data/wood_species/splits/train/walnut/test_1294_2.jpg,200,200,3,42
WOOD-AUTH,Category 2 (Walnut),walnut,1301_2.jpg,data/wood_species/raw/walnut/test_1301_2.jpg,train,data/wood_species/splits/train/walnut/test_1301_2.jpg,200,200,3,42
WOOD-AUTH,Category 2 (Walnut),walnut,51_2.jpg,data/wood_species/raw/walnut/train_51_2.jpg,train,data/wood_species/splits/train/walnut/train_51_2.jpg,200,200,3,42
WOOD-AUTH,Category 2 (Walnut),walnut,1227_2.jpg,data/wood_species/raw/walnut/test_1227_2.jpg,train,data/wood_species/splits/train/walnut/test_1227_2.jpg,200,200,3,42
WOOD-AUTH,Category 2 (Walnut),walnut,1298_2.jpg,data/wood_species/raw/walnut/test_1298_2.jpg,train,data/wood_species/splits/train/walnut/test_1298_2.jpg,200,200,3,42
WOOD-AUTH,Category 2 (Walnut),walnut,1275_2.jpg,data/wood_species/raw/walnut/test_1275_2.jpg,train,data/wood_species/splits/train/walnut/test_1275_2.jpg,200,200,3,42
WOOD-AUTH,Category 2 (Walnut),walnut,69_2.jpg,data/wood_species/raw/walnut/train_69_2.jpg,train,data/wood_species/splits/train/walnut/train_69_2.jpg,200,200,3,42
WOOD-AUTH,Category 2 (Walnut),walnut,107_2.jpg,data/wood_species/raw/walnut/train_107_2.jpg,train,data/wood_species/splits/train/walnut/train_107_2.jpg,200,200,3,42
WOOD-AUTH,Category 2 (Walnut),walnut,162_2.jpg,data/wood_species/raw/walnut/train_162_2.jpg,train,data/wood_species/splits/train/walnut/train_162_2.jpg,200,200,3,42
WOOD-AUTH,Category 2 (Walnut),walnut,172_2.jpg,data/wood_species/raw/walnut/train_172_2.jpg,train,data/wood_species/splits/train/walnut/train_172_2.jpg,200,200,3,42
WOOD-AUTH,Category 2 (Walnut),walnut,59_2.jpg,data/wood_species/raw/walnut/train_59_2.jpg,train,data/wood_species/splits/train/walnut/train_59_2.jpg,200,200,3,42
WOOD-AUTH,Category 2 (Walnut),walnut,113_2.jpg,data/wood_species/raw/walnut/train_113_2.jpg,train,data/wood_species/splits/train/walnut/train_113_2.jpg,200,200,3,42
WOOD-AUTH,Category 2 (Walnut),walnut,1299_2.jpg,data/wood_species/raw/walnut/test_1299_2.jpg,train,data/wood_species/splits/train/walnut/test_1299_2.jpg,200,200,3,42
WOOD-AUTH,Category 2 (Walnut),walnut,145_2.jpg,data/wood_species/raw/walnut/train_145_2.jpg,train,data/wood_species/splits/train/walnut/train_145_2.jpg,200,200,3,42
WOOD-AUTH,Category 2 (Walnut),walnut,61_2.jpg,data/wood_species/raw/walnut/train_61_2.jpg,train,data/wood_species/splits/train/walnut/train_61_2.jpg,200,200,3,42
WOOD-AUTH,Category 2 (Walnut),walnut,1242_2.jpg,data/wood_species/raw/walnut/test_1242_2.jpg,train,data/wood_species/splits/train/walnut/test_1242_2.jpg,200,200,3,42
WOOD-AUTH,Category 2 (Walnut),walnut,1311_2.jpg,data/wood_species/raw/walnut/test_1311_2.jpg,train,data/wood_species/splits/train/walnut/test_1311_2.jpg,200,200,3,42
WOOD-AUTH,Category 2 (Walnut),walnut,1265_2.jpg,data/wood_species/raw/walnut/test_1265_2.jpg,train,data/wood_species/splits/train/walnut/test_1265_2.jpg,200,200,3,42
WOOD-AUTH,Category 2 (Walnut),walnut,1273_2.jpg,data/wood_species/raw/walnut/test_1273_2.jpg,train,data/wood_species/splits/train/walnut/test_1273_2.jpg,200,200,3,42
WOOD-AUTH,Category 2 (Walnut),walnut,1230_2.jpg,data/wood_species/raw/walnut/test_1230_2.jpg,train,data/wood_species/splits/train/walnut/test_1230_2.jpg,200,200,3,42
WOOD-AUTH,Category 2 (Walnut),walnut,1267_2.jpg,data/wood_species/raw/walnut/test_1267_2.jpg,train,data/wood_species/splits/train/walnut/test_1267_2.jpg,200,200,3,42
WOOD-AUTH,Category 2 (Walnut),walnut,73_2.jpg,data/wood_species/raw/walnut/train_73_2.jpg,train,data/wood_species/splits/train/walnut/train_73_2.jpg,200,200,3,42
WOOD-AUTH,Category 2 (Walnut),walnut,112_2.jpg,data/wood_species/raw/walnut/train_112_2.jpg,train,data/wood_species/splits/train/walnut/train_112_2.jpg,200,200,3,42
WOOD-AUTH,Category 2 (Walnut),walnut,93_2.jpg,data/wood_species/raw/walnut/train_93_2.jpg,train,data/wood_species/splits/train/walnut/train_93_2.jpg,200,200,3,42
WOOD-AUTH,Category 2 (Walnut),walnut,126_2.jpg,data/wood_species/raw/walnut/train_126_2.jpg,train,data/wood_species/splits/train/walnut/train_126_2.jpg,200,200,3,42
WOOD-AUTH,Category 2 (Walnut),walnut,104_2.jpg,data/wood_species/raw/walnut/train_104_2.jpg,train,data/wood_species/splits/train/walnut/train_104_2.jpg,200,200,3,42
WOOD-AUTH,Category 2 (Walnut),walnut,151_2.jpg,data/wood_species/raw/walnut/train_151_2.jpg,train,data/wood_species/splits/train/walnut/train_151_2.jpg,200,200,3,42
WOOD-AUTH,Category 2 (Walnut),walnut,139_2.jpg,data/wood_species/raw/walnut/train_139_2.jpg,train,data/wood_species/splits/train/walnut/train_139_2.jpg,200,200,3,42
WOOD-AUTH,Category 2 (Walnut),walnut,1295_2.jpg,data/wood_species/raw/walnut/test_1295_2.jpg,train,data/wood_species/splits/train/walnut/test_1295_2.jpg,200,200,3,42
WOOD-AUTH,Category 2 (Walnut),walnut,1237_2.jpg,data/wood_species/raw/walnut/test_1237_2.jpg,train,data/wood_species/splits/train/walnut/test_1237_2.jpg,200,200,3,42
WOOD-AUTH,Category 2 (Walnut),walnut,105_2.jpg,data/wood_species/raw/walnut/train_105_2.jpg,train,data/wood_species/splits/train/walnut/train_105_2.jpg,200,200,3,42
WOOD-AUTH,Category 2 (Walnut),walnut,16_2.jpg,data/wood_species/raw/walnut/train_16_2.jpg,train,data/wood_species/splits/train/walnut/train_16_2.jpg,200,200,3,42
WOOD-AUTH,Category 2 (Walnut),walnut,38_2.jpg,data/wood_species/raw/walnut/train_38_2.jpg,train,data/wood_species/splits/train/walnut/train_38_2.jpg,200,200,3,42
WOOD-AUTH,Category 2 (Walnut),walnut,1290_2.jpg,data/wood_species/raw/walnut/test_1290_2.jpg,train,data/wood_species/splits/train/walnut/test_1290_2.jpg,200,200,3,42
WOOD-AUTH,Category 2 (Walnut),walnut,115_2.jpg,data/wood_species/raw/walnut/train_115_2.jpg,train,data/wood_species/splits/train/walnut/train_115_2.jpg,200,200,3,42
WOOD-AUTH,Category 2 (Walnut),walnut,1268_2.jpg,data/wood_species/raw/walnut/test_1268_2.jpg,train,data/wood_species/splits/train/walnut/test_1268_2.jpg,200,200,3,42
WOOD-AUTH,Category 2 (Walnut),walnut,1308_2.jpg,data/wood_species/raw/walnut/test_1308_2.jpg,train,data/wood_species/splits/train/walnut/test_1308_2.jpg,200,200,3,42
WOOD-AUTH,Category 2 (Walnut),walnut,1276_2.jpg,data/wood_species/raw/walnut/test_1276_2.jpg,train,data/wood_species/splits/train/walnut/test_1276_2.jpg,200,200,3,42
WOOD-AUTH,Category 2 (Walnut),walnut,163_2.jpg,data/wood_species/raw/walnut/train_163_2.jpg,train,data/wood_species/splits/train/walnut/train_163_2.jpg,200,200,3,42
WOOD-AUTH,Category 2 (Walnut),walnut,1272_2.jpg,data/wood_species/raw/walnut/test_1272_2.jpg,train,data/wood_species/splits/train/walnut/test_1272_2.jpg,200,200,3,42
WOOD-AUTH,Category 2 (Walnut),walnut,161_2.jpg,data/wood_species/raw/walnut/train_161_2.jpg,train,data/wood_species/splits/train/walnut/train_161_2.jpg,200,200,3,42
WOOD-AUTH,Category 2 (Walnut),walnut,101_2.jpg,data/wood_species/raw/walnut/train_101_2.jpg,train,data/wood_species/splits/train/walnut/train_101_2.jpg,200,200,3,42
WOOD-AUTH,Category 2 (Walnut),walnut,64_2.jpg,data/wood_species/raw/walnut/train_64_2.jpg,train,data/wood_species/splits/train/walnut/train_64_2.jpg,200,200,3,42
WOOD-AUTH,Category 2 (Walnut),walnut,1283_2.jpg,data/wood_species/raw/walnut/test_1283_2.jpg,train,data/wood_species/splits/train/walnut/test_1283_2.jpg,200,200,3,42
WOOD-AUTH,Category 2 (Walnut),walnut,200_2.jpg,data/wood_species/raw/walnut/train_200_2.jpg,train,data/wood_species/splits/train/walnut/train_200_2.jpg,200,200,3,42
WOOD-AUTH,Category 2 (Walnut),walnut,1254_2.jpg,data/wood_species/raw/walnut/test_1254_2.jpg,train,data/wood_species/splits/train/walnut/test_1254_2.jpg,200,200,3,42
WOOD-AUTH,Category 2 (Walnut),walnut,1251_2.jpg,data/wood_species/raw/walnut/test_1251_2.jpg,train,data/wood_species/splits/train/walnut/test_1251_2.jpg,200,200,3,42
WOOD-AUTH,Category 2 (Walnut),walnut,1225_2.jpg,data/wood_species/raw/walnut/test_1225_2.jpg,train,data/wood_species/splits/train/walnut/test_1225_2.jpg,200,200,3,42
WOOD-AUTH,Category 2 (Walnut),walnut,137_2.jpg,data/wood_species/raw/walnut/train_137_2.jpg,train,data/wood_species/splits/train/walnut/train_137_2.jpg,200,200,3,42
WOOD-AUTH,Category 2 (Walnut),walnut,170_2.jpg,data/wood_species/raw/walnut/train_170_2.jpg,train,data/wood_species/splits/train/walnut/train_170_2.jpg,200,200,3,42
WOOD-AUTH,Category 2 (Walnut),walnut,196_2.jpg,data/wood_species/raw/walnut/train_196_2.jpg,train,data/wood_species/splits/train/walnut/train_196_2.jpg,200,200,3,42
WOOD-AUTH,Category 2 (Walnut),walnut,1235_2.jpg,data/wood_species/raw/walnut/test_1235_2.jpg,train,data/wood_species/splits/train/walnut/test_1235_2.jpg,200,200,3,42
WOOD-AUTH,Category 2 (Walnut),walnut,1258_2.jpg,data/wood_species/raw/walnut/test_1258_2.jpg,train,data/wood_species/splits/train/walnut/test_1258_2.jpg,200,200,3,42
WOOD-AUTH,Category 2 (Walnut),walnut,1226_2.jpg,data/wood_species/raw/walnut/test_1226_2.jpg,train,data/wood_species/splits/train/walnut/test_1226_2.jpg,200,200,3,42
WOOD-AUTH,Category 2 (Walnut),walnut,96_2.jpg,data/wood_species/raw/walnut/train_96_2.jpg,train,data/wood_species/splits/train/walnut/train_96_2.jpg,200,200,3,42
WOOD-AUTH,Category 2 (Walnut),walnut,197_2.jpg,data/wood_species/raw/walnut/train_197_2.jpg,train,data/wood_species/splits/train/walnut/train_197_2.jpg,200,200,3,42
WOOD-AUTH,Category 2 (Walnut),walnut,1284_2.jpg,data/wood_species/raw/walnut/test_1284_2.jpg,train,data/wood_species/splits/train/walnut/test_1284_2.jpg,200,200,3,42
WOOD-AUTH,Category 2 (Walnut),walnut,147_2.jpg,data/wood_species/raw/walnut/train_147_2.jpg,train,data/wood_species/splits/train/walnut/train_147_2.jpg,200,200,3,42
WOOD-AUTH,Category 2 (Walnut),walnut,188_2.jpg,data/wood_species/raw/walnut/train_188_2.jpg,train,data/wood_species/splits/train/walnut/train_188_2.jpg,200,200,3,42
WOOD-AUTH,Category 2 (Walnut),walnut,31_2.jpg,data/wood_species/raw/walnut/train_31_2.jpg,train,data/wood_species/splits/train/walnut/train_31_2.jpg,200,200,3,42
WOOD-AUTH,Category 2 (Walnut),walnut,152_2.jpg,data/wood_species/raw/walnut/train_152_2.jpg,train,data/wood_species/splits/train/walnut/train_152_2.jpg,200,200,3,42
WOOD-AUTH,Category 2 (Walnut),walnut,134_2.jpg,data/wood_species/raw/walnut/train_134_2.jpg,train,data/wood_species/splits/train/walnut/train_134_2.jpg,200,200,3,42
WOOD-AUTH,Category 2 (Walnut),walnut,1256_2.jpg,data/wood_species/raw/walnut/test_1256_2.jpg,train,data/wood_species/splits/train/walnut/test_1256_2.jpg,200,200,3,42
WOOD-AUTH,Category 2 (Walnut),walnut,174_2.jpg,data/wood_species/raw/walnut/train_174_2.jpg,train,data/wood_species/splits/train/walnut/train_174_2.jpg,200,200,3,42
WOOD-AUTH,Category 2 (Walnut),walnut,186_2.jpg,data/wood_species/raw/walnut/train_186_2.jpg,train,data/wood_species/splits/train/walnut/train_186_2.jpg,200,200,3,42
WOOD-AUTH,Category 2 (Walnut),walnut,80_2.jpg,data/wood_species/raw/walnut/train_80_2.jpg,train,data/wood_species/splits/train/walnut/train_80_2.jpg,200,200,3,42
WOOD-AUTH,Category 2 (Walnut),walnut,58_2.jpg,data/wood_species/raw/walnut/train_58_2.jpg,train,data/wood_species/splits/train/walnut/train_58_2.jpg,200,200,3,42
WOOD-AUTH,Category 2 (Walnut),walnut,48_2.jpg,data/wood_species/raw/walnut/train_48_2.jpg,train,data/wood_species/splits/train/walnut/train_48_2.jpg,200,200,3,42
WOOD-AUTH,Category 2 (Walnut),walnut,91_2.jpg,data/wood_species/raw/walnut/train_91_2.jpg,train,data/wood_species/splits/train/walnut/train_91_2.jpg,200,200,3,42
WOOD-AUTH,Category 2 (Walnut),walnut,1296_2.jpg,data/wood_species/raw/walnut/test_1296_2.jpg,validation,data/wood_species/splits/validation/walnut/test_1296_2.jpg,200,200,3,42
WOOD-AUTH,Category 2 (Walnut),walnut,88_2.jpg,data/wood_species/raw/walnut/train_88_2.jpg,validation,data/wood_species/splits/validation/walnut/train_88_2.jpg,200,200,3,42
WOOD-AUTH,Category 2 (Walnut),walnut,1303_2.jpg,data/wood_species/raw/walnut/test_1303_2.jpg,validation,data/wood_species/splits/validation/walnut/test_1303_2.jpg,200,200,3,42
WOOD-AUTH,Category 2 (Walnut),walnut,2_2.jpg,data/wood_species/raw/walnut/train_2_2.jpg,validation,data/wood_species/splits/validation/walnut/train_2_2.jpg,200,200,3,42
WOOD-AUTH,Category 2 (Walnut),walnut,17_2.jpg,data/wood_species/raw/walnut/train_17_2.jpg,validation,data/wood_species/splits/validation/walnut/train_17_2.jpg,200,200,3,42
WOOD-AUTH,Category 2 (Walnut),walnut,157_2.jpg,data/wood_species/raw/walnut/train_157_2.jpg,validation,data/wood_species/splits/validation/walnut/train_157_2.jpg,200,200,3,42
WOOD-AUTH,Category 2 (Walnut),walnut,120_2.jpg,data/wood_species/raw/walnut/train_120_2.jpg,validation,data/wood_species/splits/validation/walnut/train_120_2.jpg,200,200,3,42
WOOD-AUTH,Category 2 (Walnut),walnut,9_2.jpg,data/wood_species/raw/walnut/train_9_2.jpg,validation,data/wood_species/splits/validation/walnut/train_9_2.jpg,200,200,3,42
WOOD-AUTH,Category 2 (Walnut),walnut,4_2.jpg,data/wood_species/raw/walnut/train_4_2.jpg,validation,data/wood_species/splits/validation/walnut/train_4_2.jpg,200,200,3,42
WOOD-AUTH,Category 2 (Walnut),walnut,1239_2.jpg,data/wood_species/raw/walnut/test_1239_2.jpg,validation,data/wood_species/splits/validation/walnut/test_1239_2.jpg,200,200,3,42
WOOD-AUTH,Category 2 (Walnut),walnut,169_2.jpg,data/wood_species/raw/walnut/train_169_2.jpg,validation,data/wood_species/splits/validation/walnut/train_169_2.jpg,200,200,3,42
WOOD-AUTH,Category 2 (Walnut),walnut,1264_2.jpg,data/wood_species/raw/walnut/test_1264_2.jpg,validation,data/wood_species/splits/validation/walnut/test_1264_2.jpg,200,200,3,42
WOOD-AUTH,Category 2 (Walnut),walnut,87_2.jpg,data/wood_species/raw/walnut/train_87_2.jpg,validation,data/wood_species/splits/validation/walnut/train_87_2.jpg,200,200,3,42
WOOD-AUTH,Category 2 (Walnut),walnut,28_2.jpg,data/wood_species/raw/walnut/train_28_2.jpg,validation,data/wood_species/splits/validation/walnut/train_28_2.jpg,200,200,3,42
WOOD-AUTH,Category 2 (Walnut),walnut,129_2.jpg,data/wood_species/raw/walnut/train_129_2.jpg,validation,data/wood_species/splits/validation/walnut/train_129_2.jpg,200,200,3,42
WOOD-AUTH,Category 2 (Walnut),walnut,65_2.jpg,data/wood_species/raw/walnut/train_65_2.jpg,validation,data/wood_species/splits/validation/walnut/train_65_2.jpg,200,200,3,42
WOOD-AUTH,Category 2 (Walnut),walnut,6_2.jpg,data/wood_species/raw/walnut/train_6_2.jpg,validation,data/wood_species/splits/validation/walnut/train_6_2.jpg,200,200,3,42
WOOD-AUTH,Category 2 (Walnut),walnut,144_2.jpg,data/wood_species/raw/walnut/train_144_2.jpg,validation,data/wood_species/splits/validation/walnut/train_144_2.jpg,200,200,3,42
WOOD-AUTH,Category 2 (Walnut),walnut,72_2.jpg,data/wood_species/raw/walnut/train_72_2.jpg,validation,data/wood_species/splits/validation/walnut/train_72_2.jpg,200,200,3,42
WOOD-AUTH,Category 2 (Walnut),walnut,34_2.jpg,data/wood_species/raw/walnut/train_34_2.jpg,validation,data/wood_species/splits/validation/walnut/train_34_2.jpg,200,200,3,42
WOOD-AUTH,Category 2 (Walnut),walnut,1286_2.jpg,data/wood_species/raw/walnut/test_1286_2.jpg,validation,data/wood_species/splits/validation/walnut/test_1286_2.jpg,200,200,3,42
WOOD-AUTH,Category 2 (Walnut),walnut,119_2.jpg,data/wood_species/raw/walnut/train_119_2.jpg,validation,data/wood_species/splits/validation/walnut/train_119_2.jpg,200,200,3,42
WOOD-AUTH,Category 2 (Walnut),walnut,77_2.jpg,data/wood_species/raw/walnut/train_77_2.jpg,validation,data/wood_species/splits/validation/walnut/train_77_2.jpg,200,200,3,42
WOOD-AUTH,Category 2 (Walnut),walnut,1285_2.jpg,data/wood_species/raw/walnut/test_1285_2.jpg,validation,data/wood_species/splits/validation/walnut/test_1285_2.jpg,200,200,3,42
WOOD-AUTH,Category 2 (Walnut),walnut,122_2.jpg,data/wood_species/raw/walnut/train_122_2.jpg,validation,data/wood_species/splits/validation/walnut/train_122_2.jpg,200,200,3,42
WOOD-AUTH,Category 2 (Walnut),walnut,1255_2.jpg,data/wood_species/raw/walnut/test_1255_2.jpg,validation,data/wood_species/splits/validation/walnut/test_1255_2.jpg,200,200,3,42
WOOD-AUTH,Category 2 (Walnut),walnut,78_2.jpg,data/wood_species/raw/walnut/train_78_2.jpg,validation,data/wood_species/splits/validation/walnut/train_78_2.jpg,200,200,3,42
WOOD-AUTH,Category 2 (Walnut),walnut,1223_2.jpg,data/wood_species/raw/walnut/test_1223_2.jpg,validation,data/wood_species/splits/validation/walnut/test_1223_2.jpg,200,200,3,42
WOOD-AUTH,Category 2 (Walnut),walnut,142_2.jpg,data/wood_species/raw/walnut/train_142_2.jpg,validation,data/wood_species/splits/validation/walnut/train_142_2.jpg,200,200,3,42
WOOD-AUTH,Category 2 (Walnut),walnut,1300_2.jpg,data/wood_species/raw/walnut/test_1300_2.jpg,validation,data/wood_species/splits/validation/walnut/test_1300_2.jpg,200,200,3,42
WOOD-AUTH,Category 2 (Walnut),walnut,1232_2.jpg,data/wood_species/raw/walnut/test_1232_2.jpg,validation,data/wood_species/splits/validation/walnut/test_1232_2.jpg,200,200,3,42
WOOD-AUTH,Category 2 (Walnut),walnut,82_2.jpg,data/wood_species/raw/walnut/train_82_2.jpg,validation,data/wood_species/splits/validation/walnut/train_82_2.jpg,200,200,3,42
WOOD-AUTH,Category 2 (Walnut),walnut,5_2.jpg,data/wood_species/raw/walnut/train_5_2.jpg,validation,data/wood_species/splits/validation/walnut/train_5_2.jpg,200,200,3,42
WOOD-AUTH,Category 2 (Walnut),walnut,1266_2.jpg,data/wood_species/raw/walnut/test_1266_2.jpg,validation,data/wood_species/splits/validation/walnut/test_1266_2.jpg,200,200,3,42
WOOD-AUTH,Category 2 (Walnut),walnut,1312_2.jpg,data/wood_species/raw/walnut/test_1312_2.jpg,validation,data/wood_species/splits/validation/walnut/test_1312_2.jpg,200,200,3,42
WOOD-AUTH,Category 2 (Walnut),walnut,13_2.jpg,data/wood_species/raw/walnut/train_13_2.jpg,validation,data/wood_species/splits/validation/walnut/train_13_2.jpg,200,200,3,42
WOOD-AUTH,Category 2 (Walnut),walnut,39_2.jpg,data/wood_species/raw/walnut/train_39_2.jpg,validation,data/wood_species/splits/validation/walnut/train_39_2.jpg,200,200,3,42
WOOD-AUTH,Category 2 (Walnut),walnut,133_2.jpg,data/wood_species/raw/walnut/train_133_2.jpg,validation,data/wood_species/splits/validation/walnut/train_133_2.jpg,200,200,3,42
WOOD-AUTH,Category 2 (Walnut),walnut,118_2.jpg,data/wood_species/raw/walnut/train_118_2.jpg,validation,data/wood_species/splits/validation/walnut/train_118_2.jpg,200,200,3,42
WOOD-AUTH,Category 2 (Walnut),walnut,1236_2.jpg,data/wood_species/raw/walnut/test_1236_2.jpg,validation,data/wood_species/splits/validation/walnut/test_1236_2.jpg,200,200,3,42
WOOD-AUTH,Category 2 (Walnut),walnut,3_2.jpg,data/wood_species/raw/walnut/train_3_2.jpg,validation,data/wood_species/splits/validation/walnut/train_3_2.jpg,200,200,3,42
WOOD-AUTH,Category 2 (Walnut),walnut,155_2.jpg,data/wood_species/raw/walnut/train_155_2.jpg,validation,data/wood_species/splits/validation/walnut/train_155_2.jpg,200,200,3,42
WOOD-AUTH,Category 2 (Walnut),walnut,24_2.jpg,data/wood_species/raw/walnut/train_24_2.jpg,validation,data/wood_species/splits/validation/walnut/train_24_2.jpg,200,200,3,42
WOOD-AUTH,Category 2 (Walnut),walnut,179_2.jpg,data/wood_species/raw/walnut/train_179_2.jpg,validation,data/wood_species/splits/validation/walnut/train_179_2.jpg,200,200,3,42
WOOD-AUTH,Category 2 (Walnut),walnut,1231_2.jpg,data/wood_species/raw/walnut/test_1231_2.jpg,test,data/wood_species/splits/test/walnut/test_1231_2.jpg,200,200,3,42
WOOD-AUTH,Category 2 (Walnut),walnut,71_2.jpg,data/wood_species/raw/walnut/train_71_2.jpg,test,data/wood_species/splits/test/walnut/train_71_2.jpg,200,200,3,42
WOOD-AUTH,Category 2 (Walnut),walnut,153_2.jpg,data/wood_species/raw/walnut/train_153_2.jpg,test,data/wood_species/splits/test/walnut/train_153_2.jpg,200,200,3,42
WOOD-AUTH,Category 2 (Walnut),walnut,81_2.jpg,data/wood_species/raw/walnut/train_81_2.jpg,test,data/wood_species/splits/test/walnut/train_81_2.jpg,200,200,3,42
WOOD-AUTH,Category 2 (Walnut),walnut,127_2.jpg,data/wood_species/raw/walnut/train_127_2.jpg,test,data/wood_species/splits/test/walnut/train_127_2.jpg,200,200,3,42
WOOD-AUTH,Category 2 (Walnut),walnut,136_2.jpg,data/wood_species/raw/walnut/train_136_2.jpg,test,data/wood_species/splits/test/walnut/train_136_2.jpg,200,200,3,42
WOOD-AUTH,Category 2 (Walnut),walnut,1293_2.jpg,data/wood_species/raw/walnut/test_1293_2.jpg,test,data/wood_species/splits/test/walnut/test_1293_2.jpg,200,200,3,42
WOOD-AUTH,Category 2 (Walnut),walnut,154_2.jpg,data/wood_species/raw/walnut/train_154_2.jpg,test,data/wood_species/splits/test/walnut/train_154_2.jpg,200,200,3,42
WOOD-AUTH,Category 2 (Walnut),walnut,100_2.jpg,data/wood_species/raw/walnut/train_100_2.jpg,test,data/wood_species/splits/test/walnut/train_100_2.jpg,200,200,3,42
WOOD-AUTH,Category 2 (Walnut),walnut,1245_2.jpg,data/wood_species/raw/walnut/test_1245_2.jpg,test,data/wood_species/splits/test/walnut/test_1245_2.jpg,200,200,3,42
WOOD-AUTH,Category 2 (Walnut),walnut,1277_2.jpg,data/wood_species/raw/walnut/test_1277_2.jpg,test,data/wood_species/splits/test/walnut/test_1277_2.jpg,200,200,3,42
WOOD-AUTH,Category 2 (Walnut),walnut,1250_2.jpg,data/wood_species/raw/walnut/test_1250_2.jpg,test,data/wood_species/splits/test/walnut/test_1250_2.jpg,200,200,3,42
WOOD-AUTH,Category 2 (Walnut),walnut,1304_2.jpg,data/wood_species/raw/walnut/test_1304_2.jpg,test,data/wood_species/splits/test/walnut/test_1304_2.jpg,200,200,3,42
WOOD-AUTH,Category 2 (Walnut),walnut,1288_2.jpg,data/wood_species/raw/walnut/test_1288_2.jpg,test,data/wood_species/splits/test/walnut/test_1288_2.jpg,200,200,3,42
WOOD-AUTH,Category 2 (Walnut),walnut,181_2.jpg,data/wood_species/raw/walnut/train_181_2.jpg,test,data/wood_species/splits/test/walnut/train_181_2.jpg,200,200,3,42
WOOD-AUTH,Category 2 (Walnut),walnut,1263_2.jpg,data/wood_species/raw/walnut/test_1263_2.jpg,test,data/wood_species/splits/test/walnut/test_1263_2.jpg,200,200,3,42
WOOD-AUTH,Category 2 (Walnut),walnut,116_2.jpg,data/wood_species/raw/walnut/train_116_2.jpg,test,data/wood_species/splits/test/walnut/train_116_2.jpg,200,200,3,42
WOOD-AUTH,Category 2 (Walnut),walnut,149_2.jpg,data/wood_species/raw/walnut/train_149_2.jpg,test,data/wood_species/splits/test/walnut/train_149_2.jpg,200,200,3,42
WOOD-AUTH,Category 2 (Walnut),walnut,1257_2.jpg,data/wood_species/raw/walnut/test_1257_2.jpg,test,data/wood_species/splits/test/walnut/test_1257_2.jpg,200,200,3,42
WOOD-AUTH,Category 2 (Walnut),walnut,67_2.jpg,data/wood_species/raw/walnut/train_67_2.jpg,test,data/wood_species/splits/test/walnut/train_67_2.jpg,200,200,3,42
WOOD-AUTH,Category 2 (Walnut),walnut,40_2.jpg,data/wood_species/raw/walnut/train_40_2.jpg,test,data/wood_species/splits/test/walnut/train_40_2.jpg,200,200,3,42
WOOD-AUTH,Category 2 (Walnut),walnut,194_2.jpg,data/wood_species/raw/walnut/train_194_2.jpg,test,data/wood_species/splits/test/walnut/train_194_2.jpg,200,200,3,42
WOOD-AUTH,Category 2 (Walnut),walnut,90_2.jpg,data/wood_species/raw/walnut/train_90_2.jpg,test,data/wood_species/splits/test/walnut/train_90_2.jpg,200,200,3,42
WOOD-AUTH,Category 2 (Walnut),walnut,1261_2.jpg,data/wood_species/raw/walnut/test_1261_2.jpg,test,data/wood_species/splits/test/walnut/test_1261_2.jpg,200,200,3,42
WOOD-AUTH,Category 2 (Walnut),walnut,178_2.jpg,data/wood_species/raw/walnut/train_178_2.jpg,test,data/wood_species/splits/test/walnut/train_178_2.jpg,200,200,3,42
WOOD-AUTH,Category 2 (Walnut),walnut,74_2.jpg,data/wood_species/raw/walnut/train_74_2.jpg,test,data/wood_species/splits/test/walnut/train_74_2.jpg,200,200,3,42
WOOD-AUTH,Category 2 (Walnut),walnut,1252_2.jpg,data/wood_species/raw/walnut/test_1252_2.jpg,test,data/wood_species/splits/test/walnut/test_1252_2.jpg,200,200,3,42
WOOD-AUTH,Category 2 (Walnut),walnut,135_2.jpg,data/wood_species/raw/walnut/train_135_2.jpg,test,data/wood_species/splits/test/walnut/train_135_2.jpg,200,200,3,42
WOOD-AUTH,Category 2 (Walnut),walnut,1253_2.jpg,data/wood_species/raw/walnut/test_1253_2.jpg,test,data/wood_species/splits/test/walnut/test_1253_2.jpg,200,200,3,42
WOOD-AUTH,Category 2 (Walnut),walnut,183_2.jpg,data/wood_species/raw/walnut/train_183_2.jpg,test,data/wood_species/splits/test/walnut/train_183_2.jpg,200,200,3,42
WOOD-AUTH,Category 2 (Walnut),walnut,97_2.jpg,data/wood_species/raw/walnut/train_97_2.jpg,test,data/wood_species/splits/test/walnut/train_97_2.jpg,200,200,3,42
WOOD-AUTH,Category 2 (Walnut),walnut,89_2.jpg,data/wood_species/raw/walnut/train_89_2.jpg,test,data/wood_species/splits/test/walnut/train_89_2.jpg,200,200,3,42
WOOD-AUTH,Category 2 (Walnut),walnut,83_2.jpg,data/wood_species/raw/walnut/train_83_2.jpg,test,data/wood_species/splits/test/walnut/train_83_2.jpg,200,200,3,42
WOOD-AUTH,Category 2 (Walnut),walnut,26_2.jpg,data/wood_species/raw/walnut/train_26_2.jpg,test,data/wood_species/splits/test/walnut/train_26_2.jpg,200,200,3,42
WOOD-AUTH,Category 2 (Walnut),walnut,1221_2.jpg,data/wood_species/raw/walnut/test_1221_2.jpg,test,data/wood_species/splits/test/walnut/test_1221_2.jpg,200,200,3,42
WOOD-AUTH,Category 2 (Walnut),walnut,1248_2.jpg,data/wood_species/raw/walnut/test_1248_2.jpg,test,data/wood_species/splits/test/walnut/test_1248_2.jpg,200,200,3,42
WOOD-AUTH,Category 2 (Walnut),walnut,189_2.jpg,data/wood_species/raw/walnut/train_189_2.jpg,test,data/wood_species/splits/test/walnut/train_189_2.jpg,200,200,3,42
WOOD-AUTH,Category 2 (Walnut),walnut,62_2.jpg,data/wood_species/raw/walnut/train_62_2.jpg,test,data/wood_species/splits/test/walnut/train_62_2.jpg,200,200,3,42
WOOD-AUTH,Category 2 (Walnut),walnut,1280_2.jpg,data/wood_species/raw/walnut/test_1280_2.jpg,test,data/wood_species/splits/test/walnut/test_1280_2.jpg,200,200,3,42
WOOD-AUTH,Category 2 (Walnut),walnut,1305_2.jpg,data/wood_species/raw/walnut/test_1305_2.jpg,test,data/wood_species/splits/test/walnut/test_1305_2.jpg,200,200,3,42
WOOD-AUTH,Category 2 (Walnut),walnut,1271_2.jpg,data/wood_species/raw/walnut/test_1271_2.jpg,test,data/wood_species/splits/test/walnut/test_1271_2.jpg,200,200,3,42
WOOD-AUTH,Category 2 (Walnut),walnut,128_2.jpg,data/wood_species/raw/walnut/train_128_2.jpg,test,data/wood_species/splits/test/walnut/train_128_2.jpg,200,200,3,42
WOOD-AUTH,Category 2 (Walnut),walnut,1244_2.jpg,data/wood_species/raw/walnut/test_1244_2.jpg,test,data/wood_species/splits/test/walnut/test_1244_2.jpg,200,200,3,42
WOOD-AUTH,Category 2 (Walnut),walnut,138_2.jpg,data/wood_species/raw/walnut/train_138_2.jpg,test,data/wood_species/splits/test/walnut/train_138_2.jpg,200,200,3,42
WOOD-AUTH,Category 2 (Walnut),walnut,7_2.jpg,data/wood_species/raw/walnut/train_7_2.jpg,test,data/wood_species/splits/test/walnut/train_7_2.jpg,200,200,3,42
GOIMAI,Dalbergia sissoo,sheesham,20190821_085230.jpg,data/wood_species/raw/sheesham/goimai_dalbergia_sissoo_20190821_085230.jpg,train,data/wood_species/splits/train/sheesham/goimai_dalbergia_sissoo_20190821_085230.jpg,3024,4032,3,42
GOIMAI,Dalbergia sissoo,sheesham,20190820_204730.jpg,data/wood_species/raw/sheesham/goimai_dalbergia_sissoo_20190820_204730.jpg,train,data/wood_species/splits/train/sheesham/goimai_dalbergia_sissoo_20190820_204730.jpg,3024,4032,3,42
GOIMAI,Dalbergia sissoo,sheesham,20190821_085433.jpg,data/wood_species/raw/sheesham/goimai_dalbergia_sissoo_20190821_085433.jpg,train,data/wood_species/splits/train/sheesham/goimai_dalbergia_sissoo_20190821_085433.jpg,3024,4032,3,42
GOIMAI,Dalbergia sissoo,sheesham,20190820_204818.jpg,data/wood_species/raw/sheesham/goimai_dalbergia_sissoo_20190820_204818.jpg,train,data/wood_species/splits/train/sheesham/goimai_dalbergia_sissoo_20190820_204818.jpg,3024,4032,3,42
GOIMAI,Dalbergia sissoo,sheesham,20190820_204651.jpg,data/wood_species/raw/sheesham/goimai_dalbergia_sissoo_20190820_204651.jpg,train,data/wood_species/splits/train/sheesham/goimai_dalbergia_sissoo_20190820_204651.jpg,3024,4032,3,42
GOIMAI,Dalbergia sissoo,sheesham,20190821_085249.jpg,data/wood_species/raw/sheesham/goimai_dalbergia_sissoo_20190821_085249.jpg,train,data/wood_species/splits/train/sheesham/goimai_dalbergia_sissoo_20190821_085249.jpg,3024,4032,3,42
GOIMAI,Dalbergia sissoo,sheesham,20190821_085234.jpg,data/wood_species/raw/sheesham/goimai_dalbergia_sissoo_20190821_085234.jpg,train,data/wood_species/splits/train/sheesham/goimai_dalbergia_sissoo_20190821_085234.jpg,3024,4032,3,42
GOIMAI,Dalbergia sissoo,sheesham,20190821_085354.jpg,data/wood_species/raw/sheesham/goimai_dalbergia_sissoo_20190821_085354.jpg,train,data/wood_species/splits/train/sheesham/goimai_dalbergia_sissoo_20190821_085354.jpg,3024,4032,3,42
GOIMAI,Dalbergia sissoo,sheesham,20190821_085431.jpg,data/wood_species/raw/sheesham/goimai_dalbergia_sissoo_20190821_085431.jpg,train,data/wood_species/splits/train/sheesham/goimai_dalbergia_sissoo_20190821_085431.jpg,3024,4032,3,42
GOIMAI,Dalbergia sissoo,sheesham,20190820_204647.jpg,data/wood_species/raw/sheesham/goimai_dalbergia_sissoo_20190820_204647.jpg,train,data/wood_species/splits/train/sheesham/goimai_dalbergia_sissoo_20190820_204647.jpg,3024,4032,3,42
GOIMAI,Dalbergia sissoo,sheesham,20190821_085217.jpg,data/wood_species/raw/sheesham/goimai_dalbergia_sissoo_20190821_085217.jpg,train,data/wood_species/splits/train/sheesham/goimai_dalbergia_sissoo_20190821_085217.jpg,3024,4032,3,42
GOIMAI,Dalbergia sissoo,sheesham,20190820_204701.jpg,data/wood_species/raw/sheesham/goimai_dalbergia_sissoo_20190820_204701.jpg,train,data/wood_species/splits/train/sheesham/goimai_dalbergia_sissoo_20190820_204701.jpg,3024,4032,3,42
GOIMAI,Dalbergia sissoo,sheesham,20190820_204633.jpg,data/wood_species/raw/sheesham/goimai_dalbergia_sissoo_20190820_204633.jpg,train,data/wood_species/splits/train/sheesham/goimai_dalbergia_sissoo_20190820_204633.jpg,3024,4032,3,42
GOIMAI,Dalbergia sissoo,sheesham,20190821_085445.jpg,data/wood_species/raw/sheesham/goimai_dalbergia_sissoo_20190821_085445.jpg,train,data/wood_species/splits/train/sheesham/goimai_dalbergia_sissoo_20190821_085445.jpg,3024,4032,3,42
GOIMAI,Dalbergia sissoo,sheesham,20190821_085526.jpg,data/wood_species/raw/sheesham/goimai_dalbergia_sissoo_20190821_085526.jpg,train,data/wood_species/splits/train/sheesham/goimai_dalbergia_sissoo_20190821_085526.jpg,3024,4032,3,42
GOIMAI,Dalbergia sissoo,sheesham,20190821_085443.jpg,data/wood_species/raw/sheesham/goimai_dalbergia_sissoo_20190821_085443.jpg,train,data/wood_species/splits/train/sheesham/goimai_dalbergia_sissoo_20190821_085443.jpg,3024,4032,3,42
GOIMAI,Dalbergia sissoo,sheesham,20190821_085440.jpg,data/wood_species/raw/sheesham/goimai_dalbergia_sissoo_20190821_085440.jpg,train,data/wood_species/splits/train/sheesham/goimai_dalbergia_sissoo_20190821_085440.jpg,3024,4032,3,42
GOIMAI,Dalbergia sissoo,sheesham,20190820_204825.jpg,data/wood_species/raw/sheesham/goimai_dalbergia_sissoo_20190820_204825.jpg,train,data/wood_species/splits/train/sheesham/goimai_dalbergia_sissoo_20190820_204825.jpg,3024,4032,3,42
GOIMAI,Dalbergia sissoo,sheesham,20190820_204623.jpg,data/wood_species/raw/sheesham/goimai_dalbergia_sissoo_20190820_204623.jpg,train,data/wood_species/splits/train/sheesham/goimai_dalbergia_sissoo_20190820_204623.jpg,3024,4032,3,42
GOIMAI,Dalbergia sissoo,sheesham,20190821_085332.jpg,data/wood_species/raw/sheesham/goimai_dalbergia_sissoo_20190821_085332.jpg,train,data/wood_species/splits/train/sheesham/goimai_dalbergia_sissoo_20190821_085332.jpg,3024,4032,3,42
GOIMAI,Dalbergia sissoo,sheesham,20190821_085310.jpg,data/wood_species/raw/sheesham/goimai_dalbergia_sissoo_20190821_085310.jpg,train,data/wood_species/splits/train/sheesham/goimai_dalbergia_sissoo_20190821_085310.jpg,3024,4032,3,42
GOIMAI,Dalbergia sissoo,sheesham,20190820_204705.jpg,data/wood_species/raw/sheesham/goimai_dalbergia_sissoo_20190820_204705.jpg,train,data/wood_species/splits/train/sheesham/goimai_dalbergia_sissoo_20190820_204705.jpg,3024,4032,3,42
GOIMAI,Dalbergia sissoo,sheesham,20190821_085252.jpg,data/wood_species/raw/sheesham/goimai_dalbergia_sissoo_20190821_085252.jpg,train,data/wood_species/splits/train/sheesham/goimai_dalbergia_sissoo_20190821_085252.jpg,3024,4032,3,42
GOIMAI,Dalbergia sissoo,sheesham,20190821_085348.jpg,data/wood_species/raw/sheesham/goimai_dalbergia_sissoo_20190821_085348.jpg,train,data/wood_species/splits/train/sheesham/goimai_dalbergia_sissoo_20190821_085348.jpg,3024,4032,3,42
GOIMAI,Dalbergia sissoo,sheesham,20190821_085400.jpg,data/wood_species/raw/sheesham/goimai_dalbergia_sissoo_20190821_085400.jpg,train,data/wood_species/splits/train/sheesham/goimai_dalbergia_sissoo_20190821_085400.jpg,3024,4032,3,42
GOIMAI,Dalbergia sissoo,sheesham,20190820_204616.jpg,data/wood_species/raw/sheesham/goimai_dalbergia_sissoo_20190820_204616.jpg,train,data/wood_species/splits/train/sheesham/goimai_dalbergia_sissoo_20190820_204616.jpg,3024,4032,3,42
GOIMAI,Dalbergia sissoo,sheesham,20190821_085343.jpg,data/wood_species/raw/sheesham/goimai_dalbergia_sissoo_20190821_085343.jpg,train,data/wood_species/splits/train/sheesham/goimai_dalbergia_sissoo_20190821_085343.jpg,3024,4032,3,42
GOIMAI,Dalbergia sissoo,sheesham,20190821_085326.jpg,data/wood_species/raw/sheesham/goimai_dalbergia_sissoo_20190821_085326.jpg,train,data/wood_species/splits/train/sheesham/goimai_dalbergia_sissoo_20190821_085326.jpg,3024,4032,3,42
GOIMAI,Dalbergia sissoo,sheesham,20190821_085338.jpg,data/wood_species/raw/sheesham/goimai_dalbergia_sissoo_20190821_085338.jpg,train,data/wood_species/splits/train/sheesham/goimai_dalbergia_sissoo_20190821_085338.jpg,3024,4032,3,42
GOIMAI,Dalbergia sissoo,sheesham,20190821_085511.jpg,data/wood_species/raw/sheesham/goimai_dalbergia_sissoo_20190821_085511.jpg,train,data/wood_species/splits/train/sheesham/goimai_dalbergia_sissoo_20190821_085511.jpg,3024,4032,3,42
GOIMAI,Dalbergia sissoo,sheesham,20190820_204712.jpg,data/wood_species/raw/sheesham/goimai_dalbergia_sissoo_20190820_204712.jpg,train,data/wood_species/splits/train/sheesham/goimai_dalbergia_sissoo_20190820_204712.jpg,3024,4032,3,42
GOIMAI,Dalbergia sissoo,sheesham,20190821_085307.jpg,data/wood_species/raw/sheesham/goimai_dalbergia_sissoo_20190821_085307.jpg,train,data/wood_species/splits/train/sheesham/goimai_dalbergia_sissoo_20190821_085307.jpg,3024,4032,3,42
GOIMAI,Dalbergia sissoo,sheesham,20190820_204636.jpg,data/wood_species/raw/sheesham/goimai_dalbergia_sissoo_20190820_204636.jpg,train,data/wood_species/splits/train/sheesham/goimai_dalbergia_sissoo_20190820_204636.jpg,3024,4032,3,42
GOIMAI,Dalbergia sissoo,sheesham,20190821_085358.jpg,data/wood_species/raw/sheesham/goimai_dalbergia_sissoo_20190821_085358.jpg,train,data/wood_species/splits/train/sheesham/goimai_dalbergia_sissoo_20190821_085358.jpg,3024,4032,3,42
GOIMAI,Dalbergia sissoo,sheesham,20190820_204626.jpg,data/wood_species/raw/sheesham/goimai_dalbergia_sissoo_20190820_204626.jpg,train,data/wood_species/splits/train/sheesham/goimai_dalbergia_sissoo_20190820_204626.jpg,3024,4032,3,42
GOIMAI,Dalbergia sissoo,sheesham,20190820_204639.jpg,data/wood_species/raw/sheesham/goimai_dalbergia_sissoo_20190820_204639.jpg,train,data/wood_species/splits/train/sheesham/goimai_dalbergia_sissoo_20190820_204639.jpg,3024,4032,3,42
GOIMAI,Dalbergia sissoo,sheesham,20190821_085329.jpg,data/wood_species/raw/sheesham/goimai_dalbergia_sissoo_20190821_085329.jpg,train,data/wood_species/splits/train/sheesham/goimai_dalbergia_sissoo_20190821_085329.jpg,3024,4032,3,42
GOIMAI,Dalbergia sissoo,sheesham,20190820_204715.jpg,data/wood_species/raw/sheesham/goimai_dalbergia_sissoo_20190820_204715.jpg,train,data/wood_species/splits/train/sheesham/goimai_dalbergia_sissoo_20190820_204715.jpg,3024,4032,3,42
GOIMAI,Dalbergia sissoo,sheesham,20190821_085410.jpg,data/wood_species/raw/sheesham/goimai_dalbergia_sissoo_20190821_085410.jpg,train,data/wood_species/splits/train/sheesham/goimai_dalbergia_sissoo_20190821_085410.jpg,3024,4032,3,42
GOIMAI,Dalbergia sissoo,sheesham,20190821_085413.jpg,data/wood_species/raw/sheesham/goimai_dalbergia_sissoo_20190821_085413.jpg,train,data/wood_species/splits/train/sheesham/goimai_dalbergia_sissoo_20190821_085413.jpg,3024,4032,3,42
GOIMAI,Dalbergia sissoo,sheesham,20190820_204654.jpg,data/wood_species/raw/sheesham/goimai_dalbergia_sissoo_20190820_204654.jpg,train,data/wood_species/splits/train/sheesham/goimai_dalbergia_sissoo_20190820_204654.jpg,3024,4032,3,42
GOIMAI,Dalbergia sissoo,sheesham,20190820_204759.jpg,data/wood_species/raw/sheesham/goimai_dalbergia_sissoo_20190820_204759.jpg,train,data/wood_species/splits/train/sheesham/goimai_dalbergia_sissoo_20190820_204759.jpg,3024,4032,3,42
GOIMAI,Dalbergia sissoo,sheesham,20190820_204733.jpg,data/wood_species/raw/sheesham/goimai_dalbergia_sissoo_20190820_204733.jpg,train,data/wood_species/splits/train/sheesham/goimai_dalbergia_sissoo_20190820_204733.jpg,3024,4032,3,42
GOIMAI,Dalbergia sissoo,sheesham,20190821_085438.jpg,data/wood_species/raw/sheesham/goimai_dalbergia_sissoo_20190821_085438.jpg,train,data/wood_species/splits/train/sheesham/goimai_dalbergia_sissoo_20190821_085438.jpg,3024,4032,3,42
GOIMAI,Dalbergia sissoo,sheesham,20190821_085458.jpg,data/wood_species/raw/sheesham/goimai_dalbergia_sissoo_20190821_085458.jpg,train,data/wood_species/splits/train/sheesham/goimai_dalbergia_sissoo_20190821_085458.jpg,3024,4032,3,42
GOIMAI,Dalbergia sissoo,sheesham,20190821_085406.jpg,data/wood_species/raw/sheesham/goimai_dalbergia_sissoo_20190821_085406.jpg,train,data/wood_species/splits/train/sheesham/goimai_dalbergia_sissoo_20190821_085406.jpg,3024,4032,3,42
GOIMAI,Dalbergia sissoo,sheesham,20190820_204620.jpg,data/wood_species/raw/sheesham/goimai_dalbergia_sissoo_20190820_204620.jpg,train,data/wood_species/splits/train/sheesham/goimai_dalbergia_sissoo_20190820_204620.jpg,3024,4032,3,42
GOIMAI,Dalbergia sissoo,sheesham,20190821_085227.jpg,data/wood_species/raw/sheesham/goimai_dalbergia_sissoo_20190821_085227.jpg,train,data/wood_species/splits/train/sheesham/goimai_dalbergia_sissoo_20190821_085227.jpg,3024,4032,3,42
GOIMAI,Dalbergia sissoo,sheesham,20190821_085514.jpg,data/wood_species/raw/sheesham/goimai_dalbergia_sissoo_20190821_085514.jpg,train,data/wood_species/splits/train/sheesham/goimai_dalbergia_sissoo_20190821_085514.jpg,3024,4032,3,42
GOIMAI,Dalbergia sissoo,sheesham,20190821_085322.jpg,data/wood_species/raw/sheesham/goimai_dalbergia_sissoo_20190821_085322.jpg,train,data/wood_species/splits/train/sheesham/goimai_dalbergia_sissoo_20190821_085322.jpg,3024,4032,3,42
GOIMAI,Dalbergia sissoo,sheesham,20190821_085517.jpg,data/wood_species/raw/sheesham/goimai_dalbergia_sissoo_20190821_085517.jpg,train,data/wood_species/splits/train/sheesham/goimai_dalbergia_sissoo_20190821_085517.jpg,3024,4032,3,42
GOIMAI,Dalbergia sissoo,sheesham,20190821_085509.jpg,data/wood_species/raw/sheesham/goimai_dalbergia_sissoo_20190821_085509.jpg,train,data/wood_species/splits/train/sheesham/goimai_dalbergia_sissoo_20190821_085509.jpg,3024,4032,3,42
GOIMAI,Dalbergia sissoo,sheesham,20190821_085255.jpg,data/wood_species/raw/sheesham/goimai_dalbergia_sissoo_20190821_085255.jpg,train,data/wood_species/splits/train/sheesham/goimai_dalbergia_sissoo_20190821_085255.jpg,3024,4032,3,42
GOIMAI,Dalbergia sissoo,sheesham,20190821_085315.jpg,data/wood_species/raw/sheesham/goimai_dalbergia_sissoo_20190821_085315.jpg,train,data/wood_species/splits/train/sheesham/goimai_dalbergia_sissoo_20190821_085315.jpg,3024,4032,3,42
GOIMAI,Dalbergia sissoo,sheesham,20190820_204709.jpg,data/wood_species/raw/sheesham/goimai_dalbergia_sissoo_20190820_204709.jpg,train,data/wood_species/splits/train/sheesham/goimai_dalbergia_sissoo_20190820_204709.jpg,3024,4032,3,42
GOIMAI,Dalbergia sissoo,sheesham,20190821_085356.jpg,data/wood_species/raw/sheesham/goimai_dalbergia_sissoo_20190821_085356.jpg,train,data/wood_species/splits/train/sheesham/goimai_dalbergia_sissoo_20190821_085356.jpg,3024,4032,3,42
GOIMAI,Dalbergia sissoo,sheesham,20190821_085341.jpg,data/wood_species/raw/sheesham/goimai_dalbergia_sissoo_20190821_085341.jpg,train,data/wood_species/splits/train/sheesham/goimai_dalbergia_sissoo_20190821_085341.jpg,3024,4032,3,42
GOIMAI,Dalbergia sissoo,sheesham,20190820_204806.jpg,data/wood_species/raw/sheesham/goimai_dalbergia_sissoo_20190820_204806.jpg,train,data/wood_species/splits/train/sheesham/goimai_dalbergia_sissoo_20190820_204806.jpg,3024,4032,3,42
GOIMAI,Dalbergia sissoo,sheesham,20190820_204721.jpg,data/wood_species/raw/sheesham/goimai_dalbergia_sissoo_20190820_204721.jpg,train,data/wood_species/splits/train/sheesham/goimai_dalbergia_sissoo_20190820_204721.jpg,3024,4032,3,42
GOIMAI,Dalbergia sissoo,sheesham,20190820_204744.jpg,data/wood_species/raw/sheesham/goimai_dalbergia_sissoo_20190820_204744.jpg,train,data/wood_species/splits/train/sheesham/goimai_dalbergia_sissoo_20190820_204744.jpg,3024,4032,3,42
GOIMAI,Dalbergia sissoo,sheesham,20190821_085500.jpg,data/wood_species/raw/sheesham/goimai_dalbergia_sissoo_20190821_085500.jpg,train,data/wood_species/splits/train/sheesham/goimai_dalbergia_sissoo_20190821_085500.jpg,3024,4032,3,42
GOIMAI,Dalbergia sissoo,sheesham,20190821_085408.jpg,data/wood_species/raw/sheesham/goimai_dalbergia_sissoo_20190821_085408.jpg,train,data/wood_species/splits/train/sheesham/goimai_dalbergia_sissoo_20190821_085408.jpg,3024,4032,3,42
GOIMAI,Dalbergia sissoo,sheesham,20190821_085428.jpg,data/wood_species/raw/sheesham/goimai_dalbergia_sissoo_20190821_085428.jpg,train,data/wood_species/splits/train/sheesham/goimai_dalbergia_sissoo_20190821_085428.jpg,3024,4032,3,42
GOIMAI,Dalbergia sissoo,sheesham,20190820_204642.jpg,data/wood_species/raw/sheesham/goimai_dalbergia_sissoo_20190820_204642.jpg,train,data/wood_species/splits/train/sheesham/goimai_dalbergia_sissoo_20190820_204642.jpg,3024,4032,3,42
GOIMAI,Dalbergia sissoo,sheesham,20190821_085436.jpg,data/wood_species/raw/sheesham/goimai_dalbergia_sissoo_20190821_085436.jpg,train,data/wood_species/splits/train/sheesham/goimai_dalbergia_sissoo_20190821_085436.jpg,3024,4032,3,42
GOIMAI,Dalbergia sissoo,sheesham,20190821_085334.jpg,data/wood_species/raw/sheesham/goimai_dalbergia_sissoo_20190821_085334.jpg,train,data/wood_species/splits/train/sheesham/goimai_dalbergia_sissoo_20190821_085334.jpg,3024,4032,3,42
GOIMAI,Dalbergia sissoo,sheesham,20190820_204738.jpg,data/wood_species/raw/sheesham/goimai_dalbergia_sissoo_20190820_204738.jpg,train,data/wood_species/splits/train/sheesham/goimai_dalbergia_sissoo_20190820_204738.jpg,3024,4032,3,42
GOIMAI,Dalbergia sissoo,sheesham,20190820_204630.jpg,data/wood_species/raw/sheesham/goimai_dalbergia_sissoo_20190820_204630.jpg,train,data/wood_species/splits/train/sheesham/goimai_dalbergia_sissoo_20190820_204630.jpg,3024,4032,3,42
GOIMAI,Dalbergia sissoo,sheesham,20190820_204751.jpg,data/wood_species/raw/sheesham/goimai_dalbergia_sissoo_20190820_204751.jpg,train,data/wood_species/splits/train/sheesham/goimai_dalbergia_sissoo_20190820_204751.jpg,3024,4032,3,42
GOIMAI,Dalbergia sissoo,sheesham,20190820_204736.jpg,data/wood_species/raw/sheesham/goimai_dalbergia_sissoo_20190820_204736.jpg,train,data/wood_species/splits/train/sheesham/goimai_dalbergia_sissoo_20190820_204736.jpg,3024,4032,3,42
GOIMAI,Dalbergia sissoo,sheesham,20190821_085416.jpg,data/wood_species/raw/sheesham/goimai_dalbergia_sissoo_20190821_085416.jpg,train,data/wood_species/splits/train/sheesham/goimai_dalbergia_sissoo_20190821_085416.jpg,3024,4032,3,42
GOIMAI,Dalbergia sissoo,sheesham,20190821_085324.jpg,data/wood_species/raw/sheesham/goimai_dalbergia_sissoo_20190821_085324.jpg,train,data/wood_species/splits/train/sheesham/goimai_dalbergia_sissoo_20190821_085324.jpg,3024,4032,3,42
GOIMAI,Dalbergia sissoo,sheesham,20190820_204725.jpg,data/wood_species/raw/sheesham/goimai_dalbergia_sissoo_20190820_204725.jpg,train,data/wood_species/splits/train/sheesham/goimai_dalbergia_sissoo_20190820_204725.jpg,3024,4032,3,42
GOIMAI,Dalbergia sissoo,sheesham,20190820_204821.jpg,data/wood_species/raw/sheesham/goimai_dalbergia_sissoo_20190820_204821.jpg,train,data/wood_species/splits/train/sheesham/goimai_dalbergia_sissoo_20190820_204821.jpg,3024,4032,3,42
GOIMAI,Dalbergia sissoo,sheesham,20190821_085213.jpg,data/wood_species/raw/sheesham/goimai_dalbergia_sissoo_20190821_085213.jpg,validation,data/wood_species/splits/validation/sheesham/goimai_dalbergia_sissoo_20190821_085213.jpg,3024,4032,3,42
GOIMAI,Dalbergia sissoo,sheesham,20190820_204657.jpg,data/wood_species/raw/sheesham/goimai_dalbergia_sissoo_20190820_204657.jpg,validation,data/wood_species/splits/validation/sheesham/goimai_dalbergia_sissoo_20190820_204657.jpg,3024,4032,3,42
GOIMAI,Dalbergia sissoo,sheesham,20190820_204748.jpg,data/wood_species/raw/sheesham/goimai_dalbergia_sissoo_20190820_204748.jpg,validation,data/wood_species/splits/validation/sheesham/goimai_dalbergia_sissoo_20190820_204748.jpg,3024,4032,3,42
GOIMAI,Dalbergia sissoo,sheesham,20190820_204809.jpg,data/wood_species/raw/sheesham/goimai_dalbergia_sissoo_20190820_204809.jpg,validation,data/wood_species/splits/validation/sheesham/goimai_dalbergia_sissoo_20190820_204809.jpg,3024,4032,3,42
GOIMAI,Dalbergia sissoo,sheesham,20190821_085220.jpg,data/wood_species/raw/sheesham/goimai_dalbergia_sissoo_20190821_085220.jpg,validation,data/wood_species/splits/validation/sheesham/goimai_dalbergia_sissoo_20190821_085220.jpg,3024,4032,3,42
GOIMAI,Dalbergia sissoo,sheesham,20190820_204756.jpg,data/wood_species/raw/sheesham/goimai_dalbergia_sissoo_20190820_204756.jpg,validation,data/wood_species/splits/validation/sheesham/goimai_dalbergia_sissoo_20190820_204756.jpg,3024,4032,3,42
GOIMAI,Dalbergia sissoo,sheesham,20190821_085454.jpg,data/wood_species/raw/sheesham/goimai_dalbergia_sissoo_20190821_085454.jpg,validation,data/wood_species/splits/validation/sheesham/goimai_dalbergia_sissoo_20190821_085454.jpg,3024,4032,3,42
GOIMAI,Dalbergia sissoo,sheesham,20190821_085506.jpg,data/wood_species/raw/sheesham/goimai_dalbergia_sissoo_20190821_085506.jpg,validation,data/wood_species/splits/validation/sheesham/goimai_dalbergia_sissoo_20190821_085506.jpg,3024,4032,3,42
GOIMAI,Dalbergia sissoo,sheesham,20190821_085456.jpg,data/wood_species/raw/sheesham/goimai_dalbergia_sissoo_20190821_085456.jpg,validation,data/wood_species/splits/validation/sheesham/goimai_dalbergia_sissoo_20190821_085456.jpg,3024,4032,3,42
GOIMAI,Dalbergia sissoo,sheesham,20190821_085346.jpg,data/wood_species/raw/sheesham/goimai_dalbergia_sissoo_20190821_085346.jpg,validation,data/wood_species/splits/validation/sheesham/goimai_dalbergia_sissoo_20190821_085346.jpg,3024,4032,3,42
GOIMAI,Dalbergia sissoo,sheesham,20190821_085520.jpg,data/wood_species/raw/sheesham/goimai_dalbergia_sissoo_20190821_085520.jpg,validation,data/wood_species/splits/validation/sheesham/goimai_dalbergia_sissoo_20190821_085520.jpg,3024,4032,3,42
GOIMAI,Dalbergia sissoo,sheesham,20190820_204618.jpg,data/wood_species/raw/sheesham/goimai_dalbergia_sissoo_20190820_204618.jpg,validation,data/wood_species/splits/validation/sheesham/goimai_dalbergia_sissoo_20190820_204618.jpg,3024,4032,3,42
GOIMAI,Dalbergia sissoo,sheesham,20190821_085503.jpg,data/wood_species/raw/sheesham/goimai_dalbergia_sissoo_20190821_085503.jpg,validation,data/wood_species/splits/validation/sheesham/goimai_dalbergia_sissoo_20190821_085503.jpg,3024,4032,3,42
GOIMAI,Dalbergia sissoo,sheesham,20190821_085452.jpg,data/wood_species/raw/sheesham/goimai_dalbergia_sissoo_20190821_085452.jpg,validation,data/wood_species/splits/validation/sheesham/goimai_dalbergia_sissoo_20190821_085452.jpg,3024,4032,3,42
GOIMAI,Dalbergia sissoo,sheesham,20190820_204813.jpg,data/wood_species/raw/sheesham/goimai_dalbergia_sissoo_20190820_204813.jpg,validation,data/wood_species/splits/validation/sheesham/goimai_dalbergia_sissoo_20190820_204813.jpg,3024,4032,3,42
GOIMAI,Dalbergia sissoo,sheesham,20190821_085523.jpg,data/wood_species/raw/sheesham/goimai_dalbergia_sissoo_20190821_085523.jpg,validation,data/wood_species/splits/validation/sheesham/goimai_dalbergia_sissoo_20190821_085523.jpg,3024,4032,3,42
GOIMAI,Dalbergia sissoo,sheesham,20190821_085426.jpg,data/wood_species/raw/sheesham/goimai_dalbergia_sissoo_20190821_085426.jpg,test,data/wood_species/splits/test/sheesham/goimai_dalbergia_sissoo_20190821_085426.jpg,3024,4032,3,42
GOIMAI,Dalbergia sissoo,sheesham,20190821_085301.jpg,data/wood_species/raw/sheesham/goimai_dalbergia_sissoo_20190821_085301.jpg,test,data/wood_species/splits/test/sheesham/goimai_dalbergia_sissoo_20190821_085301.jpg,3024,4032,3,42
GOIMAI,Dalbergia sissoo,sheesham,20190821_085450.jpg,data/wood_species/raw/sheesham/goimai_dalbergia_sissoo_20190821_085450.jpg,test,data/wood_species/splits/test/sheesham/goimai_dalbergia_sissoo_20190821_085450.jpg,3024,4032,3,42
GOIMAI,Dalbergia sissoo,sheesham,20190821_085305.jpg,data/wood_species/raw/sheesham/goimai_dalbergia_sissoo_20190821_085305.jpg,test,data/wood_species/splits/test/sheesham/goimai_dalbergia_sissoo_20190821_085305.jpg,3024,4032,3,42
GOIMAI,Dalbergia sissoo,sheesham,20190821_085447.jpg,data/wood_species/raw/sheesham/goimai_dalbergia_sissoo_20190821_085447.jpg,test,data/wood_species/splits/test/sheesham/goimai_dalbergia_sissoo_20190821_085447.jpg,3024,4032,3,42
GOIMAI,Dalbergia sissoo,sheesham,20190820_204727.jpg,data/wood_species/raw/sheesham/goimai_dalbergia_sissoo_20190820_204727.jpg,test,data/wood_species/splits/test/sheesham/goimai_dalbergia_sissoo_20190820_204727.jpg,3024,4032,3,42
GOIMAI,Dalbergia sissoo,sheesham,20190821_085312.jpg,data/wood_species/raw/sheesham/goimai_dalbergia_sissoo_20190821_085312.jpg,test,data/wood_species/splits/test/sheesham/goimai_dalbergia_sissoo_20190821_085312.jpg,3024,4032,3,42
GOIMAI,Dalbergia sissoo,sheesham,20190821_085351.jpg,data/wood_species/raw/sheesham/goimai_dalbergia_sissoo_20190821_085351.jpg,test,data/wood_species/splits/test/sheesham/goimai_dalbergia_sissoo_20190821_085351.jpg,3024,4032,3,42
GOIMAI,Dalbergia sissoo,sheesham,20190821_085258.jpg,data/wood_species/raw/sheesham/goimai_dalbergia_sissoo_20190821_085258.jpg,test,data/wood_species/splits/test/sheesham/goimai_dalbergia_sissoo_20190821_085258.jpg,3024,4032,3,42
GOIMAI,Dalbergia sissoo,sheesham,20190821_085424.jpg,data/wood_species/raw/sheesham/goimai_dalbergia_sissoo_20190821_085424.jpg,test,data/wood_species/splits/test/sheesham/goimai_dalbergia_sissoo_20190821_085424.jpg,3024,4032,3,42
GOIMAI,Dalbergia sissoo,sheesham,20190821_085303.jpg,data/wood_species/raw/sheesham/goimai_dalbergia_sissoo_20190821_085303.jpg,test,data/wood_species/splits/test/sheesham/goimai_dalbergia_sissoo_20190821_085303.jpg,3024,4032,3,42
GOIMAI,Dalbergia sissoo,sheesham,20190821_085336.jpg,data/wood_species/raw/sheesham/goimai_dalbergia_sissoo_20190821_085336.jpg,test,data/wood_species/splits/test/sheesham/goimai_dalbergia_sissoo_20190821_085336.jpg,3024,4032,3,42
GOIMAI,Dalbergia sissoo,sheesham,20190821_085320.jpg,data/wood_species/raw/sheesham/goimai_dalbergia_sissoo_20190821_085320.jpg,test,data/wood_species/splits/test/sheesham/goimai_dalbergia_sissoo_20190821_085320.jpg,3024,4032,3,42
GOIMAI,Dalbergia sissoo,sheesham,20190821_085403.jpg,data/wood_species/raw/sheesham/goimai_dalbergia_sissoo_20190821_085403.jpg,test,data/wood_species/splits/test/sheesham/goimai_dalbergia_sissoo_20190821_085403.jpg,3024,4032,3,42
GOIMAI,Dalbergia sissoo,sheesham,20190821_085318.jpg,data/wood_species/raw/sheesham/goimai_dalbergia_sissoo_20190821_085318.jpg,test,data/wood_species/splits/test/sheesham/goimai_dalbergia_sissoo_20190821_085318.jpg,3024,4032,3,42
GOIMAI,Dalbergia sissoo,sheesham,20190820_204644.jpg,data/wood_species/raw/sheesham/goimai_dalbergia_sissoo_20190820_204644.jpg,test,data/wood_species/splits/test/sheesham/goimai_dalbergia_sissoo_20190820_204644.jpg,3024,4032,3,42
GOIMAI,Swietenia mahagoni,mahogany,20190820_194308.jpg,data/wood_species/raw/mahogany/goimai_swietenia_mahagoni_20190820_194308.jpg,train,data/wood_species/splits/train/mahogany/goimai_swietenia_mahagoni_20190820_194308.jpg,3024,4032,3,42
GOIMAI,Swietenia macrophylla,mahogany,20190821_091114.jpg,data/wood_species/raw/mahogany/goimai_swietenia_macrophylla_20190821_091114.jpg,train,data/wood_species/splits/train/mahogany/goimai_swietenia_macrophylla_20190821_091114.jpg,3024,4032,3,42
GOIMAI,Swietenia macrophylla,mahogany,20190820_194511.jpg,data/wood_species/raw/mahogany/goimai_swietenia_macrophylla_20190820_194511.jpg,train,data/wood_species/splits/train/mahogany/goimai_swietenia_macrophylla_20190820_194511.jpg,3024,4032,3,42
GOIMAI,Swietenia macrophylla,mahogany,20190821_091305.jpg,data/wood_species/raw/mahogany/goimai_swietenia_macrophylla_20190821_091305.jpg,train,data/wood_species/splits/train/mahogany/goimai_swietenia_macrophylla_20190821_091305.jpg,3024,4032,3,42
GOIMAI,Swietenia macrophylla,mahogany,20190820_194447.jpg,data/wood_species/raw/mahogany/goimai_swietenia_macrophylla_20190820_194447.jpg,train,data/wood_species/splits/train/mahogany/goimai_swietenia_macrophylla_20190820_194447.jpg,3024,4032,3,42
GOIMAI,Swietenia humilis,mahogany,20190803_204900.jpg,data/wood_species/raw/mahogany/goimai_swietenia_humilis_20190803_204900.jpg,train,data/wood_species/splits/train/mahogany/goimai_swietenia_humilis_20190803_204900.jpg,4032,3024,3,42
GOIMAI,Swietenia mahagoni,mahogany,20190820_193934.jpg,data/wood_species/raw/mahogany/goimai_swietenia_mahagoni_20190820_193934.jpg,train,data/wood_species/splits/train/mahogany/goimai_swietenia_mahagoni_20190820_193934.jpg,3024,4032,3,42
GOIMAI,Swietenia mahagoni,mahogany,20190821_084657.jpg,data/wood_species/raw/mahogany/goimai_swietenia_mahagoni_20190821_084657.jpg,train,data/wood_species/splits/train/mahogany/goimai_swietenia_mahagoni_20190821_084657.jpg,3024,4032,3,42
GOIMAI,Swietenia humilis,mahogany,20190821_090506.jpg,data/wood_species/raw/mahogany/goimai_swietenia_humilis_20190821_090506.jpg,train,data/wood_species/splits/train/mahogany/goimai_swietenia_humilis_20190821_090506.jpg,3024,4032,3,42
GOIMAI,Swietenia macrophylla,mahogany,20190821_091347.jpg,data/wood_species/raw/mahogany/goimai_swietenia_macrophylla_20190821_091347.jpg,train,data/wood_species/splits/train/mahogany/goimai_swietenia_macrophylla_20190821_091347.jpg,3024,4032,3,42
GOIMAI,Swietenia humilis,mahogany,20190821_090352.jpg,data/wood_species/raw/mahogany/goimai_swietenia_humilis_20190821_090352.jpg,train,data/wood_species/splits/train/mahogany/goimai_swietenia_humilis_20190821_090352.jpg,3024,4032,3,42
GOIMAI,Swietenia humilis,mahogany,20190803_204817.jpg,data/wood_species/raw/mahogany/goimai_swietenia_humilis_20190803_204817.jpg,train,data/wood_species/splits/train/mahogany/goimai_swietenia_humilis_20190803_204817.jpg,4032,3024,3,42
GOIMAI,Swietenia humilis,mahogany,20190803_204958.jpg,data/wood_species/raw/mahogany/goimai_swietenia_humilis_20190803_204958.jpg,train,data/wood_species/splits/train/mahogany/goimai_swietenia_humilis_20190803_204958.jpg,4032,3024,3,42
GOIMAI,Swietenia humilis,mahogany,20190821_090322.jpg,data/wood_species/raw/mahogany/goimai_swietenia_humilis_20190821_090322.jpg,train,data/wood_species/splits/train/mahogany/goimai_swietenia_humilis_20190821_090322.jpg,3024,4032,3,42
GOIMAI,Swietenia macrophylla,mahogany,20190821_091343.jpg,data/wood_species/raw/mahogany/goimai_swietenia_macrophylla_20190821_091343.jpg,train,data/wood_species/splits/train/mahogany/goimai_swietenia_macrophylla_20190821_091343.jpg,3024,4032,3,42
GOIMAI,Swietenia humilis,mahogany,20190803_205305.jpg,data/wood_species/raw/mahogany/goimai_swietenia_humilis_20190803_205305.jpg,train,data/wood_species/splits/train/mahogany/goimai_swietenia_humilis_20190803_205305.jpg,4032,3024,3,42
GOIMAI,Swietenia macrophylla,mahogany,20190821_091401.jpg,data/wood_species/raw/mahogany/goimai_swietenia_macrophylla_20190821_091401.jpg,train,data/wood_species/splits/train/mahogany/goimai_swietenia_macrophylla_20190821_091401.jpg,3024,4032,3,42
GOIMAI,Swietenia macrophylla,mahogany,20190821_091109.jpg,data/wood_species/raw/mahogany/goimai_swietenia_macrophylla_20190821_091109.jpg,train,data/wood_species/splits/train/mahogany/goimai_swietenia_macrophylla_20190821_091109.jpg,3024,4032,3,42
GOIMAI,Swietenia mahagoni,mahogany,20190820_194140.jpg,data/wood_species/raw/mahogany/goimai_swietenia_mahagoni_20190820_194140.jpg,train,data/wood_species/splits/train/mahogany/goimai_swietenia_mahagoni_20190820_194140.jpg,3024,4032,3,42
GOIMAI,Swietenia mahagoni,mahogany,20190820_194032.jpg,data/wood_species/raw/mahogany/goimai_swietenia_mahagoni_20190820_194032.jpg,train,data/wood_species/splits/train/mahogany/goimai_swietenia_mahagoni_20190820_194032.jpg,3024,4032,3,42
GOIMAI,Swietenia mahagoni,mahogany,20190820_194126.jpg,data/wood_species/raw/mahogany/goimai_swietenia_mahagoni_20190820_194126.jpg,train,data/wood_species/splits/train/mahogany/goimai_swietenia_mahagoni_20190820_194126.jpg,3024,4032,3,42
GOIMAI,Swietenia mahagoni,mahogany,20190821_084537.jpg,data/wood_species/raw/mahogany/goimai_swietenia_mahagoni_20190821_084537.jpg,train,data/wood_species/splits/train/mahogany/goimai_swietenia_mahagoni_20190821_084537.jpg,3024,4032,3,42
GOIMAI,Swietenia mahagoni,mahogany,20190820_194155.jpg,data/wood_species/raw/mahogany/goimai_swietenia_mahagoni_20190820_194155.jpg,train,data/wood_species/splits/train/mahogany/goimai_swietenia_mahagoni_20190820_194155.jpg,3024,4032,3,42
GOIMAI,Swietenia humilis,mahogany,20190803_205215.jpg,data/wood_species/raw/mahogany/goimai_swietenia_humilis_20190803_205215.jpg,train,data/wood_species/splits/train/mahogany/goimai_swietenia_humilis_20190803_205215.jpg,4032,3024,3,42
GOIMAI,Swietenia macrophylla,mahogany,20190821_091158.jpg,data/wood_species/raw/mahogany/goimai_swietenia_macrophylla_20190821_091158.jpg,train,data/wood_species/splits/train/mahogany/goimai_swietenia_macrophylla_20190821_091158.jpg,3024,4032,3,42
GOIMAI,Swietenia macrophylla,mahogany,20190821_091442.jpg,data/wood_species/raw/mahogany/goimai_swietenia_macrophylla_20190821_091442.jpg,train,data/wood_species/splits/train/mahogany/goimai_swietenia_macrophylla_20190821_091442.jpg,3024,4032,3,42
GOIMAI,Swietenia macrophylla,mahogany,20190821_091422.jpg,data/wood_species/raw/mahogany/goimai_swietenia_macrophylla_20190821_091422.jpg,train,data/wood_species/splits/train/mahogany/goimai_swietenia_macrophylla_20190821_091422.jpg,3024,4032,3,42
GOIMAI,Swietenia mahagoni,mahogany,20190820_193928.jpg,data/wood_species/raw/mahogany/goimai_swietenia_mahagoni_20190820_193928.jpg,train,data/wood_species/splits/train/mahogany/goimai_swietenia_mahagoni_20190820_193928.jpg,3024,4032,3,42
GOIMAI,Swietenia macrophylla,mahogany,20190821_091253.jpg,data/wood_species/raw/mahogany/goimai_swietenia_macrophylla_20190821_091253.jpg,train,data/wood_species/splits/train/mahogany/goimai_swietenia_macrophylla_20190821_091253.jpg,3024,4032,3,42
GOIMAI,Swietenia humilis,mahogany,20190803_204805.jpg,data/wood_species/raw/mahogany/goimai_swietenia_humilis_20190803_204805.jpg,train,data/wood_species/splits/train/mahogany/goimai_swietenia_humilis_20190803_204805.jpg,4032,3024,3,42
GOIMAI,Swietenia macrophylla,mahogany,20190821_091143.jpg,data/wood_species/raw/mahogany/goimai_swietenia_macrophylla_20190821_091143.jpg,train,data/wood_species/splits/train/mahogany/goimai_swietenia_macrophylla_20190821_091143.jpg,3024,4032,3,42
GOIMAI,Swietenia mahagoni,mahogany,20190821_084625.jpg,data/wood_species/raw/mahogany/goimai_swietenia_mahagoni_20190821_084625.jpg,train,data/wood_species/splits/train/mahogany/goimai_swietenia_mahagoni_20190821_084625.jpg,3024,4032,3,42
GOIMAI,Swietenia mahagoni,mahogany,20190820_193858.jpg,data/wood_species/raw/mahogany/goimai_swietenia_mahagoni_20190820_193858.jpg,train,data/wood_species/splits/train/mahogany/goimai_swietenia_mahagoni_20190820_193858.jpg,3024,4032,3,42
GOIMAI,Swietenia mahagoni,mahogany,20190820_194210.jpg,data/wood_species/raw/mahogany/goimai_swietenia_mahagoni_20190820_194210.jpg,train,data/wood_species/splits/train/mahogany/goimai_swietenia_mahagoni_20190820_194210.jpg,3024,4032,3,42
GOIMAI,Swietenia humilis,mahogany,20190803_205018.jpg,data/wood_species/raw/mahogany/goimai_swietenia_humilis_20190803_205018.jpg,train,data/wood_species/splits/train/mahogany/goimai_swietenia_humilis_20190803_205018.jpg,4032,3024,3,42
GOIMAI,Swietenia mahagoni,mahogany,20190821_084615.jpg,data/wood_species/raw/mahogany/goimai_swietenia_mahagoni_20190821_084615.jpg,train,data/wood_species/splits/train/mahogany/goimai_swietenia_mahagoni_20190821_084615.jpg,3024,4032,3,42
GOIMAI,Swietenia humilis,mahogany,20190803_205420.jpg,data/wood_species/raw/mahogany/goimai_swietenia_humilis_20190803_205420.jpg,train,data/wood_species/splits/train/mahogany/goimai_swietenia_humilis_20190803_205420.jpg,4032,3024,3,42
GOIMAI,Swietenia humilis,mahogany,20190821_090448.jpg,data/wood_species/raw/mahogany/goimai_swietenia_humilis_20190821_090448.jpg,train,data/wood_species/splits/train/mahogany/goimai_swietenia_humilis_20190821_090448.jpg,3024,4032,3,42
GOIMAI,Swietenia humilis,mahogany,20190821_090348.jpg,data/wood_species/raw/mahogany/goimai_swietenia_humilis_20190821_090348.jpg,train,data/wood_species/splits/train/mahogany/goimai_swietenia_humilis_20190821_090348.jpg,3024,4032,3,42
GOIMAI,Swietenia macrophylla,mahogany,20190821_091242.jpg,data/wood_species/raw/mahogany/goimai_swietenia_macrophylla_20190821_091242.jpg,train,data/wood_species/splits/train/mahogany/goimai_swietenia_macrophylla_20190821_091242.jpg,3024,4032,3,42
GOIMAI,Swietenia macrophylla,mahogany,20190821_091413.jpg,data/wood_species/raw/mahogany/goimai_swietenia_macrophylla_20190821_091413.jpg,train,data/wood_species/splits/train/mahogany/goimai_swietenia_macrophylla_20190821_091413.jpg,3024,4032,3,42
GOIMAI,Swietenia mahagoni,mahogany,20190820_194213.jpg,data/wood_species/raw/mahogany/goimai_swietenia_mahagoni_20190820_194213.jpg,train,data/wood_species/splits/train/mahogany/goimai_swietenia_mahagoni_20190820_194213.jpg,3024,4032,3,42
GOIMAI,Swietenia mahagoni,mahogany,20190820_194231.jpg,data/wood_species/raw/mahogany/goimai_swietenia_mahagoni_20190820_194231.jpg,train,data/wood_species/splits/train/mahogany/goimai_swietenia_mahagoni_20190820_194231.jpg,3024,4032,3,42
GOIMAI,Swietenia mahagoni,mahogany,20190821_084620.jpg,data/wood_species/raw/mahogany/goimai_swietenia_mahagoni_20190821_084620.jpg,train,data/wood_species/splits/train/mahogany/goimai_swietenia_mahagoni_20190821_084620.jpg,3024,4032,3,42
GOIMAI,Swietenia humilis,mahogany,20190821_090331.jpg,data/wood_species/raw/mahogany/goimai_swietenia_humilis_20190821_090331.jpg,train,data/wood_species/splits/train/mahogany/goimai_swietenia_humilis_20190821_090331.jpg,3024,4032,3,42
GOIMAI,Swietenia mahagoni,mahogany,20190821_084643.jpg,data/wood_species/raw/mahogany/goimai_swietenia_mahagoni_20190821_084643.jpg,train,data/wood_species/splits/train/mahogany/goimai_swietenia_mahagoni_20190821_084643.jpg,3024,4032,3,42
GOIMAI,Swietenia macrophylla,mahogany,20190821_091318.jpg,data/wood_species/raw/mahogany/goimai_swietenia_macrophylla_20190821_091318.jpg,train,data/wood_species/splits/train/mahogany/goimai_swietenia_macrophylla_20190821_091318.jpg,3024,4032,3,42
GOIMAI,Swietenia humilis,mahogany,20190803_205042.jpg,data/wood_species/raw/mahogany/goimai_swietenia_humilis_20190803_205042.jpg,train,data/wood_species/splits/train/mahogany/goimai_swietenia_humilis_20190803_205042.jpg,4032,3024,3,42
GOIMAI,Swietenia mahagoni,mahogany,20190820_194258.jpg,data/wood_species/raw/mahogany/goimai_swietenia_mahagoni_20190820_194258.jpg,train,data/wood_species/splits/train/mahogany/goimai_swietenia_mahagoni_20190820_194258.jpg,3024,4032,3,42
GOIMAI,Swietenia mahagoni,mahogany,20190821_084612.jpg,data/wood_species/raw/mahogany/goimai_swietenia_mahagoni_20190821_084612.jpg,train,data/wood_species/splits/train/mahogany/goimai_swietenia_mahagoni_20190821_084612.jpg,3024,4032,3,42
GOIMAI,Swietenia mahagoni,mahogany,20190820_194006.jpg,data/wood_species/raw/mahogany/goimai_swietenia_mahagoni_20190820_194006.jpg,train,data/wood_species/splits/train/mahogany/goimai_swietenia_mahagoni_20190820_194006.jpg,3024,4032,3,42
GOIMAI,Swietenia macrophylla,mahogany,20190821_091440.jpg,data/wood_species/raw/mahogany/goimai_swietenia_macrophylla_20190821_091440.jpg,train,data/wood_species/splits/train/mahogany/goimai_swietenia_macrophylla_20190821_091440.jpg,3024,4032,3,42
GOIMAI,Swietenia humilis,mahogany,20190821_090414.jpg,data/wood_species/raw/mahogany/goimai_swietenia_humilis_20190821_090414.jpg,train,data/wood_species/splits/train/mahogany/goimai_swietenia_humilis_20190821_090414.jpg,3024,4032,3,42
GOIMAI,Swietenia mahagoni,mahogany,20190821_084652.jpg,data/wood_species/raw/mahogany/goimai_swietenia_mahagoni_20190821_084652.jpg,train,data/wood_species/splits/train/mahogany/goimai_swietenia_mahagoni_20190821_084652.jpg,3024,4032,3,42
GOIMAI,Swietenia mahagoni,mahogany,20190820_194120.jpg,data/wood_species/raw/mahogany/goimai_swietenia_mahagoni_20190820_194120.jpg,train,data/wood_species/splits/train/mahogany/goimai_swietenia_mahagoni_20190820_194120.jpg,3024,4032,3,42
GOIMAI,Swietenia humilis,mahogany,20190821_090453.jpg,data/wood_species/raw/mahogany/goimai_swietenia_humilis_20190821_090453.jpg,train,data/wood_species/splits/train/mahogany/goimai_swietenia_humilis_20190821_090453.jpg,3024,4032,3,42
GOIMAI,Swietenia mahagoni,mahogany,20190820_194113.jpg,data/wood_species/raw/mahogany/goimai_swietenia_mahagoni_20190820_194113.jpg,train,data/wood_species/splits/train/mahogany/goimai_swietenia_mahagoni_20190820_194113.jpg,3024,4032,3,42
GOIMAI,Swietenia macrophylla,mahogany,20190821_091100.jpg,data/wood_species/raw/mahogany/goimai_swietenia_macrophylla_20190821_091100.jpg,train,data/wood_species/splits/train/mahogany/goimai_swietenia_macrophylla_20190821_091100.jpg,3024,4032,3,42
GOIMAI,Swietenia macrophylla,mahogany,20190821_091155.jpg,data/wood_species/raw/mahogany/goimai_swietenia_macrophylla_20190821_091155.jpg,train,data/wood_species/splits/train/mahogany/goimai_swietenia_macrophylla_20190821_091155.jpg,3024,4032,3,42
GOIMAI,Swietenia mahagoni,mahogany,20190821_084637.jpg,data/wood_species/raw/mahogany/goimai_swietenia_mahagoni_20190821_084637.jpg,train,data/wood_species/splits/train/mahogany/goimai_swietenia_mahagoni_20190821_084637.jpg,3024,4032,3,42
GOIMAI,Swietenia macrophylla,mahogany,20190821_091231.jpg,data/wood_species/raw/mahogany/goimai_swietenia_macrophylla_20190821_091231.jpg,train,data/wood_species/splits/train/mahogany/goimai_swietenia_macrophylla_20190821_091231.jpg,3024,4032,3,42
GOIMAI,Swietenia mahagoni,mahogany,20190820_194014.jpg,data/wood_species/raw/mahogany/goimai_swietenia_mahagoni_20190820_194014.jpg,train,data/wood_species/splits/train/mahogany/goimai_swietenia_mahagoni_20190820_194014.jpg,3024,4032,3,42
GOIMAI,Swietenia mahagoni,mahogany,20190820_193939.jpg,data/wood_species/raw/mahogany/goimai_swietenia_mahagoni_20190820_193939.jpg,train,data/wood_species/splits/train/mahogany/goimai_swietenia_mahagoni_20190820_193939.jpg,3024,4032,3,42
GOIMAI,Swietenia humilis,mahogany,20190803_205300.jpg,data/wood_species/raw/mahogany/goimai_swietenia_humilis_20190803_205300.jpg,train,data/wood_species/splits/train/mahogany/goimai_swietenia_humilis_20190803_205300.jpg,4032,3024,3,42
GOIMAI,Swietenia macrophylla,mahogany,20190821_091424.jpg,data/wood_species/raw/mahogany/goimai_swietenia_macrophylla_20190821_091424.jpg,train,data/wood_species/splits/train/mahogany/goimai_swietenia_macrophylla_20190821_091424.jpg,3024,4032,3,42
GOIMAI,Swietenia mahagoni,mahogany,20190820_194144.jpg,data/wood_species/raw/mahogany/goimai_swietenia_mahagoni_20190820_194144.jpg,train,data/wood_species/splits/train/mahogany/goimai_swietenia_mahagoni_20190820_194144.jpg,3024,4032,3,42
GOIMAI,Swietenia mahagoni,mahogany,20190821_084649.jpg,data/wood_species/raw/mahogany/goimai_swietenia_mahagoni_20190821_084649.jpg,train,data/wood_species/splits/train/mahogany/goimai_swietenia_mahagoni_20190821_084649.jpg,3024,4032,3,42
GOIMAI,Swietenia humilis,mahogany,20190803_205344.jpg,data/wood_species/raw/mahogany/goimai_swietenia_humilis_20190803_205344.jpg,train,data/wood_species/splits/train/mahogany/goimai_swietenia_humilis_20190803_205344.jpg,4032,3024,3,42
GOIMAI,Swietenia mahagoni,mahogany,20190820_193902.jpg,data/wood_species/raw/mahogany/goimai_swietenia_mahagoni_20190820_193902.jpg,train,data/wood_species/splits/train/mahogany/goimai_swietenia_mahagoni_20190820_193902.jpg,3024,4032,3,42
GOIMAI,Swietenia humilis,mahogany,20190821_090446.jpg,data/wood_species/raw/mahogany/goimai_swietenia_humilis_20190821_090446.jpg,train,data/wood_species/splits/train/mahogany/goimai_swietenia_humilis_20190821_090446.jpg,3024,4032,3,42
GOIMAI,Swietenia mahagoni,mahogany,20190821_084627.jpg,data/wood_species/raw/mahogany/goimai_swietenia_mahagoni_20190821_084627.jpg,train,data/wood_species/splits/train/mahogany/goimai_swietenia_mahagoni_20190821_084627.jpg,3024,4032,3,42
GOIMAI,Swietenia humilis,mahogany,20190803_204833.jpg,data/wood_species/raw/mahogany/goimai_swietenia_humilis_20190803_204833.jpg,train,data/wood_species/splits/train/mahogany/goimai_swietenia_humilis_20190803_204833.jpg,4032,3024,3,42
GOIMAI,Swietenia humilis,mahogany,20190821_090501.jpg,data/wood_species/raw/mahogany/goimai_swietenia_humilis_20190821_090501.jpg,train,data/wood_species/splits/train/mahogany/goimai_swietenia_humilis_20190821_090501.jpg,3024,4032,3,42
GOIMAI,Swietenia humilis,mahogany,20190803_205210.jpg,data/wood_species/raw/mahogany/goimai_swietenia_humilis_20190803_205210.jpg,train,data/wood_species/splits/train/mahogany/goimai_swietenia_humilis_20190803_205210.jpg,4032,3024,3,42
GOIMAI,Swietenia humilis,mahogany,20190803_205148.jpg,data/wood_species/raw/mahogany/goimai_swietenia_humilis_20190803_205148.jpg,train,data/wood_species/splits/train/mahogany/goimai_swietenia_humilis_20190803_205148.jpg,4032,3024,3,42
GOIMAI,Swietenia macrophylla,mahogany,20190820_194413.jpg,data/wood_species/raw/mahogany/goimai_swietenia_macrophylla_20190820_194413.jpg,train,data/wood_species/splits/train/mahogany/goimai_swietenia_macrophylla_20190820_194413.jpg,3024,4032,3,42
GOIMAI,Swietenia humilis,mahogany,20190803_205006.jpg,data/wood_species/raw/mahogany/goimai_swietenia_humilis_20190803_205006.jpg,train,data/wood_species/splits/train/mahogany/goimai_swietenia_humilis_20190803_205006.jpg,4032,3024,3,42
GOIMAI,Swietenia mahagoni,mahogany,20190820_194016.jpg,data/wood_species/raw/mahogany/goimai_swietenia_mahagoni_20190820_194016.jpg,train,data/wood_species/splits/train/mahogany/goimai_swietenia_mahagoni_20190820_194016.jpg,3024,4032,3,42
GOIMAI,Swietenia mahagoni,mahogany,20190820_194252.jpg,data/wood_species/raw/mahogany/goimai_swietenia_mahagoni_20190820_194252.jpg,train,data/wood_species/splits/train/mahogany/goimai_swietenia_mahagoni_20190820_194252.jpg,3024,4032,3,42
GOIMAI,Swietenia humilis,mahogany,20190821_090313.jpg,data/wood_species/raw/mahogany/goimai_swietenia_humilis_20190821_090313.jpg,train,data/wood_species/splits/train/mahogany/goimai_swietenia_humilis_20190821_090313.jpg,3024,4032,3,42
GOIMAI,Swietenia macrophylla,mahogany,20190821_091129.jpg,data/wood_species/raw/mahogany/goimai_swietenia_macrophylla_20190821_091129.jpg,train,data/wood_species/splits/train/mahogany/goimai_swietenia_macrophylla_20190821_091129.jpg,3024,4032,3,42
GOIMAI,Swietenia humilis,mahogany,20190803_204921.jpg,data/wood_species/raw/mahogany/goimai_swietenia_humilis_20190803_204921.jpg,train,data/wood_species/splits/train/mahogany/goimai_swietenia_humilis_20190803_204921.jpg,4032,3024,3,42
GOIMAI,Swietenia mahagoni,mahogany,20190820_194152.jpg,data/wood_species/raw/mahogany/goimai_swietenia_mahagoni_20190820_194152.jpg,train,data/wood_species/splits/train/mahogany/goimai_swietenia_mahagoni_20190820_194152.jpg,3024,4032,3,42
GOIMAI,Swietenia mahagoni,mahogany,20190820_194149.jpg,data/wood_species/raw/mahogany/goimai_swietenia_mahagoni_20190820_194149.jpg,train,data/wood_species/splits/train/mahogany/goimai_swietenia_mahagoni_20190820_194149.jpg,3024,4032,3,42
GOIMAI,Swietenia mahagoni,mahogany,20190820_194208.jpg,data/wood_species/raw/mahogany/goimai_swietenia_mahagoni_20190820_194208.jpg,train,data/wood_species/splits/train/mahogany/goimai_swietenia_mahagoni_20190820_194208.jpg,3024,4032,3,42
GOIMAI,Swietenia humilis,mahogany,20190803_205313.jpg,data/wood_species/raw/mahogany/goimai_swietenia_humilis_20190803_205313.jpg,train,data/wood_species/splits/train/mahogany/goimai_swietenia_humilis_20190803_205313.jpg,4032,3024,3,42
GOIMAI,Swietenia mahagoni,mahogany,20190820_194302.jpg,data/wood_species/raw/mahogany/goimai_swietenia_mahagoni_20190820_194302.jpg,train,data/wood_species/splits/train/mahogany/goimai_swietenia_mahagoni_20190820_194302.jpg,3024,4032,3,42
GOIMAI,Swietenia humilis,mahogany,20190803_204811.jpg,data/wood_species/raw/mahogany/goimai_swietenia_humilis_20190803_204811.jpg,train,data/wood_species/splits/train/mahogany/goimai_swietenia_humilis_20190803_204811.jpg,4032,3024,3,42
GOIMAI,Swietenia mahagoni,mahogany,20190820_194203.jpg,data/wood_species/raw/mahogany/goimai_swietenia_mahagoni_20190820_194203.jpg,train,data/wood_species/splits/train/mahogany/goimai_swietenia_mahagoni_20190820_194203.jpg,3024,4032,3,42
GOIMAI,Swietenia humilis,mahogany,20190821_090310.jpg,data/wood_species/raw/mahogany/goimai_swietenia_humilis_20190821_090310.jpg,train,data/wood_species/splits/train/mahogany/goimai_swietenia_humilis_20190821_090310.jpg,3024,4032,3,42
GOIMAI,Swietenia mahagoni,mahogany,20190821_084629.jpg,data/wood_species/raw/mahogany/goimai_swietenia_mahagoni_20190821_084629.jpg,train,data/wood_species/splits/train/mahogany/goimai_swietenia_mahagoni_20190821_084629.jpg,3024,4032,3,42
GOIMAI,Swietenia macrophylla,mahogany,20190821_091444.jpg,data/wood_species/raw/mahogany/goimai_swietenia_macrophylla_20190821_091444.jpg,train,data/wood_species/splits/train/mahogany/goimai_swietenia_macrophylla_20190821_091444.jpg,3024,4032,3,42
GOIMAI,Swietenia humilis,mahogany,20190803_204950.jpg,data/wood_species/raw/mahogany/goimai_swietenia_humilis_20190803_204950.jpg,train,data/wood_species/splits/train/mahogany/goimai_swietenia_humilis_20190803_204950.jpg,4032,3024,3,42
GOIMAI,Swietenia macrophylla,mahogany,20190821_091255.jpg,data/wood_species/raw/mahogany/goimai_swietenia_macrophylla_20190821_091255.jpg,train,data/wood_species/splits/train/mahogany/goimai_swietenia_macrophylla_20190821_091255.jpg,3024,4032,3,42
GOIMAI,Swietenia mahagoni,mahogany,20190820_193958.jpg,data/wood_species/raw/mahogany/goimai_swietenia_mahagoni_20190820_193958.jpg,train,data/wood_species/splits/train/mahogany/goimai_swietenia_mahagoni_20190820_193958.jpg,3024,4032,3,42
GOIMAI,Swietenia macrophylla,mahogany,20190821_091449.jpg,data/wood_species/raw/mahogany/goimai_swietenia_macrophylla_20190821_091449.jpg,train,data/wood_species/splits/train/mahogany/goimai_swietenia_macrophylla_20190821_091449.jpg,3024,4032,3,42
GOIMAI,Swietenia macrophylla,mahogany,20190821_091303.jpg,data/wood_species/raw/mahogany/goimai_swietenia_macrophylla_20190821_091303.jpg,train,data/wood_species/splits/train/mahogany/goimai_swietenia_macrophylla_20190821_091303.jpg,3024,4032,3,42
GOIMAI,Swietenia mahagoni,mahogany,20190820_194030.jpg,data/wood_species/raw/mahogany/goimai_swietenia_mahagoni_20190820_194030.jpg,train,data/wood_species/splits/train/mahogany/goimai_swietenia_mahagoni_20190820_194030.jpg,3024,4032,3,42
GOIMAI,Swietenia macrophylla,mahogany,20190821_091338.jpg,data/wood_species/raw/mahogany/goimai_swietenia_macrophylla_20190821_091338.jpg,train,data/wood_species/splits/train/mahogany/goimai_swietenia_macrophylla_20190821_091338.jpg,3024,4032,3,42
GOIMAI,Swietenia humilis,mahogany,20190821_090342.jpg,data/wood_species/raw/mahogany/goimai_swietenia_humilis_20190821_090342.jpg,train,data/wood_species/splits/train/mahogany/goimai_swietenia_humilis_20190821_090342.jpg,3024,4032,3,42
GOIMAI,Swietenia humilis,mahogany,20190821_090354.jpg,data/wood_species/raw/mahogany/goimai_swietenia_humilis_20190821_090354.jpg,train,data/wood_species/splits/train/mahogany/goimai_swietenia_humilis_20190821_090354.jpg,3024,4032,3,42
GOIMAI,Swietenia humilis,mahogany,20190821_090439.jpg,data/wood_species/raw/mahogany/goimai_swietenia_humilis_20190821_090439.jpg,train,data/wood_species/splits/train/mahogany/goimai_swietenia_humilis_20190821_090439.jpg,3024,4032,3,42
GOIMAI,Swietenia humilis,mahogany,20190821_090326.jpg,data/wood_species/raw/mahogany/goimai_swietenia_humilis_20190821_090326.jpg,train,data/wood_species/splits/train/mahogany/goimai_swietenia_humilis_20190821_090326.jpg,3024,4032,3,42
GOIMAI,Swietenia humilis,mahogany,20190803_205139.jpg,data/wood_species/raw/mahogany/goimai_swietenia_humilis_20190803_205139.jpg,train,data/wood_species/splits/train/mahogany/goimai_swietenia_humilis_20190803_205139.jpg,4032,3024,3,42
GOIMAI,Swietenia macrophylla,mahogany,20190820_194433.jpg,data/wood_species/raw/mahogany/goimai_swietenia_macrophylla_20190820_194433.jpg,train,data/wood_species/splits/train/mahogany/goimai_swietenia_macrophylla_20190820_194433.jpg,3024,4032,3,42
GOIMAI,Swietenia humilis,mahogany,20190821_090340.jpg,data/wood_species/raw/mahogany/goimai_swietenia_humilis_20190821_090340.jpg,train,data/wood_species/splits/train/mahogany/goimai_swietenia_humilis_20190821_090340.jpg,3024,4032,3,42
GOIMAI,Swietenia mahagoni,mahogany,20190821_084556.jpg,data/wood_species/raw/mahogany/goimai_swietenia_mahagoni_20190821_084556.jpg,train,data/wood_species/splits/train/mahogany/goimai_swietenia_mahagoni_20190821_084556.jpg,3024,4032,3,42
GOIMAI,Swietenia mahagoni,mahogany,20190821_084552.jpg,data/wood_species/raw/mahogany/goimai_swietenia_mahagoni_20190821_084552.jpg,train,data/wood_species/splits/train/mahogany/goimai_swietenia_mahagoni_20190821_084552.jpg,3024,4032,3,42
GOIMAI,Swietenia humilis,mahogany,20190821_090333.jpg,data/wood_species/raw/mahogany/goimai_swietenia_humilis_20190821_090333.jpg,train,data/wood_species/splits/train/mahogany/goimai_swietenia_humilis_20190821_090333.jpg,3024,4032,3,42
GOIMAI,Swietenia humilis,mahogany,20190803_205339.jpg,data/wood_species/raw/mahogany/goimai_swietenia_humilis_20190803_205339.jpg,train,data/wood_species/splits/train/mahogany/goimai_swietenia_humilis_20190803_205339.jpg,4032,3024,3,42
GOIMAI,Swietenia macrophylla,mahogany,20190820_194402.jpg,data/wood_species/raw/mahogany/goimai_swietenia_macrophylla_20190820_194402.jpg,train,data/wood_species/splits/train/mahogany/goimai_swietenia_macrophylla_20190820_194402.jpg,3024,4032,3,42
GOIMAI,Swietenia humilis,mahogany,20190803_204827.jpg,data/wood_species/raw/mahogany/goimai_swietenia_humilis_20190803_204827.jpg,train,data/wood_species/splits/train/mahogany/goimai_swietenia_humilis_20190803_204827.jpg,4032,3024,3,42
GOIMAI,Swietenia humilis,mahogany,20190803_204905.jpg,data/wood_species/raw/mahogany/goimai_swietenia_humilis_20190803_204905.jpg,train,data/wood_species/splits/train/mahogany/goimai_swietenia_humilis_20190803_204905.jpg,4032,3024,3,42
GOIMAI,Swietenia mahagoni,mahogany,20190820_194322.jpg,data/wood_species/raw/mahogany/goimai_swietenia_mahagoni_20190820_194322.jpg,train,data/wood_species/splits/train/mahogany/goimai_swietenia_mahagoni_20190820_194322.jpg,3024,4032,3,42
GOIMAI,Swietenia humilis,mahogany,20190803_205354.jpg,data/wood_species/raw/mahogany/goimai_swietenia_humilis_20190803_205354.jpg,train,data/wood_species/splits/train/mahogany/goimai_swietenia_humilis_20190803_205354.jpg,4032,3024,3,42
GOIMAI,Swietenia mahagoni,mahogany,20190820_194024.jpg,data/wood_species/raw/mahogany/goimai_swietenia_mahagoni_20190820_194024.jpg,train,data/wood_species/splits/train/mahogany/goimai_swietenia_mahagoni_20190820_194024.jpg,3024,4032,3,42
GOIMAI,Swietenia macrophylla,mahogany,20190821_091149.jpg,data/wood_species/raw/mahogany/goimai_swietenia_macrophylla_20190821_091149.jpg,train,data/wood_species/splits/train/mahogany/goimai_swietenia_macrophylla_20190821_091149.jpg,3024,4032,3,42
GOIMAI,Swietenia macrophylla,mahogany,20190821_091324.jpg,data/wood_species/raw/mahogany/goimai_swietenia_macrophylla_20190821_091324.jpg,train,data/wood_species/splits/train/mahogany/goimai_swietenia_macrophylla_20190821_091324.jpg,3024,4032,3,42
GOIMAI,Swietenia macrophylla,mahogany,20190821_091326.jpg,data/wood_species/raw/mahogany/goimai_swietenia_macrophylla_20190821_091326.jpg,train,data/wood_species/splits/train/mahogany/goimai_swietenia_macrophylla_20190821_091326.jpg,3024,4032,3,42
GOIMAI,Swietenia mahagoni,mahogany,20190820_193917.jpg,data/wood_species/raw/mahogany/goimai_swietenia_mahagoni_20190820_193917.jpg,train,data/wood_species/splits/train/mahogany/goimai_swietenia_mahagoni_20190820_193917.jpg,3024,4032,3,42
GOIMAI,Swietenia macrophylla,mahogany,20190821_091057.jpg,data/wood_species/raw/mahogany/goimai_swietenia_macrophylla_20190821_091057.jpg,train,data/wood_species/splits/train/mahogany/goimai_swietenia_macrophylla_20190821_091057.jpg,3024,4032,3,42
GOIMAI,Swietenia mahagoni,mahogany,20190821_084549.jpg,data/wood_species/raw/mahogany/goimai_swietenia_mahagoni_20190821_084549.jpg,train,data/wood_species/splits/train/mahogany/goimai_swietenia_mahagoni_20190821_084549.jpg,3024,4032,3,42
GOIMAI,Swietenia macrophylla,mahogany,20190821_091351.jpg,data/wood_species/raw/mahogany/goimai_swietenia_macrophylla_20190821_091351.jpg,train,data/wood_species/splits/train/mahogany/goimai_swietenia_macrophylla_20190821_091351.jpg,3024,4032,3,42
GOIMAI,Swietenia macrophylla,mahogany,20190820_194450.jpg,data/wood_species/raw/mahogany/goimai_swietenia_macrophylla_20190820_194450.jpg,train,data/wood_species/splits/train/mahogany/goimai_swietenia_macrophylla_20190820_194450.jpg,3024,4032,3,42
GOIMAI,Swietenia mahagoni,mahogany,20190820_194305.jpg,data/wood_species/raw/mahogany/goimai_swietenia_mahagoni_20190820_194305.jpg,train,data/wood_species/splits/train/mahogany/goimai_swietenia_mahagoni_20190820_194305.jpg,3024,4032,3,42
GOIMAI,Swietenia humilis,mahogany,20190803_205333.jpg,data/wood_species/raw/mahogany/goimai_swietenia_humilis_20190803_205333.jpg,train,data/wood_species/splits/train/mahogany/goimai_swietenia_humilis_20190803_205333.jpg,4032,3024,3,42
GOIMAI,Swietenia mahagoni,mahogany,20190821_084606.jpg,data/wood_species/raw/mahogany/goimai_swietenia_mahagoni_20190821_084606.jpg,train,data/wood_species/splits/train/mahogany/goimai_swietenia_mahagoni_20190821_084606.jpg,3024,4032,3,42
GOIMAI,Swietenia macrophylla,mahogany,20190821_091500.jpg,data/wood_species/raw/mahogany/goimai_swietenia_macrophylla_20190821_091500.jpg,train,data/wood_species/splits/train/mahogany/goimai_swietenia_macrophylla_20190821_091500.jpg,3024,4032,3,42
GOIMAI,Swietenia macrophylla,mahogany,20190821_091335.jpg,data/wood_species/raw/mahogany/goimai_swietenia_macrophylla_20190821_091335.jpg,train,data/wood_species/splits/train/mahogany/goimai_swietenia_macrophylla_20190821_091335.jpg,3024,4032,3,42
GOIMAI,Swietenia humilis,mahogany,20190821_090307.jpg,data/wood_species/raw/mahogany/goimai_swietenia_humilis_20190821_090307.jpg,train,data/wood_species/splits/train/mahogany/goimai_swietenia_humilis_20190821_090307.jpg,3024,4032,3,42
GOIMAI,Swietenia humilis,mahogany,20190803_205102.jpg,data/wood_species/raw/mahogany/goimai_swietenia_humilis_20190803_205102.jpg,train,data/wood_species/splits/train/mahogany/goimai_swietenia_humilis_20190803_205102.jpg,4032,3024,3,42
GOIMAI,Swietenia mahagoni,mahogany,20190821_084603.jpg,data/wood_species/raw/mahogany/goimai_swietenia_mahagoni_20190821_084603.jpg,train,data/wood_species/splits/train/mahogany/goimai_swietenia_mahagoni_20190821_084603.jpg,3024,4032,3,42
GOIMAI,Swietenia mahagoni,mahogany,20190820_193841.jpg,data/wood_species/raw/mahogany/goimai_swietenia_mahagoni_20190820_193841.jpg,train,data/wood_species/splits/train/mahogany/goimai_swietenia_mahagoni_20190820_193841.jpg,3024,4032,3,42
GOIMAI,Swietenia macrophylla,mahogany,20190821_091247.jpg,data/wood_species/raw/mahogany/goimai_swietenia_macrophylla_20190821_091247.jpg,train,data/wood_species/splits/train/mahogany/goimai_swietenia_macrophylla_20190821_091247.jpg,3024,4032,3,42
GOIMAI,Swietenia humilis,mahogany,20190821_090423.jpg,data/wood_species/raw/mahogany/goimai_swietenia_humilis_20190821_090423.jpg,train,data/wood_species/splits/train/mahogany/goimai_swietenia_humilis_20190821_090423.jpg,3024,4032,3,42
GOIMAI,Swietenia macrophylla,mahogany,20190821_091434.jpg,data/wood_species/raw/mahogany/goimai_swietenia_macrophylla_20190821_091434.jpg,train,data/wood_species/splits/train/mahogany/goimai_swietenia_macrophylla_20190821_091434.jpg,3024,4032,3,42
GOIMAI,Swietenia macrophylla,mahogany,20190821_091116.jpg,data/wood_species/raw/mahogany/goimai_swietenia_macrophylla_20190821_091116.jpg,train,data/wood_species/splits/train/mahogany/goimai_swietenia_macrophylla_20190821_091116.jpg,3024,4032,3,42
GOIMAI,Swietenia humilis,mahogany,20190821_090430.jpg,data/wood_species/raw/mahogany/goimai_swietenia_humilis_20190821_090430.jpg,train,data/wood_species/splits/train/mahogany/goimai_swietenia_humilis_20190821_090430.jpg,3024,4032,3,42
GOIMAI,Swietenia mahagoni,mahogany,20190821_084632.jpg,data/wood_species/raw/mahogany/goimai_swietenia_mahagoni_20190821_084632.jpg,train,data/wood_species/splits/train/mahogany/goimai_swietenia_mahagoni_20190821_084632.jpg,3024,4032,3,42
GOIMAI,Swietenia macrophylla,mahogany,20190821_091250.jpg,data/wood_species/raw/mahogany/goimai_swietenia_macrophylla_20190821_091250.jpg,train,data/wood_species/splits/train/mahogany/goimai_swietenia_macrophylla_20190821_091250.jpg,3024,4032,3,42
GOIMAI,Swietenia macrophylla,mahogany,20190821_091355.jpg,data/wood_species/raw/mahogany/goimai_swietenia_macrophylla_20190821_091355.jpg,train,data/wood_species/splits/train/mahogany/goimai_swietenia_macrophylla_20190821_091355.jpg,3024,4032,3,42
GOIMAI,Swietenia mahagoni,mahogany,20190820_194131.jpg,data/wood_species/raw/mahogany/goimai_swietenia_mahagoni_20190820_194131.jpg,train,data/wood_species/splits/train/mahogany/goimai_swietenia_mahagoni_20190820_194131.jpg,3024,4032,3,42
GOIMAI,Swietenia macrophylla,mahogany,20190821_091436.jpg,data/wood_species/raw/mahogany/goimai_swietenia_macrophylla_20190821_091436.jpg,train,data/wood_species/splits/train/mahogany/goimai_swietenia_macrophylla_20190821_091436.jpg,3024,4032,3,42
GOIMAI,Swietenia macrophylla,mahogany,20190820_194531.jpg,data/wood_species/raw/mahogany/goimai_swietenia_macrophylla_20190820_194531.jpg,train,data/wood_species/splits/train/mahogany/goimai_swietenia_macrophylla_20190820_194531.jpg,3024,4032,3,42
GOIMAI,Swietenia mahagoni,mahogany,20190820_194326.jpg,data/wood_species/raw/mahogany/goimai_swietenia_mahagoni_20190820_194326.jpg,train,data/wood_species/splits/train/mahogany/goimai_swietenia_mahagoni_20190820_194326.jpg,3024,4032,3,42
GOIMAI,Swietenia humilis,mahogany,20190803_205415.jpg,data/wood_species/raw/mahogany/goimai_swietenia_humilis_20190803_205415.jpg,train,data/wood_species/splits/train/mahogany/goimai_swietenia_humilis_20190803_205415.jpg,4032,3024,3,42
GOIMAI,Swietenia mahagoni,mahogany,20190820_194216.jpg,data/wood_species/raw/mahogany/goimai_swietenia_mahagoni_20190820_194216.jpg,train,data/wood_species/splits/train/mahogany/goimai_swietenia_mahagoni_20190820_194216.jpg,3024,4032,3,42
GOIMAI,Swietenia macrophylla,mahogany,20190820_194442.jpg,data/wood_species/raw/mahogany/goimai_swietenia_macrophylla_20190820_194442.jpg,train,data/wood_species/splits/train/mahogany/goimai_swietenia_macrophylla_20190820_194442.jpg,3024,4032,3,42
GOIMAI,Swietenia macrophylla,mahogany,20190820_194517.jpg,data/wood_species/raw/mahogany/goimai_swietenia_macrophylla_20190820_194517.jpg,train,data/wood_species/splits/train/mahogany/goimai_swietenia_macrophylla_20190820_194517.jpg,3024,4032,3,42
GOIMAI,Swietenia macrophylla,mahogany,20190820_194439.jpg,data/wood_species/raw/mahogany/goimai_swietenia_macrophylla_20190820_194439.jpg,train,data/wood_species/splits/train/mahogany/goimai_swietenia_macrophylla_20190820_194439.jpg,3024,4032,3,42
GOIMAI,Swietenia humilis,mahogany,20190821_090459.jpg,data/wood_species/raw/mahogany/goimai_swietenia_humilis_20190821_090459.jpg,train,data/wood_species/splits/train/mahogany/goimai_swietenia_humilis_20190821_090459.jpg,3024,4032,3,42
GOIMAI,Swietenia mahagoni,mahogany,20190820_194117.jpg,data/wood_species/raw/mahogany/goimai_swietenia_mahagoni_20190820_194117.jpg,train,data/wood_species/splits/train/mahogany/goimai_swietenia_mahagoni_20190820_194117.jpg,3024,4032,3,42
GOIMAI,Swietenia mahagoni,mahogany,20190820_194224.jpg,data/wood_species/raw/mahogany/goimai_swietenia_mahagoni_20190820_194224.jpg,train,data/wood_species/splits/train/mahogany/goimai_swietenia_mahagoni_20190820_194224.jpg,3024,4032,3,42
GOIMAI,Swietenia mahagoni,mahogany,20190821_084646.jpg,data/wood_species/raw/mahogany/goimai_swietenia_mahagoni_20190821_084646.jpg,train,data/wood_species/splits/train/mahogany/goimai_swietenia_mahagoni_20190821_084646.jpg,3024,4032,3,42
GOIMAI,Swietenia macrophylla,mahogany,20190821_091340.jpg,data/wood_species/raw/mahogany/goimai_swietenia_macrophylla_20190821_091340.jpg,train,data/wood_species/splits/train/mahogany/goimai_swietenia_macrophylla_20190821_091340.jpg,3024,4032,3,42
GOIMAI,Swietenia humilis,mahogany,20190821_090441.jpg,data/wood_species/raw/mahogany/goimai_swietenia_humilis_20190821_090441.jpg,train,data/wood_species/splits/train/mahogany/goimai_swietenia_humilis_20190821_090441.jpg,3024,4032,3,42
GOIMAI,Swietenia mahagoni,mahogany,20190821_084640.jpg,data/wood_species/raw/mahogany/goimai_swietenia_mahagoni_20190821_084640.jpg,train,data/wood_species/splits/train/mahogany/goimai_swietenia_mahagoni_20190821_084640.jpg,3024,4032,3,42
GOIMAI,Swietenia mahagoni,mahogany,20190820_194134.jpg,data/wood_species/raw/mahogany/goimai_swietenia_mahagoni_20190820_194134.jpg,train,data/wood_species/splits/train/mahogany/goimai_swietenia_mahagoni_20190820_194134.jpg,3024,4032,3,42
GOIMAI,Swietenia mahagoni,mahogany,20190820_194234.jpg,data/wood_species/raw/mahogany/goimai_swietenia_mahagoni_20190820_194234.jpg,train,data/wood_species/splits/train/mahogany/goimai_swietenia_mahagoni_20190820_194234.jpg,3024,4032,3,42
GOIMAI,Swietenia macrophylla,mahogany,20190820_194455.jpg,data/wood_species/raw/mahogany/goimai_swietenia_macrophylla_20190820_194455.jpg,train,data/wood_species/splits/train/mahogany/goimai_swietenia_macrophylla_20190820_194455.jpg,3024,4032,3,42
GOIMAI,Swietenia humilis,mahogany,20190821_090357.jpg,data/wood_species/raw/mahogany/goimai_swietenia_humilis_20190821_090357.jpg,train,data/wood_species/splits/train/mahogany/goimai_swietenia_humilis_20190821_090357.jpg,3024,4032,3,42
GOIMAI,Swietenia mahagoni,mahogany,20190820_194247.jpg,data/wood_species/raw/mahogany/goimai_swietenia_mahagoni_20190820_194247.jpg,train,data/wood_species/splits/train/mahogany/goimai_swietenia_mahagoni_20190820_194247.jpg,3024,4032,3,42
GOIMAI,Swietenia mahagoni,mahogany,20190820_194119.jpg,data/wood_species/raw/mahogany/goimai_swietenia_mahagoni_20190820_194119.jpg,train,data/wood_species/splits/train/mahogany/goimai_swietenia_mahagoni_20190820_194119.jpg,3024,4032,3,42
GOIMAI,Swietenia mahagoni,mahogany,20190821_084654.jpg,data/wood_species/raw/mahogany/goimai_swietenia_mahagoni_20190821_084654.jpg,train,data/wood_species/splits/train/mahogany/goimai_swietenia_mahagoni_20190821_084654.jpg,3024,4032,3,42
GOIMAI,Swietenia mahagoni,mahogany,20190820_194254.jpg,data/wood_species/raw/mahogany/goimai_swietenia_mahagoni_20190820_194254.jpg,train,data/wood_species/splits/train/mahogany/goimai_swietenia_mahagoni_20190820_194254.jpg,3024,4032,3,42
GOIMAI,Swietenia mahagoni,mahogany,20190820_194329.jpg,data/wood_species/raw/mahogany/goimai_swietenia_mahagoni_20190820_194329.jpg,train,data/wood_species/splits/train/mahogany/goimai_swietenia_mahagoni_20190820_194329.jpg,3024,4032,3,42
GOIMAI,Swietenia humilis,mahogany,20190821_090405.jpg,data/wood_species/raw/mahogany/goimai_swietenia_humilis_20190821_090405.jpg,train,data/wood_species/splits/train/mahogany/goimai_swietenia_humilis_20190821_090405.jpg,3024,4032,3,42
GOIMAI,Swietenia humilis,mahogany,20190803_204748.jpg,data/wood_species/raw/mahogany/goimai_swietenia_humilis_20190803_204748.jpg,train,data/wood_species/splits/train/mahogany/goimai_swietenia_humilis_20190803_204748.jpg,4032,3024,3,42
GOIMAI,Swietenia macrophylla,mahogany,20190820_194430.jpg,data/wood_species/raw/mahogany/goimai_swietenia_macrophylla_20190820_194430.jpg,train,data/wood_species/splits/train/mahogany/goimai_swietenia_macrophylla_20190820_194430.jpg,3024,4032,3,42
GOIMAI,Swietenia mahagoni,mahogany,20190820_193843.jpg,data/wood_species/raw/mahogany/goimai_swietenia_mahagoni_20190820_193843.jpg,train,data/wood_species/splits/train/mahogany/goimai_swietenia_mahagoni_20190820_193843.jpg,3024,4032,3,42
GOIMAI,Swietenia humilis,mahogany,20190803_205430.jpg,data/wood_species/raw/mahogany/goimai_swietenia_humilis_20190803_205430.jpg,train,data/wood_species/splits/train/mahogany/goimai_swietenia_humilis_20190803_205430.jpg,4032,3024,3,42
GOIMAI,Swietenia macrophylla,mahogany,3.jpg,data/wood_species/raw/mahogany/goimai_swietenia_macrophylla_3.jpg,train,data/wood_species/splits/train/mahogany/goimai_swietenia_macrophylla_3.jpg,3024,4032,3,42
GOIMAI,Swietenia mahagoni,mahogany,20190820_194012.jpg,data/wood_species/raw/mahogany/goimai_swietenia_mahagoni_20190820_194012.jpg,train,data/wood_species/splits/train/mahogany/goimai_swietenia_mahagoni_20190820_194012.jpg,3024,4032,3,42
GOIMAI,Swietenia macrophylla,mahogany,20190821_091259.jpg,data/wood_species/raw/mahogany/goimai_swietenia_macrophylla_20190821_091259.jpg,train,data/wood_species/splits/train/mahogany/goimai_swietenia_macrophylla_20190821_091259.jpg,3024,4032,3,42
GOIMAI,Swietenia humilis,mahogany,20190803_205049.jpg,data/wood_species/raw/mahogany/goimai_swietenia_humilis_20190803_205049.jpg,train,data/wood_species/splits/train/mahogany/goimai_swietenia_humilis_20190803_205049.jpg,4032,3024,3,42
GOIMAI,Swietenia mahagoni,mahogany,20190820_194004.jpg,data/wood_species/raw/mahogany/goimai_swietenia_mahagoni_20190820_194004.jpg,train,data/wood_species/splits/train/mahogany/goimai_swietenia_mahagoni_20190820_194004.jpg,3024,4032,3,42
GOIMAI,Swietenia macrophylla,mahogany,20190821_091429.jpg,data/wood_species/raw/mahogany/goimai_swietenia_macrophylla_20190821_091429.jpg,train,data/wood_species/splits/train/mahogany/goimai_swietenia_macrophylla_20190821_091429.jpg,3024,4032,3,42
GOIMAI,Swietenia mahagoni,mahogany,20190820_194318.jpg,data/wood_species/raw/mahogany/goimai_swietenia_mahagoni_20190820_194318.jpg,train,data/wood_species/splits/train/mahogany/goimai_swietenia_mahagoni_20190820_194318.jpg,3024,4032,3,42
GOIMAI,Swietenia macrophylla,mahogany,20190820_194436.jpg,data/wood_species/raw/mahogany/goimai_swietenia_macrophylla_20190820_194436.jpg,train,data/wood_species/splits/train/mahogany/goimai_swietenia_macrophylla_20190820_194436.jpg,3024,4032,3,42
GOIMAI,Swietenia macrophylla,mahogany,20190821_091359.jpg,data/wood_species/raw/mahogany/goimai_swietenia_macrophylla_20190821_091359.jpg,train,data/wood_species/splits/train/mahogany/goimai_swietenia_macrophylla_20190821_091359.jpg,3024,4032,3,42
GOIMAI,Swietenia macrophylla,mahogany,20190820_194505.jpg,data/wood_species/raw/mahogany/goimai_swietenia_macrophylla_20190820_194505.jpg,train,data/wood_species/splits/train/mahogany/goimai_swietenia_macrophylla_20190820_194505.jpg,3024,4032,3,42
GOIMAI,Swietenia macrophylla,mahogany,20190820_194453.jpg,data/wood_species/raw/mahogany/goimai_swietenia_macrophylla_20190820_194453.jpg,train,data/wood_species/splits/train/mahogany/goimai_swietenia_macrophylla_20190820_194453.jpg,3024,4032,3,42
GOIMAI,Swietenia macrophylla,mahogany,20190820_194508.jpg,data/wood_species/raw/mahogany/goimai_swietenia_macrophylla_20190820_194508.jpg,train,data/wood_species/splits/train/mahogany/goimai_swietenia_macrophylla_20190820_194508.jpg,3024,4032,3,42
GOIMAI,Swietenia mahagoni,mahogany,20190821_084544.jpg,data/wood_species/raw/mahogany/goimai_swietenia_mahagoni_20190821_084544.jpg,train,data/wood_species/splits/train/mahogany/goimai_swietenia_mahagoni_20190821_084544.jpg,3024,4032,3,42
GOIMAI,Swietenia humilis,mahogany,20190821_090436.jpg,data/wood_species/raw/mahogany/goimai_swietenia_humilis_20190821_090436.jpg,train,data/wood_species/splits/train/mahogany/goimai_swietenia_humilis_20190821_090436.jpg,3024,4032,3,42
GOIMAI,Swietenia humilis,mahogany,20190803_205131.jpg,data/wood_species/raw/mahogany/goimai_swietenia_humilis_20190803_205131.jpg,train,data/wood_species/splits/train/mahogany/goimai_swietenia_humilis_20190803_205131.jpg,4032,3024,3,42
GOIMAI,Swietenia macrophylla,mahogany,20190820_194526.jpg,data/wood_species/raw/mahogany/goimai_swietenia_macrophylla_20190820_194526.jpg,train,data/wood_species/splits/train/mahogany/goimai_swietenia_macrophylla_20190820_194526.jpg,3024,4032,3,42
GOIMAI,Swietenia humilis,mahogany,20190803_205109.jpg,data/wood_species/raw/mahogany/goimai_swietenia_humilis_20190803_205109.jpg,train,data/wood_species/splits/train/mahogany/goimai_swietenia_humilis_20190803_205109.jpg,4032,3024,3,42
GOIMAI,Swietenia macrophylla,mahogany,20190820_194410.jpg,data/wood_species/raw/mahogany/goimai_swietenia_macrophylla_20190820_194410.jpg,train,data/wood_species/splits/train/mahogany/goimai_swietenia_macrophylla_20190820_194410.jpg,3024,4032,3,42
GOIMAI,Swietenia mahagoni,mahogany,20190820_194157.jpg,data/wood_species/raw/mahogany/goimai_swietenia_mahagoni_20190820_194157.jpg,train,data/wood_species/splits/train/mahogany/goimai_swietenia_mahagoni_20190820_194157.jpg,3024,4032,3,42
GOIMAI,Swietenia macrophylla,mahogany,20190820_194424.jpg,data/wood_species/raw/mahogany/goimai_swietenia_macrophylla_20190820_194424.jpg,train,data/wood_species/splits/train/mahogany/goimai_swietenia_macrophylla_20190820_194424.jpg,3024,4032,3,42
GOIMAI,Swietenia mahagoni,mahogany,20190821_084558.jpg,data/wood_species/raw/mahogany/goimai_swietenia_mahagoni_20190821_084558.jpg,train,data/wood_species/splits/train/mahogany/goimai_swietenia_mahagoni_20190821_084558.jpg,3024,4032,3,42
GOIMAI,Swietenia humilis,mahogany,20190803_204742.jpg,data/wood_species/raw/mahogany/goimai_swietenia_humilis_20190803_204742.jpg,train,data/wood_species/splits/train/mahogany/goimai_swietenia_humilis_20190803_204742.jpg,4032,3024,3,42
GOIMAI,Swietenia macrophylla,mahogany,20190821_091454.jpg,data/wood_species/raw/mahogany/goimai_swietenia_macrophylla_20190821_091454.jpg,train,data/wood_species/splits/train/mahogany/goimai_swietenia_macrophylla_20190821_091454.jpg,3024,4032,3,42
GOIMAI,Swietenia humilis,mahogany,20190821_090409.jpg,data/wood_species/raw/mahogany/goimai_swietenia_humilis_20190821_090409.jpg,train,data/wood_species/splits/train/mahogany/goimai_swietenia_humilis_20190821_090409.jpg,3024,4032,3,42
GOIMAI,Swietenia macrophylla,mahogany,20190821_091121.jpg,data/wood_species/raw/mahogany/goimai_swietenia_macrophylla_20190821_091121.jpg,train,data/wood_species/splits/train/mahogany/goimai_swietenia_macrophylla_20190821_091121.jpg,3024,4032,3,42
GOIMAI,Swietenia humilis,mahogany,20190821_090337.jpg,data/wood_species/raw/mahogany/goimai_swietenia_humilis_20190821_090337.jpg,train,data/wood_species/splits/train/mahogany/goimai_swietenia_humilis_20190821_090337.jpg,3024,4032,3,42
GOIMAI,Swietenia humilis,mahogany,20190803_205125.jpg,data/wood_species/raw/mahogany/goimai_swietenia_humilis_20190803_205125.jpg,train,data/wood_species/splits/train/mahogany/goimai_swietenia_humilis_20190803_205125.jpg,4032,3024,3,42
GOIMAI,Swietenia mahagoni,mahogany,20190820_194018.jpg,data/wood_species/raw/mahogany/goimai_swietenia_mahagoni_20190820_194018.jpg,train,data/wood_species/splits/train/mahogany/goimai_swietenia_mahagoni_20190820_194018.jpg,3024,4032,3,42
GOIMAI,Swietenia humilis,mahogany,20190803_204733.jpg,data/wood_species/raw/mahogany/goimai_swietenia_humilis_20190803_204733.jpg,train,data/wood_species/splits/train/mahogany/goimai_swietenia_humilis_20190803_204733.jpg,4032,3024,3,42
GOIMAI,Swietenia humilis,mahogany,20190803_205114.jpg,data/wood_species/raw/mahogany/goimai_swietenia_humilis_20190803_205114.jpg,train,data/wood_species/splits/train/mahogany/goimai_swietenia_humilis_20190803_205114.jpg,4032,3024,3,42
GOIMAI,Swietenia humilis,mahogany,20190803_205025.jpg,data/wood_species/raw/mahogany/goimai_swietenia_humilis_20190803_205025.jpg,train,data/wood_species/splits/train/mahogany/goimai_swietenia_humilis_20190803_205025.jpg,4032,3024,3,42
GOIMAI,Swietenia macrophylla,mahogany,20190821_091124.jpg,data/wood_species/raw/mahogany/goimai_swietenia_macrophylla_20190821_091124.jpg,train,data/wood_species/splits/train/mahogany/goimai_swietenia_macrophylla_20190821_091124.jpg,3024,4032,3,42
GOIMAI,Swietenia macrophylla,mahogany,20190821_091131.jpg,data/wood_species/raw/mahogany/goimai_swietenia_macrophylla_20190821_091131.jpg,train,data/wood_species/splits/train/mahogany/goimai_swietenia_macrophylla_20190821_091131.jpg,3024,4032,3,42
GOIMAI,Swietenia macrophylla,mahogany,20190821_091145.jpg,data/wood_species/raw/mahogany/goimai_swietenia_macrophylla_20190821_091145.jpg,train,data/wood_species/splits/train/mahogany/goimai_swietenia_macrophylla_20190821_091145.jpg,3024,4032,3,42
GOIMAI,Swietenia humilis,mahogany,20190803_204843.jpg,data/wood_species/raw/mahogany/goimai_swietenia_humilis_20190803_204843.jpg,train,data/wood_species/splits/train/mahogany/goimai_swietenia_humilis_20190803_204843.jpg,4032,3024,3,42
GOIMAI,Swietenia mahagoni,mahogany,20190820_194312.jpg,data/wood_species/raw/mahogany/goimai_swietenia_mahagoni_20190820_194312.jpg,train,data/wood_species/splits/train/mahogany/goimai_swietenia_mahagoni_20190820_194312.jpg,3024,4032,3,42
GOIMAI,Swietenia humilis,mahogany,20190803_204849.jpg,data/wood_species/raw/mahogany/goimai_swietenia_humilis_20190803_204849.jpg,train,data/wood_species/splits/train/mahogany/goimai_swietenia_humilis_20190803_204849.jpg,4032,3024,3,42
GOIMAI,Swietenia humilis,mahogany,20190803_205055.jpg,data/wood_species/raw/mahogany/goimai_swietenia_humilis_20190803_205055.jpg,train,data/wood_species/splits/train/mahogany/goimai_swietenia_humilis_20190803_205055.jpg,4032,3024,3,42
GOIMAI,Swietenia mahagoni,mahogany,20190820_193851.jpg,data/wood_species/raw/mahogany/goimai_swietenia_mahagoni_20190820_193851.jpg,train,data/wood_species/splits/train/mahogany/goimai_swietenia_mahagoni_20190820_193851.jpg,3024,4032,3,42
GOIMAI,Swietenia mahagoni,mahogany,20190820_193906.jpg,data/wood_species/raw/mahogany/goimai_swietenia_mahagoni_20190820_193906.jpg,train,data/wood_species/splits/train/mahogany/goimai_swietenia_mahagoni_20190820_193906.jpg,3024,4032,3,42
GOIMAI,Swietenia mahagoni,mahogany,20190820_194221.jpg,data/wood_species/raw/mahogany/goimai_swietenia_mahagoni_20190820_194221.jpg,train,data/wood_species/splits/train/mahogany/goimai_swietenia_mahagoni_20190820_194221.jpg,3024,4032,3,42
GOIMAI,Swietenia humilis,mahogany,20190821_090344.jpg,data/wood_species/raw/mahogany/goimai_swietenia_humilis_20190821_090344.jpg,train,data/wood_species/splits/train/mahogany/goimai_swietenia_humilis_20190821_090344.jpg,3024,4032,3,42
GOIMAI,Swietenia humilis,mahogany,20190803_205320.jpg,data/wood_species/raw/mahogany/goimai_swietenia_humilis_20190803_205320.jpg,train,data/wood_species/splits/train/mahogany/goimai_swietenia_humilis_20190803_205320.jpg,4032,3024,3,42
GOIMAI,Swietenia mahagoni,mahogany,20190820_194038.jpg,data/wood_species/raw/mahogany/goimai_swietenia_mahagoni_20190820_194038.jpg,train,data/wood_species/splits/train/mahogany/goimai_swietenia_mahagoni_20190820_194038.jpg,3024,4032,3,42
GOIMAI,Swietenia macrophylla,mahogany,20190821_091301.jpg,data/wood_species/raw/mahogany/goimai_swietenia_macrophylla_20190821_091301.jpg,train,data/wood_species/splits/train/mahogany/goimai_swietenia_macrophylla_20190821_091301.jpg,3024,4032,3,42
GOIMAI,Swietenia humilis,mahogany,20190803_204755.jpg,data/wood_species/raw/mahogany/goimai_swietenia_humilis_20190803_204755.jpg,train,data/wood_species/splits/train/mahogany/goimai_swietenia_humilis_20190803_204755.jpg,4032,3024,3,42
GOIMAI,Swietenia mahagoni,mahogany,20190820_194114.jpg,data/wood_species/raw/mahogany/goimai_swietenia_mahagoni_20190820_194114.jpg,train,data/wood_species/splits/train/mahogany/goimai_swietenia_mahagoni_20190820_194114.jpg,3024,4032,3,42
GOIMAI,Swietenia humilis,mahogany,20190821_090419.jpg,data/wood_species/raw/mahogany/goimai_swietenia_humilis_20190821_090419.jpg,train,data/wood_species/splits/train/mahogany/goimai_swietenia_humilis_20190821_090419.jpg,3024,4032,3,42
GOIMAI,Swietenia mahagoni,mahogany,20190820_194028.jpg,data/wood_species/raw/mahogany/goimai_swietenia_mahagoni_20190820_194028.jpg,train,data/wood_species/splits/train/mahogany/goimai_swietenia_mahagoni_20190820_194028.jpg,3024,4032,3,42
GOIMAI,Swietenia mahagoni,mahogany,20190821_084617.jpg,data/wood_species/raw/mahogany/goimai_swietenia_mahagoni_20190821_084617.jpg,validation,data/wood_species/splits/validation/mahogany/goimai_swietenia_mahagoni_20190821_084617.jpg,3024,4032,3,42
GOIMAI,Swietenia humilis,mahogany,20190803_205204.jpg,data/wood_species/raw/mahogany/goimai_swietenia_humilis_20190803_205204.jpg,validation,data/wood_species/splits/validation/mahogany/goimai_swietenia_humilis_20190803_205204.jpg,4032,3024,3,42
GOIMAI,Swietenia humilis,mahogany,20190821_090425.jpg,data/wood_species/raw/mahogany/goimai_swietenia_humilis_20190821_090425.jpg,validation,data/wood_species/splits/validation/mahogany/goimai_swietenia_humilis_20190821_090425.jpg,3024,4032,3,42
GOIMAI,Swietenia macrophylla,mahogany,20190820_194522.jpg,data/wood_species/raw/mahogany/goimai_swietenia_macrophylla_20190820_194522.jpg,validation,data/wood_species/splits/validation/mahogany/goimai_swietenia_macrophylla_20190820_194522.jpg,3024,4032,3,42
GOIMAI,Swietenia mahagoni,mahogany,20190820_193856.jpg,data/wood_species/raw/mahogany/goimai_swietenia_mahagoni_20190820_193856.jpg,validation,data/wood_species/splits/validation/mahogany/goimai_swietenia_mahagoni_20190820_193856.jpg,3024,4032,3,42
GOIMAI,Swietenia humilis,mahogany,20190821_090432.jpg,data/wood_species/raw/mahogany/goimai_swietenia_humilis_20190821_090432.jpg,validation,data/wood_species/splits/validation/mahogany/goimai_swietenia_humilis_20190821_090432.jpg,3024,4032,3,42
GOIMAI,Swietenia humilis,mahogany,20190821_090401.jpg,data/wood_species/raw/mahogany/goimai_swietenia_humilis_20190821_090401.jpg,validation,data/wood_species/splits/validation/mahogany/goimai_swietenia_humilis_20190821_090401.jpg,3024,4032,3,42
GOIMAI,Swietenia humilis,mahogany,20190821_090324.jpg,data/wood_species/raw/mahogany/goimai_swietenia_humilis_20190821_090324.jpg,validation,data/wood_species/splits/validation/mahogany/goimai_swietenia_humilis_20190821_090324.jpg,3024,4032,3,42
GOIMAI,Swietenia mahagoni,mahogany,20190820_194124.jpg,data/wood_species/raw/mahogany/goimai_swietenia_mahagoni_20190820_194124.jpg,validation,data/wood_species/splits/validation/mahogany/goimai_swietenia_mahagoni_20190820_194124.jpg,3024,4032,3,42
GOIMAI,Swietenia macrophylla,mahogany,20190821_091126.jpg,data/wood_species/raw/mahogany/goimai_swietenia_macrophylla_20190821_091126.jpg,validation,data/wood_species/splits/validation/mahogany/goimai_swietenia_macrophylla_20190821_091126.jpg,3024,4032,3,42
GOIMAI,Swietenia macrophylla,mahogany,20190820_194502.jpg,data/wood_species/raw/mahogany/goimai_swietenia_macrophylla_20190820_194502.jpg,validation,data/wood_species/splits/validation/mahogany/goimai_swietenia_macrophylla_20190820_194502.jpg,3024,4032,3,42
GOIMAI,Swietenia humilis,mahogany,20190803_205409.jpg,data/wood_species/raw/mahogany/goimai_swietenia_humilis_20190803_205409.jpg,validation,data/wood_species/splits/validation/mahogany/goimai_swietenia_humilis_20190803_205409.jpg,4032,3024,3,42
GOIMAI,Swietenia macrophylla,mahogany,20190821_091417.jpg,data/wood_species/raw/mahogany/goimai_swietenia_macrophylla_20190821_091417.jpg,validation,data/wood_species/splits/validation/mahogany/goimai_swietenia_macrophylla_20190821_091417.jpg,3024,4032,3,42
GOIMAI,Swietenia macrophylla,mahogany,20190821_091136.jpg,data/wood_species/raw/mahogany/goimai_swietenia_macrophylla_20190821_091136.jpg,validation,data/wood_species/splits/validation/mahogany/goimai_swietenia_macrophylla_20190821_091136.jpg,3024,4032,3,42
GOIMAI,Swietenia mahagoni,mahogany,20190820_193853.jpg,data/wood_species/raw/mahogany/goimai_swietenia_mahagoni_20190820_193853.jpg,validation,data/wood_species/splits/validation/mahogany/goimai_swietenia_mahagoni_20190820_193853.jpg,3024,4032,3,42
GOIMAI,Swietenia humilis,mahogany,20190821_090427.jpg,data/wood_species/raw/mahogany/goimai_swietenia_humilis_20190821_090427.jpg,validation,data/wood_species/splits/validation/mahogany/goimai_swietenia_humilis_20190821_090427.jpg,3024,4032,3,42
GOIMAI,Swietenia mahagoni,mahogany,20190820_194009.jpg,data/wood_species/raw/mahogany/goimai_swietenia_mahagoni_20190820_194009.jpg,validation,data/wood_species/splits/validation/mahogany/goimai_swietenia_mahagoni_20190820_194009.jpg,3024,4032,3,42
GOIMAI,Swietenia mahagoni,mahogany,20190820_194238.jpg,data/wood_species/raw/mahogany/goimai_swietenia_mahagoni_20190820_194238.jpg,validation,data/wood_species/splits/validation/mahogany/goimai_swietenia_mahagoni_20190820_194238.jpg,3024,4032,3,42
GOIMAI,Swietenia macrophylla,mahogany,20190820_194422.jpg,data/wood_species/raw/mahogany/goimai_swietenia_macrophylla_20190820_194422.jpg,validation,data/wood_species/splits/validation/mahogany/goimai_swietenia_macrophylla_20190820_194422.jpg,3024,4032,3,42
GOIMAI,Swietenia humilis,mahogany,20190803_204821.jpg,data/wood_species/raw/mahogany/goimai_swietenia_humilis_20190803_204821.jpg,validation,data/wood_species/splits/validation/mahogany/goimai_swietenia_humilis_20190803_204821.jpg,4032,3024,3,42
GOIMAI,Swietenia mahagoni,mahogany,20190821_084635.jpg,data/wood_species/raw/mahogany/goimai_swietenia_mahagoni_20190821_084635.jpg,validation,data/wood_species/splits/validation/mahogany/goimai_swietenia_mahagoni_20190821_084635.jpg,3024,4032,3,42
GOIMAI,Swietenia macrophylla,mahogany,20190820_194408.jpg,data/wood_species/raw/mahogany/goimai_swietenia_macrophylla_20190820_194408.jpg,validation,data/wood_species/splits/validation/mahogany/goimai_swietenia_macrophylla_20190820_194408.jpg,3024,4032,3,42
GOIMAI,Swietenia humilis,mahogany,20190821_090443.jpg,data/wood_species/raw/mahogany/goimai_swietenia_humilis_20190821_090443.jpg,validation,data/wood_species/splits/validation/mahogany/goimai_swietenia_humilis_20190821_090443.jpg,3024,4032,3,42
GOIMAI,Swietenia macrophylla,mahogany,20190820_194514.jpg,data/wood_species/raw/mahogany/goimai_swietenia_macrophylla_20190820_194514.jpg,validation,data/wood_species/splits/validation/mahogany/goimai_swietenia_macrophylla_20190820_194514.jpg,3024,4032,3,42
GOIMAI,Swietenia humilis,mahogany,20190803_205143.jpg,data/wood_species/raw/mahogany/goimai_swietenia_humilis_20190803_205143.jpg,validation,data/wood_species/splits/validation/mahogany/goimai_swietenia_humilis_20190803_205143.jpg,4032,3024,3,42
GOIMAI,Swietenia mahagoni,mahogany,20190821_084659.jpg,data/wood_species/raw/mahogany/goimai_swietenia_mahagoni_20190821_084659.jpg,validation,data/wood_species/splits/validation/mahogany/goimai_swietenia_mahagoni_20190821_084659.jpg,3024,4032,3,42
GOIMAI,Swietenia humilis,mahogany,20190821_090509.jpg,data/wood_species/raw/mahogany/goimai_swietenia_humilis_20190821_090509.jpg,validation,data/wood_species/splits/validation/mahogany/goimai_swietenia_humilis_20190821_090509.jpg,3024,4032,3,42
GOIMAI,Swietenia mahagoni,mahogany,20190820_194316.jpg,data/wood_species/raw/mahogany/goimai_swietenia_mahagoni_20190820_194316.jpg,validation,data/wood_species/splits/validation/mahogany/goimai_swietenia_mahagoni_20190820_194316.jpg,3024,4032,3,42
GOIMAI,Swietenia humilis,mahogany,20190821_090411.jpg,data/wood_species/raw/mahogany/goimai_swietenia_humilis_20190821_090411.jpg,validation,data/wood_species/splits/validation/mahogany/goimai_swietenia_humilis_20190821_090411.jpg,3024,4032,3,42
GOIMAI,Swietenia humilis,mahogany,20190821_090346.jpg,data/wood_species/raw/mahogany/goimai_swietenia_humilis_20190821_090346.jpg,validation,data/wood_species/splits/validation/mahogany/goimai_swietenia_humilis_20190821_090346.jpg,3024,4032,3,42
GOIMAI,Swietenia macrophylla,mahogany,20190821_091140.jpg,data/wood_species/raw/mahogany/goimai_swietenia_macrophylla_20190821_091140.jpg,validation,data/wood_species/splits/validation/mahogany/goimai_swietenia_macrophylla_20190821_091140.jpg,3024,4032,3,42
GOIMAI,Swietenia humilis,mahogany,20190803_205222.jpg,data/wood_species/raw/mahogany/goimai_swietenia_humilis_20190803_205222.jpg,validation,data/wood_species/splits/validation/mahogany/goimai_swietenia_humilis_20190803_205222.jpg,4032,3024,3,42
GOIMAI,Swietenia humilis,mahogany,20190821_090434.jpg,data/wood_species/raw/mahogany/goimai_swietenia_humilis_20190821_090434.jpg,validation,data/wood_species/splits/validation/mahogany/goimai_swietenia_humilis_20190821_090434.jpg,3024,4032,3,42
GOIMAI,Swietenia humilis,mahogany,20190821_090358.jpg,data/wood_species/raw/mahogany/goimai_swietenia_humilis_20190821_090358.jpg,validation,data/wood_species/splits/validation/mahogany/goimai_swietenia_humilis_20190821_090358.jpg,3024,4032,3,42
GOIMAI,Swietenia humilis,mahogany,20190803_205157.jpg,data/wood_species/raw/mahogany/goimai_swietenia_humilis_20190803_205157.jpg,validation,data/wood_species/splits/validation/mahogany/goimai_swietenia_humilis_20190803_205157.jpg,4032,3024,3,42
GOIMAI,Swietenia humilis,mahogany,20190803_205037.jpg,data/wood_species/raw/mahogany/goimai_swietenia_humilis_20190803_205037.jpg,validation,data/wood_species/splits/validation/mahogany/goimai_swietenia_humilis_20190803_205037.jpg,4032,3024,3,42
GOIMAI,Swietenia macrophylla,mahogany,20190821_091419.jpg,data/wood_species/raw/mahogany/goimai_swietenia_macrophylla_20190821_091419.jpg,validation,data/wood_species/splits/validation/mahogany/goimai_swietenia_macrophylla_20190821_091419.jpg,3024,4032,3,42
GOIMAI,Swietenia humilis,mahogany,20190803_205328.jpg,data/wood_species/raw/mahogany/goimai_swietenia_humilis_20190803_205328.jpg,validation,data/wood_species/splits/validation/mahogany/goimai_swietenia_humilis_20190803_205328.jpg,4032,3024,3,42
GOIMAI,Swietenia humilis,mahogany,20190821_090408.jpg,data/wood_species/raw/mahogany/goimai_swietenia_humilis_20190821_090408.jpg,validation,data/wood_species/splits/validation/mahogany/goimai_swietenia_humilis_20190821_090408.jpg,3024,4032,3,42
GOIMAI,Swietenia humilis,mahogany,20190803_205359.jpg,data/wood_species/raw/mahogany/goimai_swietenia_humilis_20190803_205359.jpg,validation,data/wood_species/splits/validation/mahogany/goimai_swietenia_humilis_20190803_205359.jpg,4032,3024,3,42
GOIMAI,Swietenia mahagoni,mahogany,20190821_084622.jpg,data/wood_species/raw/mahogany/goimai_swietenia_mahagoni_20190821_084622.jpg,validation,data/wood_species/splits/validation/mahogany/goimai_swietenia_mahagoni_20190821_084622.jpg,3024,4032,3,42
GOIMAI,Swietenia humilis,mahogany,20190803_205403.jpg,data/wood_species/raw/mahogany/goimai_swietenia_humilis_20190803_205403.jpg,validation,data/wood_species/splits/validation/mahogany/goimai_swietenia_humilis_20190803_205403.jpg,4032,3024,3,42
GOIMAI,Swietenia humilis,mahogany,20190821_090329.jpg,data/wood_species/raw/mahogany/goimai_swietenia_humilis_20190821_090329.jpg,validation,data/wood_species/splits/validation/mahogany/goimai_swietenia_humilis_20190821_090329.jpg,3024,4032,3,42
GOIMAI,Swietenia humilis,mahogany,20190821_090350.jpg,data/wood_species/raw/mahogany/goimai_swietenia_humilis_20190821_090350.jpg,validation,data/wood_species/splits/validation/mahogany/goimai_swietenia_humilis_20190821_090350.jpg,3024,4032,3,42
GOIMAI,Swietenia mahagoni,mahogany,20190820_194205.jpg,data/wood_species/raw/mahogany/goimai_swietenia_mahagoni_20190820_194205.jpg,validation,data/wood_species/splits/validation/mahogany/goimai_swietenia_mahagoni_20190820_194205.jpg,3024,4032,3,42
GOIMAI,Swietenia macrophylla,mahogany,20190821_091104.jpg,data/wood_species/raw/mahogany/goimai_swietenia_macrophylla_20190821_091104.jpg,validation,data/wood_species/splits/validation/mahogany/goimai_swietenia_macrophylla_20190821_091104.jpg,3024,4032,3,42
GOIMAI,Swietenia macrophylla,mahogany,20190821_091406.jpg,data/wood_species/raw/mahogany/goimai_swietenia_macrophylla_20190821_091406.jpg,validation,data/wood_species/splits/validation/mahogany/goimai_swietenia_macrophylla_20190821_091406.jpg,3024,4032,3,42
GOIMAI,Swietenia mahagoni,mahogany,20190820_193848.jpg,data/wood_species/raw/mahogany/goimai_swietenia_mahagoni_20190820_193848.jpg,test,data/wood_species/splits/test/mahogany/goimai_swietenia_mahagoni_20190820_193848.jpg,3024,4032,3,42
GOIMAI,Swietenia macrophylla,mahogany,20190821_091235.jpg,data/wood_species/raw/mahogany/goimai_swietenia_macrophylla_20190821_091235.jpg,test,data/wood_species/splits/test/mahogany/goimai_swietenia_macrophylla_20190821_091235.jpg,3024,4032,3,42
GOIMAI,Swietenia mahagoni,mahogany,20190820_193923.jpg,data/wood_species/raw/mahogany/goimai_swietenia_mahagoni_20190820_193923.jpg,test,data/wood_species/splits/test/mahogany/goimai_swietenia_mahagoni_20190820_193923.jpg,3024,4032,3,42
GOIMAI,Swietenia mahagoni,mahogany,20190821_084546.jpg,data/wood_species/raw/mahogany/goimai_swietenia_mahagoni_20190821_084546.jpg,test,data/wood_species/splits/test/mahogany/goimai_swietenia_mahagoni_20190821_084546.jpg,3024,4032,3,42
GOIMAI,Swietenia macrophylla,mahogany,20190821_091345.jpg,data/wood_species/raw/mahogany/goimai_swietenia_macrophylla_20190821_091345.jpg,test,data/wood_species/splits/test/mahogany/goimai_swietenia_macrophylla_20190821_091345.jpg,3024,4032,3,42
GOIMAI,Swietenia macrophylla,mahogany,20190821_091147.jpg,data/wood_species/raw/mahogany/goimai_swietenia_macrophylla_20190821_091147.jpg,test,data/wood_species/splits/test/mahogany/goimai_swietenia_macrophylla_20190821_091147.jpg,3024,4032,3,42
GOIMAI,Swietenia humilis,mahogany,20190803_204800.jpg,data/wood_species/raw/mahogany/goimai_swietenia_humilis_20190803_204800.jpg,test,data/wood_species/splits/test/mahogany/goimai_swietenia_humilis_20190803_204800.jpg,4032,3024,3,42
GOIMAI,Swietenia humilis,mahogany,20190803_204838.jpg,data/wood_species/raw/mahogany/goimai_swietenia_humilis_20190803_204838.jpg,test,data/wood_species/splits/test/mahogany/goimai_swietenia_humilis_20190803_204838.jpg,4032,3024,3,42
GOIMAI,Swietenia macrophylla,mahogany,20190821_091314.jpg,data/wood_species/raw/mahogany/goimai_swietenia_macrophylla_20190821_091314.jpg,test,data/wood_species/splits/test/mahogany/goimai_swietenia_macrophylla_20190821_091314.jpg,3024,4032,3,42
GOIMAI,Swietenia macrophylla,mahogany,20190821_091403.jpg,data/wood_species/raw/mahogany/goimai_swietenia_macrophylla_20190821_091403.jpg,test,data/wood_species/splits/test/mahogany/goimai_swietenia_macrophylla_20190821_091403.jpg,3024,4032,3,42
GOIMAI,Swietenia humilis,mahogany,20190821_090315.jpg,data/wood_species/raw/mahogany/goimai_swietenia_humilis_20190821_090315.jpg,test,data/wood_species/splits/test/mahogany/goimai_swietenia_humilis_20190821_090315.jpg,3024,4032,3,42
GOIMAI,Swietenia humilis,mahogany,20190803_205012.jpg,data/wood_species/raw/mahogany/goimai_swietenia_humilis_20190803_205012.jpg,test,data/wood_species/splits/test/mahogany/goimai_swietenia_humilis_20190803_205012.jpg,4032,3024,3,42
GOIMAI,Swietenia humilis,mahogany,20190803_205119.jpg,data/wood_species/raw/mahogany/goimai_swietenia_humilis_20190803_205119.jpg,test,data/wood_species/splits/test/mahogany/goimai_swietenia_humilis_20190803_205119.jpg,4032,3024,3,42
GOIMAI,Swietenia macrophylla,mahogany,20190821_091226.jpg,data/wood_species/raw/mahogany/goimai_swietenia_macrophylla_20190821_091226.jpg,test,data/wood_species/splits/test/mahogany/goimai_swietenia_macrophylla_20190821_091226.jpg,3024,4032,3,42
GOIMAI,Swietenia humilis,mahogany,20190803_205350.jpg,data/wood_species/raw/mahogany/goimai_swietenia_humilis_20190803_205350.jpg,test,data/wood_species/splits/test/mahogany/goimai_swietenia_humilis_20190803_205350.jpg,4032,3024,3,42
GOIMAI,Swietenia macrophylla,mahogany,20190821_091426.jpg,data/wood_species/raw/mahogany/goimai_swietenia_macrophylla_20190821_091426.jpg,test,data/wood_species/splits/test/mahogany/goimai_swietenia_macrophylla_20190821_091426.jpg,3024,4032,3,42
GOIMAI,Swietenia humilis,mahogany,20190821_090451.jpg,data/wood_species/raw/mahogany/goimai_swietenia_humilis_20190821_090451.jpg,test,data/wood_species/splits/test/mahogany/goimai_swietenia_humilis_20190821_090451.jpg,3024,4032,3,42
GOIMAI,Swietenia mahagoni,mahogany,20190821_084541.jpg,data/wood_species/raw/mahogany/goimai_swietenia_mahagoni_20190821_084541.jpg,test,data/wood_species/splits/test/mahogany/goimai_swietenia_mahagoni_20190821_084541.jpg,3024,4032,3,42
GOIMAI,Swietenia mahagoni,mahogany,20190820_194033.jpg,data/wood_species/raw/mahogany/goimai_swietenia_mahagoni_20190820_194033.jpg,test,data/wood_species/splits/test/mahogany/goimai_swietenia_mahagoni_20190820_194033.jpg,3024,4032,3,42
GOIMAI,Swietenia humilis,mahogany,20190821_090318.jpg,data/wood_species/raw/mahogany/goimai_swietenia_humilis_20190821_090318.jpg,test,data/wood_species/splits/test/mahogany/goimai_swietenia_humilis_20190821_090318.jpg,3024,4032,3,42
GOIMAI,Swietenia mahagoni,mahogany,20190820_194026.jpg,data/wood_species/raw/mahogany/goimai_swietenia_mahagoni_20190820_194026.jpg,test,data/wood_species/splits/test/mahogany/goimai_swietenia_mahagoni_20190820_194026.jpg,3024,4032,3,42
GOIMAI,Swietenia mahagoni,mahogany,20190820_193911.jpg,data/wood_species/raw/mahogany/goimai_swietenia_mahagoni_20190820_193911.jpg,test,data/wood_species/splits/test/mahogany/goimai_swietenia_mahagoni_20190820_193911.jpg,3024,4032,3,42
GOIMAI,Swietenia humilis,mahogany,20190821_090416.jpg,data/wood_species/raw/mahogany/goimai_swietenia_humilis_20190821_090416.jpg,test,data/wood_species/splits/test/mahogany/goimai_swietenia_humilis_20190821_090416.jpg,3024,4032,3,42
GOIMAI,Swietenia mahagoni,mahogany,20190820_194127.jpg,data/wood_species/raw/mahogany/goimai_swietenia_mahagoni_20190820_194127.jpg,test,data/wood_species/splits/test/mahogany/goimai_swietenia_mahagoni_20190820_194127.jpg,3024,4032,3,42
GOIMAI,Swietenia macrophylla,mahogany,20190821_091452.jpg,data/wood_species/raw/mahogany/goimai_swietenia_macrophylla_20190821_091452.jpg,test,data/wood_species/splits/test/mahogany/goimai_swietenia_macrophylla_20190821_091452.jpg,3024,4032,3,42
GOIMAI,Swietenia macrophylla,mahogany,20190821_091106.jpg,data/wood_species/raw/mahogany/goimai_swietenia_macrophylla_20190821_091106.jpg,test,data/wood_species/splits/test/mahogany/goimai_swietenia_macrophylla_20190821_091106.jpg,3024,4032,3,42
GOIMAI,Swietenia macrophylla,mahogany,20190821_091233.jpg,data/wood_species/raw/mahogany/goimai_swietenia_macrophylla_20190821_091233.jpg,test,data/wood_species/splits/test/mahogany/goimai_swietenia_macrophylla_20190821_091233.jpg,3024,4032,3,42
GOIMAI,Swietenia humilis,mahogany,20190821_090320.jpg,data/wood_species/raw/mahogany/goimai_swietenia_humilis_20190821_090320.jpg,test,data/wood_species/splits/test/mahogany/goimai_swietenia_humilis_20190821_090320.jpg,3024,4032,3,42
GOIMAI,Swietenia humilis,mahogany,20190821_090335.jpg,data/wood_species/raw/mahogany/goimai_swietenia_humilis_20190821_090335.jpg,test,data/wood_species/splits/test/mahogany/goimai_swietenia_humilis_20190821_090335.jpg,3024,4032,3,42
GOIMAI,Swietenia macrophylla,mahogany,20190821_091322.jpg,data/wood_species/raw/mahogany/goimai_swietenia_macrophylla_20190821_091322.jpg,test,data/wood_species/splits/test/mahogany/goimai_swietenia_macrophylla_20190821_091322.jpg,3024,4032,3,42
GOIMAI,Swietenia macrophylla,mahogany,20190821_091200.jpg,data/wood_species/raw/mahogany/goimai_swietenia_macrophylla_20190821_091200.jpg,test,data/wood_species/splits/test/mahogany/goimai_swietenia_macrophylla_20190821_091200.jpg,3024,4032,3,42
GOIMAI,Swietenia humilis,mahogany,20190821_090512.jpg,data/wood_species/raw/mahogany/goimai_swietenia_humilis_20190821_090512.jpg,test,data/wood_species/splits/test/mahogany/goimai_swietenia_humilis_20190821_090512.jpg,3024,4032,3,42
GOIMAI,Swietenia humilis,mahogany,20190821_090456.jpg,data/wood_species/raw/mahogany/goimai_swietenia_humilis_20190821_090456.jpg,test,data/wood_species/splits/test/mahogany/goimai_swietenia_humilis_20190821_090456.jpg,3024,4032,3,42
GOIMAI,Swietenia mahagoni,mahogany,20190821_084601.jpg,data/wood_species/raw/mahogany/goimai_swietenia_mahagoni_20190821_084601.jpg,test,data/wood_species/splits/test/mahogany/goimai_swietenia_mahagoni_20190821_084601.jpg,3024,4032,3,42
GOIMAI,Swietenia macrophylla,mahogany,20190820_194427.jpg,data/wood_species/raw/mahogany/goimai_swietenia_macrophylla_20190820_194427.jpg,test,data/wood_species/splits/test/mahogany/goimai_swietenia_macrophylla_20190820_194427.jpg,3024,4032,3,42
GOIMAI,Swietenia macrophylla,mahogany,20190821_091408.jpg,data/wood_species/raw/mahogany/goimai_swietenia_macrophylla_20190821_091408.jpg,test,data/wood_species/splits/test/mahogany/goimai_swietenia_macrophylla_20190821_091408.jpg,3024,4032,3,42
GOIMAI,Swietenia macrophylla,mahogany,20190821_091138.jpg,data/wood_species/raw/mahogany/goimai_swietenia_macrophylla_20190821_091138.jpg,test,data/wood_species/splits/test/mahogany/goimai_swietenia_macrophylla_20190821_091138.jpg,3024,4032,3,42
GOIMAI,Swietenia humilis,mahogany,20190803_204910.jpg,data/wood_species/raw/mahogany/goimai_swietenia_humilis_20190803_204910.jpg,test,data/wood_species/splits/test/mahogany/goimai_swietenia_humilis_20190803_204910.jpg,4032,3024,3,42
GOIMAI,Swietenia humilis,mahogany,20190803_204927.jpg,data/wood_species/raw/mahogany/goimai_swietenia_humilis_20190803_204927.jpg,test,data/wood_species/splits/test/mahogany/goimai_swietenia_humilis_20190803_204927.jpg,4032,3024,3,42
GOIMAI,Swietenia macrophylla,mahogany,20190821_091320.jpg,data/wood_species/raw/mahogany/goimai_swietenia_macrophylla_20190821_091320.jpg,test,data/wood_species/splits/test/mahogany/goimai_swietenia_macrophylla_20190821_091320.jpg,3024,4032,3,42
GOIMAI,Swietenia mahagoni,mahogany,20190820_194200.jpg,data/wood_species/raw/mahogany/goimai_swietenia_mahagoni_20190820_194200.jpg,test,data/wood_species/splits/test/mahogany/goimai_swietenia_mahagoni_20190820_194200.jpg,3024,4032,3,42
GOIMAI,Swietenia humilis,mahogany,20190803_205031.jpg,data/wood_species/raw/mahogany/goimai_swietenia_humilis_20190803_205031.jpg,test,data/wood_species/splits/test/mahogany/goimai_swietenia_humilis_20190803_205031.jpg,4032,3024,3,42
GOIMAI,Swietenia humilis,mahogany,20190821_090504.jpg,data/wood_species/raw/mahogany/goimai_swietenia_humilis_20190821_090504.jpg,test,data/wood_species/splits/test/mahogany/goimai_swietenia_humilis_20190821_090504.jpg,3024,4032,3,42
GOIMAI,Swietenia macrophylla,mahogany,20190821_091349.jpg,data/wood_species/raw/mahogany/goimai_swietenia_macrophylla_20190821_091349.jpg,test,data/wood_species/splits/test/mahogany/goimai_swietenia_macrophylla_20190821_091349.jpg,3024,4032,3,42
GOIMAI,Swietenia macrophylla,mahogany,20190821_091118.jpg,data/wood_species/raw/mahogany/goimai_swietenia_macrophylla_20190821_091118.jpg,test,data/wood_species/splits/test/mahogany/goimai_swietenia_macrophylla_20190821_091118.jpg,3024,4032,3,42
GOIMAI,Swietenia mahagoni,mahogany,20190820_194137.jpg,data/wood_species/raw/mahogany/goimai_swietenia_mahagoni_20190820_194137.jpg,test,data/wood_species/splits/test/mahogany/goimai_swietenia_mahagoni_20190820_194137.jpg,3024,4032,3,42
GOIMAI,Swietenia mahagoni,mahogany,20190820_193945.jpg,data/wood_species/raw/mahogany/goimai_swietenia_mahagoni_20190820_193945.jpg,test,data/wood_species/splits/test/mahogany/goimai_swietenia_mahagoni_20190820_193945.jpg,3024,4032,3,42
