source_dataset,source_split,source_category,species,original_filename,destination_filename,destination_path,image_width,image_height,channels,file_size_bytes
WOOD-AUTH,test,2,walnut,1217_2.jpg,test_1217_2.jpg,data/wood_species/raw/walnut/test_1217_2.jpg,200,200,3,5040
WOOD-AUTH,test,2,walnut,1218_2.jpg,test_1218_2.jpg,data/wood_species/raw/walnut/test_1218_2.jpg,200,200,3,4532
WOOD-AUTH,test,2,walnut,1219_2.jpg,test_1219_2.jpg,data/wood_species/raw/walnut/test_1219_2.jpg,200,200,3,4667
WOOD-AUTH,test,2,walnut,1220_2.jpg,test_1220_2.jpg,data/wood_species/raw/walnut/test_1220_2.jpg,200,200,3,4896
WOOD-AUTH,test,2,walnut,1221_2.jpg,test_1221_2.jpg,data/wood_species/raw/walnut/test_1221_2.jpg,200,200,3,6924
WOOD-AUTH,test,2,walnut,1222_2.jpg,test_1222_2.jpg,data/wood_species/raw/walnut/test_1222_2.jpg,200,200,3,6840
WOOD-AUTH,test,2,walnut,1223_2.jpg,test_1223_2.jpg,data/wood_species/raw/walnut/test_1223_2.jpg,200,200,3,6856
WOOD-AUTH,test,2,walnut,1224_2.jpg,test_1224_2.jpg,data/wood_species/raw/walnut/test_1224_2.jpg,200,200,3,6857
WOOD-AUTH,test,2,walnut,1225_2.jpg,test_1225_2.jpg,data/wood_species/raw/walnut/test_1225_2.jpg,200,200,3,8259
WOOD-AUTH,test,2,walnut,1226_2.jpg,test_1226_2.jpg,data/wood_species/raw/walnut/test_1226_2.jpg,200,200,3,8032
WOOD-AUTH,test,2,walnut,1227_2.jpg,test_1227_2.jpg,data/wood_species/raw/walnut/test_1227_2.jpg,200,200,3,8507
WOOD-AUTH,test,2,walnut,1228_2.jpg,test_1228_2.jpg,data/wood_species/raw/walnut/test_1228_2.jpg,200,200,3,8393
WOOD-AUTH,test,2,walnut,1229_2.jpg,test_1229_2.jpg,data/wood_species/raw/walnut/test_1229_2.jpg,200,200,3,8197
WOOD-AUTH,test,2,walnut,1230_2.jpg,test_1230_2.jpg,data/wood_species/raw/walnut/test_1230_2.jpg,200,200,3,8344
WOOD-AUTH,test,2,walnut,1231_2.jpg,test_1231_2.jpg,data/wood_species/raw/walnut/test_1231_2.jpg,200,200,3,8034
WOOD-AUTH,test,2,walnut,1232_2.jpg,test_1232_2.jpg,data/wood_species/raw/walnut/test_1232_2.jpg,200,200,3,8256
WOOD-AUTH,test,2,walnut,1233_2.jpg,test_1233_2.jpg,data/wood_species/raw/walnut/test_1233_2.jpg,200,200,3,6208
WOOD-AUTH,test,2,walnut,1234_2.jpg,test_1234_2.jpg,data/wood_species/raw/walnut/test_1234_2.jpg,200,200,3,5843
WOOD-AUTH,test,2,walnut,1235_2.jpg,test_1235_2.jpg,data/wood_species/raw/walnut/test_1235_2.jpg,200,200,3,6321
WOOD-AUTH,test,2,walnut,1236_2.jpg,test_1236_2.jpg,data/wood_species/raw/walnut/test_1236_2.jpg,200,200,3,5575
WOOD-AUTH,test,2,walnut,1237_2.jpg,test_1237_2.jpg,data/wood_species/raw/walnut/test_1237_2.jpg,200,200,3,3904
WOOD-AUTH,test,2,walnut,1238_2.jpg,test_1238_2.jpg,data/wood_species/raw/walnut/test_1238_2.jpg,200,200,3,3748
WOOD-AUTH,test,2,walnut,1239_2.jpg,test_1239_2.jpg,data/wood_species/raw/walnut/test_1239_2.jpg,200,200,3,3971
WOOD-AUTH,test,2,walnut,1240_2.jpg,test_1240_2.jpg,data/wood_species/raw/walnut/test_1240_2.jpg,200,200,3,3820
WOOD-AUTH,test,2,walnut,1241_2.jpg,test_1241_2.jpg,data/wood_species/raw/walnut/test_1241_2.jpg,200,200,3,4243
WOOD-AUTH,test,2,walnut,1242_2.jpg,test_1242_2.jpg,data/wood_species/raw/walnut/test_1242_2.jpg,200,200,3,3913
WOOD-AUTH,test,2,walnut,1243_2.jpg,test_1243_2.jpg,data/wood_species/raw/walnut/test_1243_2.jpg,200,200,3,4291
WOOD-AUTH,test,2,walnut,1244_2.jpg,test_1244_2.jpg,data/wood_species/raw/walnut/test_1244_2.jpg,200,200,3,4034
WOOD-AUTH,test,2,walnut,1245_2.jpg,test_1245_2.jpg,data/wood_species/raw/walnut/test_1245_2.jpg,200,200,3,3867
WOOD-AUTH,test,2,walnut,1246_2.jpg,test_1246_2.jpg,data/wood_species/raw/walnut/test_1246_2.jpg,200,200,3,4052
WOOD-AUTH,test,2,walnut,1247_2.jpg,test_1247_2.jpg,data/wood_species/raw/walnut/test_1247_2.jpg,200,200,3,3900
WOOD-AUTH,test,2,walnut,1248_2.jpg,test_1248_2.jpg,data/wood_species/raw/walnut/test_1248_2.jpg,200,200,3,3847
WOOD-AUTH,test,2,walnut,1249_2.jpg,test_1249_2.jpg,data/wood_species/raw/walnut/test_1249_2.jpg,200,200,3,4625
WOOD-AUTH,test,2,walnut,1250_2.jpg,test_1250_2.jpg,data/wood_species/raw/walnut/test_1250_2.jpg,200,200,3,3951
WOOD-AUTH,test,2,walnut,1251_2.jpg,test_1251_2.jpg,data/wood_species/raw/walnut/test_1251_2.jpg,200,200,3,4426
WOOD-AUTH,test,2,walnut,1252_2.jpg,test_1252_2.jpg,data/wood_species/raw/walnut/test_1252_2.jpg,200,200,3,3915
WOOD-AUTH,test,2,walnut,1253_2.jpg,test_1253_2.jpg,data/wood_species/raw/walnut/test_1253_2.jpg,200,200,3,5903
WOOD-AUTH,test,2,walnut,1254_2.jpg,test_1254_2.jpg,data/wood_species/raw/walnut/test_1254_2.jpg,200,200,3,6094
WOOD-AUTH,test,2,walnut,1255_2.jpg,test_1255_2.jpg,data/wood_species/raw/walnut/test_1255_2.jpg,200,200,3,6471
WOOD-AUTH,test,2,walnut,1256_2.jpg,test_1256_2.jpg,data/wood_species/raw/walnut/test_1256_2.jpg,200,200,3,6282
WOOD-AUTH,test,2,walnut,1257_2.jpg,test_1257_2.jpg,data/wood_species/raw/walnut/test_1257_2.jpg,200,200,3,6739
WOOD-AUTH,test,2,walnut,1258_2.jpg,test_1258_2.jpg,data/wood_species/raw/walnut/test_1258_2.jpg,200,200,3,6823
WOOD-AUTH,test,2,walnut,1259_2.jpg,test_1259_2.jpg,data/wood_species/raw/walnut/test_1259_2.jpg,200,200,3,6522
WOOD-AUTH,test,2,walnut,1260_2.jpg,test_1260_2.jpg,data/wood_species/raw/walnut/test_1260_2.jpg,200,200,3,7037
WOOD-AUTH,test,2,walnut,1261_2.jpg,test_1261_2.jpg,data/wood_species/raw/walnut/test_1261_2.jpg,200,200,3,5063
WOOD-AUTH,test,2,walnut,1262_2.jpg,test_1262_2.jpg,data/wood_species/raw/walnut/test_1262_2.jpg,200,200,3,4808
WOOD-AUTH,test,2,walnut,1263_2.jpg,test_1263_2.jpg,data/wood_species/raw/walnut/test_1263_2.jpg,200,200,3,4400
WOOD-AUTH,test,2,walnut,1264_2.jpg,test_1264_2.jpg,data/wood_species/raw/walnut/test_1264_2.jpg,200,200,3,4723
WOOD-AUTH,test,2,walnut,1265_2.jpg,test_1265_2.jpg,data/wood_species/raw/walnut/test_1265_2.jpg,200,200,3,4788
WOOD-AUTH,test,2,walnut,1266_2.jpg,test_1266_2.jpg,data/wood_species/raw/walnut/test_1266_2.jpg,200,200,3,4702
WOOD-AUTH,test,2,walnut,1267_2.jpg,test_1267_2.jpg,data/wood_species/raw/walnut/test_1267_2.jpg,200,200,3,5062
WOOD-AUTH,test,2,walnut,1268_2.jpg,test_1268_2.jpg,data/wood_species/raw/walnut/test_1268_2.jpg,200,200,3,4817
WOOD-AUTH,test,2,walnut,1269_2.jpg,test_1269_2.jpg,data/wood_species/raw/walnut/test_1269_2.jpg,200,200,3,7447
WOOD-AUTH,test,2,walnut,1270_2.jpg,test_1270_2.jpg,data/wood_species/raw/walnut/test_1270_2.jpg,200,200,3,7511
WOOD-AUTH,test,2,walnut,1271_2.jpg,test_1271_2.jpg,data/wood_species/raw/walnut/test_1271_2.jpg,200,200,3,6962
WOOD-AUTH,test,2,walnut,1272_2.jpg,test_1272_2.jpg,data/wood_species/raw/walnut/test_1272_2.jpg,200,200,3,7246
WOOD-AUTH,test,2,walnut,1273_2.jpg,test_1273_2.jpg,data/wood_species/raw/walnut/test_1273_2.jpg,200,200,3,7214
WOOD-AUTH,test,2,walnut,1274_2.jpg,test_1274_2.jpg,data/wood_species/raw/walnut/test_1274_2.jpg,200,200,3,7624
WOOD-AUTH,test,2,walnut,1275_2.jpg,test_1275_2.jpg,data/wood_species/raw/walnut/test_1275_2.jpg,200,200,3,7455
WOOD-AUTH,test,2,walnut,1276_2.jpg,test_1276_2.jpg,data/wood_species/raw/walnut/test_1276_2.jpg,200,200,3,7577
WOOD-AUTH,test,2,walnut,1277_2.jpg,test_1277_2.jpg,data/wood_species/raw/walnut/test_1277_2.jpg,200,200,3,6373
WOOD-AUTH,test,2,walnut,1278_2.jpg,test_1278_2.jpg,data/wood_species/raw/walnut/test_1278_2.jpg,200,200,3,7102
WOOD-AUTH,test,2,walnut,1279_2.jpg,test_1279_2.jpg,data/wood_species/raw/walnut/test_1279_2.jpg,200,200,3,6258
WOOD-AUTH,test,2,walnut,1280_2.jpg,test_1280_2.jpg,data/wood_species/raw/walnut/test_1280_2.jpg,200,200,3,6590
WOOD-AUTH,test,2,walnut,1281_2.jpg,test_1281_2.jpg,data/wood_species/raw/walnut/test_1281_2.jpg,200,200,3,6179
WOOD-AUTH,test,2,walnut,1282_2.jpg,test_1282_2.jpg,data/wood_species/raw/walnut/test_1282_2.jpg,200,200,3,6092
WOOD-AUTH,test,2,walnut,1283_2.jpg,test_1283_2.jpg,data/wood_species/raw/walnut/test_1283_2.jpg,200,200,3,6100
WOOD-AUTH,test,2,walnut,1284_2.jpg,test_1284_2.jpg,data/wood_species/raw/walnut/test_1284_2.jpg,200,200,3,5963
WOOD-AUTH,test,2,walnut,1285_2.jpg,test_1285_2.jpg,data/wood_species/raw/walnut/test_1285_2.jpg,200,200,3,5095
WOOD-AUTH,test,2,walnut,1286_2.jpg,test_1286_2.jpg,data/wood_species/raw/walnut/test_1286_2.jpg,200,200,3,5595
WOOD-AUTH,test,2,walnut,1287_2.jpg,test_1287_2.jpg,data/wood_species/raw/walnut/test_1287_2.jpg,200,200,3,5201
WOOD-AUTH,test,2,walnut,1288_2.jpg,test_1288_2.jpg,data/wood_species/raw/walnut/test_1288_2.jpg,200,200,3,5375
WOOD-AUTH,test,2,walnut,1289_2.jpg,test_1289_2.jpg,data/wood_species/raw/walnut/test_1289_2.jpg,200,200,3,6121
WOOD-AUTH,test,2,walnut,1290_2.jpg,test_1290_2.jpg,data/wood_species/raw/walnut/test_1290_2.jpg,200,200,3,6031
WOOD-AUTH,test,2,walnut,1291_2.jpg,test_1291_2.jpg,data/wood_species/raw/walnut/test_1291_2.jpg,200,200,3,5812
WOOD-AUTH,test,2,walnut,1292_2.jpg,test_1292_2.jpg,data/wood_species/raw/walnut/test_1292_2.jpg,200,200,3,5854
WOOD-AUTH,test,2,walnut,1293_2.jpg,test_1293_2.jpg,data/wood_species/raw/walnut/test_1293_2.jpg,200,200,3,6059
WOOD-AUTH,test,2,walnut,1294_2.jpg,test_1294_2.jpg,data/wood_species/raw/walnut/test_1294_2.jpg,200,200,3,5968
WOOD-AUTH,test,2,walnut,1295_2.jpg,test_1295_2.jpg,data/wood_species/raw/walnut/test_1295_2.jpg,200,200,3,5572
WOOD-AUTH,test,2,walnut,1296_2.jpg,test_1296_2.jpg,data/wood_species/raw/walnut/test_1296_2.jpg,200,200,3,5500
WOOD-AUTH,test,2,walnut,1297_2.jpg,test_1297_2.jpg,data/wood_species/raw/walnut/test_1297_2.jpg,200,200,3,7669
WOOD-AUTH,test,2,walnut,1298_2.jpg,test_1298_2.jpg,data/wood_species/raw/walnut/test_1298_2.jpg,200,200,3,7942
WOOD-AUTH,test,2,walnut,1299_2.jpg,test_1299_2.jpg,data/wood_species/raw/walnut/test_1299_2.jpg,200,200,3,7296
WOOD-AUTH,test,2,walnut,1300_2.jpg,test_1300_2.jpg,data/wood_species/raw/walnut/test_1300_2.jpg,200,200,3,7615
WOOD-AUTH,test,2,walnut,1301_2.jpg,test_1301_2.jpg,data/wood_species/raw/walnut/test_1301_2.jpg,200,200,3,8056
WOOD-AUTH,test,2,walnut,1302_2.jpg,test_1302_2.jpg,data/wood_species/raw/walnut/test_1302_2.jpg,200,200,3,8062
WOOD-AUTH,test,2,walnut,1303_2.jpg,test_1303_2.jpg,data/wood_species/raw/walnut/test_1303_2.jpg,200,200,3,8282
WOOD-AUTH,test,2,walnut,1304_2.jpg,test_1304_2.jpg,data/wood_species/raw/walnut/test_1304_2.jpg,200,200,3,8171
WOOD-AUTH,test,2,walnut,1305_2.jpg,test_1305_2.jpg,data/wood_species/raw/walnut/test_1305_2.jpg,200,200,3,7738
WOOD-AUTH,test,2,walnut,1306_2.jpg,test_1306_2.jpg,data/wood_species/raw/walnut/test_1306_2.jpg,200,200,3,7464
WOOD-AUTH,test,2,walnut,1307_2.jpg,test_1307_2.jpg,data/wood_species/raw/walnut/test_1307_2.jpg,200,200,3,7987
WOOD-AUTH,test,2,walnut,1308_2.jpg,test_1308_2.jpg,data/wood_species/raw/walnut/test_1308_2.jpg,200,200,3,7739
WOOD-AUTH,test,2,walnut,1309_2.jpg,test_1309_2.jpg,data/wood_species/raw/walnut/test_1309_2.jpg,200,200,3,6616
WOOD-AUTH,test,2,walnut,1310_2.jpg,test_1310_2.jpg,data/wood_species/raw/walnut/test_1310_2.jpg,200,200,3,6842
WOOD-AUTH,test,2,walnut,1311_2.jpg,test_1311_2.jpg,data/wood_species/raw/walnut/test_1311_2.jpg,200,200,3,6438
WOOD-AUTH,test,2,walnut,1312_2.jpg,test_1312_2.jpg,data/wood_species/raw/walnut/test_1312_2.jpg,200,200,3,6858
WOOD-AUTH,test,4,oak,1821_4.jpg,test_1821_4.jpg,data/wood_species/raw/oak/test_1821_4.jpg,200,200,3,5799
WOOD-AUTH,test,4,oak,1822_4.jpg,test_1822_4.jpg,data/wood_species/raw/oak/test_1822_4.jpg,200,200,3,5824
WOOD-AUTH,test,4,oak,1823_4.jpg,test_1823_4.jpg,data/wood_species/raw/oak/test_1823_4.jpg,200,200,3,5589
WOOD-AUTH,test,4,oak,1824_4.jpg,test_1824_4.jpg,data/wood_species/raw/oak/test_1824_4.jpg,200,200,3,5624
WOOD-AUTH,test,4,oak,1825_4.jpg,test_1825_4.jpg,data/wood_species/raw/oak/test_1825_4.jpg,200,200,3,6371
WOOD-AUTH,test,4,oak,1826_4.jpg,test_1826_4.jpg,data/wood_species/raw/oak/test_1826_4.jpg,200,200,3,6179
WOOD-AUTH,test,4,oak,1827_4.jpg,test_1827_4.jpg,data/wood_species/raw/oak/test_1827_4.jpg,200,200,3,6551
WOOD-AUTH,test,4,oak,1828_4.jpg,test_1828_4.jpg,data/wood_species/raw/oak/test_1828_4.jpg,200,200,3,5905
WOOD-AUTH,test,4,oak,1829_4.jpg,test_1829_4.jpg,data/wood_species/raw/oak/test_1829_4.jpg,200,200,3,4533
WOOD-AUTH,test,4,oak,1830_4.jpg,test_1830_4.jpg,data/wood_species/raw/oak/test_1830_4.jpg,200,200,3,4494
WOOD-AUTH,test,4,oak,1831_4.jpg,test_1831_4.jpg,data/wood_species/raw/oak/test_1831_4.jpg,200,200,3,4581
WOOD-AUTH,test,4,oak,1832_4.jpg,test_1832_4.jpg,data/wood_species/raw/oak/test_1832_4.jpg,200,200,3,4850
WOOD-AUTH,test,4,oak,1833_4.jpg,test_1833_4.jpg,data/wood_species/raw/oak/test_1833_4.jpg,200,200,3,4475
WOOD-AUTH,test,4,oak,1834_4.jpg,test_1834_4.jpg,data/wood_species/raw/oak/test_1834_4.jpg,200,200,3,4698
WOOD-AUTH,test,4,oak,1835_4.jpg,test_1835_4.jpg,data/wood_species/raw/oak/test_1835_4.jpg,200,200,3,4699
WOOD-AUTH,test,4,oak,1836_4.jpg,test_1836_4.jpg,data/wood_species/raw/oak/test_1836_4.jpg,200,200,3,4883
WOOD-AUTH,test,4,oak,1837_4.jpg,test_1837_4.jpg,data/wood_species/raw/oak/test_1837_4.jpg,200,200,3,4873
WOOD-AUTH,test,4,oak,1838_4.jpg,test_1838_4.jpg,data/wood_species/raw/oak/test_1838_4.jpg,200,200,3,5145
WOOD-AUTH,test,4,oak,1839_4.jpg,test_1839_4.jpg,data/wood_species/raw/oak/test_1839_4.jpg,200,200,3,4569
WOOD-AUTH,test,4,oak,1840_4.jpg,test_1840_4.jpg,data/wood_species/raw/oak/test_1840_4.jpg,200,200,3,5002
WOOD-AUTH,test,4,oak,1841_4.jpg,test_1841_4.jpg,data/wood_species/raw/oak/test_1841_4.jpg,200,200,3,4613
WOOD-AUTH,test,4,oak,1842_4.jpg,test_1842_4.jpg,data/wood_species/raw/oak/test_1842_4.jpg,200,200,3,5016
WOOD-AUTH,test,4,oak,1843_4.jpg,test_1843_4.jpg,data/wood_species/raw/oak/test_1843_4.jpg,200,200,3,4692
WOOD-AUTH,test,4,oak,1844_4.jpg,test_1844_4.jpg,data/wood_species/raw/oak/test_1844_4.jpg,200,200,3,4783
WOOD-AUTH,test,4,oak,1845_4.jpg,test_1845_4.jpg,data/wood_species/raw/oak/test_1845_4.jpg,200,200,3,4893
WOOD-AUTH,test,4,oak,1846_4.jpg,test_1846_4.jpg,data/wood_species/raw/oak/test_1846_4.jpg,200,200,3,5034
WOOD-AUTH,test,4,oak,1847_4.jpg,test_1847_4.jpg,data/wood_species/raw/oak/test_1847_4.jpg,200,200,3,5089
WOOD-AUTH,test,4,oak,1848_4.jpg,test_1848_4.jpg,data/wood_species/raw/oak/test_1848_4.jpg,200,200,3,4904
WOOD-AUTH,test,4,oak,1849_4.jpg,test_1849_4.jpg,data/wood_species/raw/oak/test_1849_4.jpg,200,200,3,6938
WOOD-AUTH,test,4,oak,1850_4.jpg,test_1850_4.jpg,data/wood_species/raw/oak/test_1850_4.jpg,200,200,3,6973
WOOD-AUTH,test,4,oak,1851_4.jpg,test_1851_4.jpg,data/wood_species/raw/oak/test_1851_4.jpg,200,200,3,7042
WOOD-AUTH,test,4,oak,1852_4.jpg,test_1852_4.jpg,data/wood_species/raw/oak/test_1852_4.jpg,200,200,3,7133
WOOD-AUTH,test,4,oak,1853_4.jpg,test_1853_4.jpg,data/wood_species/raw/oak/test_1853_4.jpg,200,200,3,6876
WOOD-AUTH,test,4,oak,1854_4.jpg,test_1854_4.jpg,data/wood_species/raw/oak/test_1854_4.jpg,200,200,3,6972
WOOD-AUTH,test,4,oak,1855_4.jpg,test_1855_4.jpg,data/wood_species/raw/oak/test_1855_4.jpg,200,200,3,6800
WOOD-AUTH,test,4,oak,1856_4.jpg,test_1856_4.jpg,data/wood_species/raw/oak/test_1856_4.jpg,200,200,3,6703
WOOD-AUTH,test,4,oak,1857_4.jpg,test_1857_4.jpg,data/wood_species/raw/oak/test_1857_4.jpg,200,200,3,8076
WOOD-AUTH,test,4,oak,1858_4.jpg,test_1858_4.jpg,data/wood_species/raw/oak/test_1858_4.jpg,200,200,3,8328
WOOD-AUTH,test,4,oak,1859_4.jpg,test_1859_4.jpg,data/wood_species/raw/oak/test_1859_4.jpg,200,200,3,8176
WOOD-AUTH,test,4,oak,1860_4.jpg,test_1860_4.jpg,data/wood_species/raw/oak/test_1860_4.jpg,200,200,3,8465
WOOD-AUTH,test,4,oak,1861_4.jpg,test_1861_4.jpg,data/wood_species/raw/oak/test_1861_4.jpg,200,200,3,5754
WOOD-AUTH,test,4,oak,1862_4.jpg,test_1862_4.jpg,data/wood_species/raw/oak/test_1862_4.jpg,200,200,3,5917
WOOD-AUTH,test,4,oak,1863_4.jpg,test_1863_4.jpg,data/wood_species/raw/oak/test_1863_4.jpg,200,200,3,5989
WOOD-AUTH,test,4,oak,1864_4.jpg,test_1864_4.jpg,data/wood_species/raw/oak/test_1864_4.jpg,200,200,3,5894
WOOD-AUTH,test,4,oak,1865_4.jpg,test_1865_4.jpg,data/wood_species/raw/oak/test_1865_4.jpg,200,200,3,6383
WOOD-AUTH,test,4,oak,1866_4.jpg,test_1866_4.jpg,data/wood_species/raw/oak/test_1866_4.jpg,200,200,3,5712
WOOD-AUTH,test,4,oak,1867_4.jpg,test_1867_4.jpg,data/wood_species/raw/oak/test_1867_4.jpg,200,200,3,6290
WOOD-AUTH,test,4,oak,1868_4.jpg,test_1868_4.jpg,data/wood_species/raw/oak/test_1868_4.jpg,200,200,3,5715
WOOD-AUTH,test,4,oak,1869_4.jpg,test_1869_4.jpg,data/wood_species/raw/oak/test_1869_4.jpg,200,200,3,4351
WOOD-AUTH,test,4,oak,1870_4.jpg,test_1870_4.jpg,data/wood_species/raw/oak/test_1870_4.jpg,200,200,3,4190
WOOD-AUTH,test,4,oak,1871_4.jpg,test_1871_4.jpg,data/wood_species/raw/oak/test_1871_4.jpg,200,200,3,5062
WOOD-AUTH,test,4,oak,1872_4.jpg,test_1872_4.jpg,data/wood_species/raw/oak/test_1872_4.jpg,200,200,3,4959
WOOD-AUTH,test,4,oak,1873_4.jpg,test_1873_4.jpg,data/wood_species/raw/oak/test_1873_4.jpg,200,200,3,4591
WOOD-AUTH,test,4,oak,1874_4.jpg,test_1874_4.jpg,data/wood_species/raw/oak/test_1874_4.jpg,200,200,3,5304
WOOD-AUTH,test,4,oak,1875_4.jpg,test_1875_4.jpg,data/wood_species/raw/oak/test_1875_4.jpg,200,200,3,4876
WOOD-AUTH,test,4,oak,1876_4.jpg,test_1876_4.jpg,data/wood_species/raw/oak/test_1876_4.jpg,200,200,3,5343
WOOD-AUTH,test,4,oak,1877_4.jpg,test_1877_4.jpg,data/wood_species/raw/oak/test_1877_4.jpg,200,200,3,5984
WOOD-AUTH,test,4,oak,1878_4.jpg,test_1878_4.jpg,data/wood_species/raw/oak/test_1878_4.jpg,200,200,3,5983
WOOD-AUTH,test,4,oak,1879_4.jpg,test_1879_4.jpg,data/wood_species/raw/oak/test_1879_4.jpg,200,200,3,6216
WOOD-AUTH,test,4,oak,1880_4.jpg,test_1880_4.jpg,data/wood_species/raw/oak/test_1880_4.jpg,200,200,3,6114
WOOD-AUTH,test,4,oak,1881_4.jpg,test_1881_4.jpg,data/wood_species/raw/oak/test_1881_4.jpg,200,200,3,6325
WOOD-AUTH,test,4,oak,1882_4.jpg,test_1882_4.jpg,data/wood_species/raw/oak/test_1882_4.jpg,200,200,3,6273
WOOD-AUTH,test,4,oak,1883_4.jpg,test_1883_4.jpg,data/wood_species/raw/oak/test_1883_4.jpg,200,200,3,6690
WOOD-AUTH,test,4,oak,1884_4.jpg,test_1884_4.jpg,data/wood_species/raw/oak/test_1884_4.jpg,200,200,3,6378
WOOD-AUTH,test,4,oak,1885_4.jpg,test_1885_4.jpg,data/wood_species/raw/oak/test_1885_4.jpg,200,200,3,5517
WOOD-AUTH,test,4,oak,1886_4.jpg,test_1886_4.jpg,data/wood_species/raw/oak/test_1886_4.jpg,200,200,3,5618
WOOD-AUTH,test,4,oak,1887_4.jpg,test_1887_4.jpg,data/wood_species/raw/oak/test_1887_4.jpg,200,200,3,5942
WOOD-AUTH,test,4,oak,1888_4.jpg,test_1888_4.jpg,data/wood_species/raw/oak/test_1888_4.jpg,200,200,3,6354
WOOD-AUTH,test,4,oak,1889_4.jpg,test_1889_4.jpg,data/wood_species/raw/oak/test_1889_4.jpg,200,200,3,9554
WOOD-AUTH,test,4,oak,1890_4.jpg,test_1890_4.jpg,data/wood_species/raw/oak/test_1890_4.jpg,200,200,3,9150
WOOD-AUTH,test,4,oak,1891_4.jpg,test_1891_4.jpg,data/wood_species/raw/oak/test_1891_4.jpg,200,200,3,9882
WOOD-AUTH,test,4,oak,1892_4.jpg,test_1892_4.jpg,data/wood_species/raw/oak/test_1892_4.jpg,200,200,3,9471
WOOD-AUTH,test,4,oak,1893_4.jpg,test_1893_4.jpg,data/wood_species/raw/oak/test_1893_4.jpg,200,200,3,10037
WOOD-AUTH,test,4,oak,1894_4.jpg,test_1894_4.jpg,data/wood_species/raw/oak/test_1894_4.jpg,200,200,3,9746
WOOD-AUTH,test,4,oak,1895_4.jpg,test_1895_4.jpg,data/wood_species/raw/oak/test_1895_4.jpg,200,200,3,9949
WOOD-AUTH,test,4,oak,1896_4.jpg,test_1896_4.jpg,data/wood_species/raw/oak/test_1896_4.jpg,200,200,3,9426
WOOD-AUTH,test,4,oak,1897_4.jpg,test_1897_4.jpg,data/wood_species/raw/oak/test_1897_4.jpg,200,200,3,8715
WOOD-AUTH,test,4,oak,1898_4.jpg,test_1898_4.jpg,data/wood_species/raw/oak/test_1898_4.jpg,200,200,3,8412
WOOD-AUTH,test,4,oak,1899_4.jpg,test_1899_4.jpg,data/wood_species/raw/oak/test_1899_4.jpg,200,200,3,8602
WOOD-AUTH,test,4,oak,1900_4.jpg,test_1900_4.jpg,data/wood_species/raw/oak/test_1900_4.jpg,200,200,3,8465
WOOD-AUTH,test,4,oak,1901_4.jpg,test_1901_4.jpg,data/wood_species/raw/oak/test_1901_4.jpg,200,200,3,8110
WOOD-AUTH,test,4,oak,1902_4.jpg,test_1902_4.jpg,data/wood_species/raw/oak/test_1902_4.jpg,200,200,3,8296
WOOD-AUTH,test,4,oak,1903_4.jpg,test_1903_4.jpg,data/wood_species/raw/oak/test_1903_4.jpg,200,200,3,8471
WOOD-AUTH,test,4,oak,1904_4.jpg,test_1904_4.jpg,data/wood_species/raw/oak/test_1904_4.jpg,200,200,3,8578
WOOD-AUTH,test,4,oak,1905_4.jpg,test_1905_4.jpg,data/wood_species/raw/oak/test_1905_4.jpg,200,200,3,5044
WOOD-AUTH,test,4,oak,1906_4.jpg,test_1906_4.jpg,data/wood_species/raw/oak/test_1906_4.jpg,200,200,3,4782
WOOD-AUTH,test,4,oak,1907_4.jpg,test_1907_4.jpg,data/wood_species/raw/oak/test_1907_4.jpg,200,200,3,4910
WOOD-AUTH,test,4,oak,1908_4.jpg,test_1908_4.jpg,data/wood_species/raw/oak/test_1908_4.jpg,200,200,3,4841
WOOD-AUTH,test,4,oak,1909_4.jpg,test_1909_4.jpg,data/wood_species/raw/oak/test_1909_4.jpg,200,200,3,4828
WOOD-AUTH,test,4,oak,1910_4.jpg,test_1910_4.jpg,data/wood_species/raw/oak/test_1910_4.jpg,200,200,3,4607
WOOD-AUTH,test,4,oak,1911_4.jpg,test_1911_4.jpg,data/wood_species/raw/oak/test_1911_4.jpg,200,200,3,4949
WOOD-AUTH,test,4,oak,1912_4.jpg,test_1912_4.jpg,data/wood_species/raw/oak/test_1912_4.jpg,200,200,3,4561
WOOD-AUTH,test,4,oak,1913_4.jpg,test_1913_4.jpg,data/wood_species/raw/oak/test_1913_4.jpg,200,200,3,4867
WOOD-AUTH,test,4,oak,1914_4.jpg,test_1914_4.jpg,data/wood_species/raw/oak/test_1914_4.jpg,200,200,3,4824
WOOD-AUTH,test,4,oak,1915_4.jpg,test_1915_4.jpg,data/wood_species/raw/oak/test_1915_4.jpg,200,200,3,5072
WOOD-AUTH,test,4,oak,1916_4.jpg,test_1916_4.jpg,data/wood_species/raw/oak/test_1916_4.jpg,200,200,3,4879
WOOD-AUTH,test,4,oak,1917_4.jpg,test_1917_4.jpg,data/wood_species/raw/oak/test_1917_4.jpg,200,200,3,6269
WOOD-AUTH,test,4,oak,1918_4.jpg,test_1918_4.jpg,data/wood_species/raw/oak/test_1918_4.jpg,200,200,3,6531
WOOD-AUTH,test,4,oak,1919_4.jpg,test_1919_4.jpg,data/wood_species/raw/oak/test_1919_4.jpg,200,200,3,6283
WOOD-AUTH,test,4,oak,1920_4.jpg,test_1920_4.jpg,data/wood_species/raw/oak/test_1920_4.jpg,200,200,3,6510
WOOD-AUTH,test,4,oak,1921_4.jpg,test_1921_4.jpg,data/wood_species/raw/oak/test_1921_4.jpg,200,200,3,4481
WOOD-AUTH,test,4,oak,1922_4.jpg,test_1922_4.jpg,data/wood_species/raw/oak/test_1922_4.jpg,200,200,3,4549
WOOD-AUTH,test,4,oak,1923_4.jpg,test_1923_4.jpg,data/wood_species/raw/oak/test_1923_4.jpg,200,200,3,4542
WOOD-AUTH,test,4,oak,1924_4.jpg,test_1924_4.jpg,data/wood_species/raw/oak/test_1924_4.jpg,200,200,3,4466
WOOD-AUTH,test,4,oak,1925_4.jpg,test_1925_4.jpg,data/wood_species/raw/oak/test_1925_4.jpg,200,200,3,5158
WOOD-AUTH,test,4,oak,1926_4.jpg,test_1926_4.jpg,data/wood_species/raw/oak/test_1926_4.jpg,200,200,3,5240
WOOD-AUTH,test,4,oak,1927_4.jpg,test_1927_4.jpg,data/wood_species/raw/oak/test_1927_4.jpg,200,200,3,5022
WOOD-AUTH,test,4,oak,1928_4.jpg,test_1928_4.jpg,data/wood_species/raw/oak/test_1928_4.jpg,200,200,3,5182
WOOD-AUTH,test,4,oak,1929_4.jpg,test_1929_4.jpg,data/wood_species/raw/oak/test_1929_4.jpg,200,200,3,4717
WOOD-AUTH,test,4,oak,1930_4.jpg,test_1930_4.jpg,data/wood_species/raw/oak/test_1930_4.jpg,200,200,3,4866
WOOD-AUTH,test,4,oak,1931_4.jpg,test_1931_4.jpg,data/wood_species/raw/oak/test_1931_4.jpg,200,200,3,4863
WOOD-AUTH,test,4,oak,1932_4.jpg,test_1932_4.jpg,data/wood_species/raw/oak/test_1932_4.jpg,200,200,3,5221
WOOD-AUTH,test,4,oak,1933_4.jpg,test_1933_4.jpg,data/wood_species/raw/oak/test_1933_4.jpg,200,200,3,7246
WOOD-AUTH,test,4,oak,1934_4.jpg,test_1934_4.jpg,data/wood_species/raw/oak/test_1934_4.jpg,200,200,3,6845
WOOD-AUTH,test,4,oak,1935_4.jpg,test_1935_4.jpg,data/wood_species/raw/oak/test_1935_4.jpg,200,200,3,7564
WOOD-AUTH,test,4,oak,1936_4.jpg,test_1936_4.jpg,data/wood_species/raw/oak/test_1936_4.jpg,200,200,3,7126
WOOD-AUTH,test,4,oak,1937_4.jpg,test_1937_4.jpg,data/wood_species/raw/oak/test_1937_4.jpg,200,200,3,6562
WOOD-AUTH,test,4,oak,1938_4.jpg,test_1938_4.jpg,data/wood_species/raw/oak/test_1938_4.jpg,200,200,3,6433
WOOD-AUTH,test,4,oak,1939_4.jpg,test_1939_4.jpg,data/wood_species/raw/oak/test_1939_4.jpg,200,200,3,6876
WOOD-AUTH,test,4,oak,1940_4.jpg,test_1940_4.jpg,data/wood_species/raw/oak/test_1940_4.jpg,200,200,3,6492
WOOD-AUTH,test,4,oak,1941_4.jpg,test_1941_4.jpg,data/wood_species/raw/oak/test_1941_4.jpg,200,200,3,7583
WOOD-AUTH,test,4,oak,1942_4.jpg,test_1942_4.jpg,data/wood_species/raw/oak/test_1942_4.jpg,200,200,3,7016
WOOD-AUTH,test,4,oak,1943_4.jpg,test_1943_4.jpg,data/wood_species/raw/oak/test_1943_4.jpg,200,200,3,7490
WOOD-AUTH,test,4,oak,1944_4.jpg,test_1944_4.jpg,data/wood_species/raw/oak/test_1944_4.jpg,200,200,3,6842
WOOD-AUTH,test,4,oak,1945_4.jpg,test_1945_4.jpg,data/wood_species/raw/oak/test_1945_4.jpg,200,200,3,6341
WOOD-AUTH,test,4,oak,1946_4.jpg,test_1946_4.jpg,data/wood_species/raw/oak/test_1946_4.jpg,200,200,3,6083
WOOD-AUTH,test,4,oak,1947_4.jpg,test_1947_4.jpg,data/wood_species/raw/oak/test_1947_4.jpg,200,200,3,6465
WOOD-AUTH,test,4,oak,1948_4.jpg,test_1948_4.jpg,data/wood_species/raw/oak/test_1948_4.jpg,200,200,3,6232
WOOD-AUTH,test,4,oak,1949_4.jpg,test_1949_4.jpg,data/wood_species/raw/oak/test_1949_4.jpg,200,200,3,5794
WOOD-AUTH,test,4,oak,1950_4.jpg,test_1950_4.jpg,data/wood_species/raw/oak/test_1950_4.jpg,200,200,3,5953
WOOD-AUTH,test,4,oak,1951_4.jpg,test_1951_4.jpg,data/wood_species/raw/oak/test_1951_4.jpg,200,200,3,5721
WOOD-AUTH,test,4,oak,1952_4.jpg,test_1952_4.jpg,data/wood_species/raw/oak/test_1952_4.jpg,200,200,3,5930
WOOD-AUTH,test,4,oak,1953_4.jpg,test_1953_4.jpg,data/wood_species/raw/oak/test_1953_4.jpg,200,200,3,5321
WOOD-AUTH,test,4,oak,1954_4.jpg,test_1954_4.jpg,data/wood_species/raw/oak/test_1954_4.jpg,200,200,3,5138
WOOD-AUTH,test,4,oak,1955_4.jpg,test_1955_4.jpg,data/wood_species/raw/oak/test_1955_4.jpg,200,200,3,5366
WOOD-AUTH,test,4,oak,1956_4.jpg,test_1956_4.jpg,data/wood_species/raw/oak/test_1956_4.jpg,200,200,3,4952
WOOD-AUTH,test,4,oak,1957_4.jpg,test_1957_4.jpg,data/wood_species/raw/oak/test_1957_4.jpg,200,200,3,7534
WOOD-AUTH,test,4,oak,1958_4.jpg,test_1958_4.jpg,data/wood_species/raw/oak/test_1958_4.jpg,200,200,3,7334
WOOD-AUTH,test,4,oak,1959_4.jpg,test_1959_4.jpg,data/wood_species/raw/oak/test_1959_4.jpg,200,200,3,6704
WOOD-AUTH,test,4,oak,1960_4.jpg,test_1960_4.jpg,data/wood_species/raw/oak/test_1960_4.jpg,200,200,3,7060
WOOD-AUTH,test,4,oak,1961_4.jpg,test_1961_4.jpg,data/wood_species/raw/oak/test_1961_4.jpg,200,200,3,5229
WOOD-AUTH,test,4,oak,1962_4.jpg,test_1962_4.jpg,data/wood_species/raw/oak/test_1962_4.jpg,200,200,3,5463
WOOD-AUTH,test,4,oak,1963_4.jpg,test_1963_4.jpg,data/wood_species/raw/oak/test_1963_4.jpg,200,200,3,5224
WOOD-AUTH,test,4,oak,1964_4.jpg,test_1964_4.jpg,data/wood_species/raw/oak/test_1964_4.jpg,200,200,3,5204
WOOD-AUTH,test,4,oak,1965_4.jpg,test_1965_4.jpg,data/wood_species/raw/oak/test_1965_4.jpg,200,200,3,5424
WOOD-AUTH,test,4,oak,1966_4.jpg,test_1966_4.jpg,data/wood_species/raw/oak/test_1966_4.jpg,200,200,3,5133
WOOD-AUTH,test,4,oak,1967_4.jpg,test_1967_4.jpg,data/wood_species/raw/oak/test_1967_4.jpg,200,200,3,5252
WOOD-AUTH,test,4,oak,1968_4.jpg,test_1968_4.jpg,data/wood_species/raw/oak/test_1968_4.jpg,200,200,3,5246
WOOD-AUTH,test,4,oak,1969_4.jpg,test_1969_4.jpg,data/wood_species/raw/oak/test_1969_4.jpg,200,200,3,5533
WOOD-AUTH,test,4,oak,1970_4.jpg,test_1970_4.jpg,data/wood_species/raw/oak/test_1970_4.jpg,200,200,3,5177
WOOD-AUTH,test,4,oak,1971_4.jpg,test_1971_4.jpg,data/wood_species/raw/oak/test_1971_4.jpg,200,200,3,5235
WOOD-AUTH,test,4,oak,1972_4.jpg,test_1972_4.jpg,data/wood_species/raw/oak/test_1972_4.jpg,200,200,3,5138
WOOD-AUTH,test,4,oak,1973_4.jpg,test_1973_4.jpg,data/wood_species/raw/oak/test_1973_4.jpg,200,200,3,5735
WOOD-AUTH,test,4,oak,1974_4.jpg,test_1974_4.jpg,data/wood_species/raw/oak/test_1974_4.jpg,200,200,3,5380
WOOD-AUTH,test,4,oak,1975_4.jpg,test_1975_4.jpg,data/wood_species/raw/oak/test_1975_4.jpg,200,200,3,5870
WOOD-AUTH,test,4,oak,1976_4.jpg,test_1976_4.jpg,data/wood_species/raw/oak/test_1976_4.jpg,200,200,3,5665
WOOD-AUTH,test,4,oak,1977_4.jpg,test_1977_4.jpg,data/wood_species/raw/oak/test_1977_4.jpg,200,200,3,6848
WOOD-AUTH,test,4,oak,1978_4.jpg,test_1978_4.jpg,data/wood_species/raw/oak/test_1978_4.jpg,200,200,3,6763
WOOD-AUTH,test,4,oak,1979_4.jpg,test_1979_4.jpg,data/wood_species/raw/oak/test_1979_4.jpg,200,200,3,7063
WOOD-AUTH,test,4,oak,1980_4.jpg,test_1980_4.jpg,data/wood_species/raw/oak/test_1980_4.jpg,200,200,3,6859
WOOD-AUTH,test,4,oak,1981_4.jpg,test_1981_4.jpg,data/wood_species/raw/oak/test_1981_4.jpg,200,200,3,5952
WOOD-AUTH,test,4,oak,1982_4.jpg,test_1982_4.jpg,data/wood_species/raw/oak/test_1982_4.jpg,200,200,3,6061
WOOD-AUTH,test,4,oak,1983_4.jpg,test_1983_4.jpg,data/wood_species/raw/oak/test_1983_4.jpg,200,200,3,5699
WOOD-AUTH,test,4,oak,1984_4.jpg,test_1984_4.jpg,data/wood_species/raw/oak/test_1984_4.jpg,200,200,3,5860
WOOD-AUTH,test,4,oak,1985_4.jpg,test_1985_4.jpg,data/wood_species/raw/oak/test_1985_4.jpg,200,200,3,5849
WOOD-AUTH,test,4,oak,1986_4.jpg,test_1986_4.jpg,data/wood_species/raw/oak/test_1986_4.jpg,200,200,3,5639
WOOD-AUTH,test,4,oak,1987_4.jpg,test_1987_4.jpg,data/wood_species/raw/oak/test_1987_4.jpg,200,200,3,5563
WOOD-AUTH,test,4,oak,1988_4.jpg,test_1988_4.jpg,data/wood_species/raw/oak/test_1988_4.jpg,200,200,3,5862
WOOD-AUTH,test,4,oak,1989_4.jpg,test_1989_4.jpg,data/wood_species/raw/oak/test_1989_4.jpg,200,200,3,7966
WOOD-AUTH,test,4,oak,1990_4.jpg,test_1990_4.jpg,data/wood_species/raw/oak/test_1990_4.jpg,200,200,3,8028
WOOD-AUTH,test,4,oak,1991_4.jpg,test_1991_4.jpg,data/wood_species/raw/oak/test_1991_4.jpg,200,200,3,8014
WOOD-AUTH,test,4,oak,1992_4.jpg,test_1992_4.jpg,data/wood_species/raw/oak/test_1992_4.jpg,200,200,3,8045
WOOD-AUTH,test,4,oak,1993_4.jpg,test_1993_4.jpg,data/wood_species/raw/oak/test_1993_4.jpg,200,200,3,7525
WOOD-AUTH,test,4,oak,1994_4.jpg,test_1994_4.jpg,data/wood_species/raw/oak/test_1994_4.jpg,200,200,3,7988
WOOD-AUTH,test,4,oak,1995_4.jpg,test_1995_4.jpg,data/wood_species/raw/oak/test_1995_4.jpg,200,200,3,7532
WOOD-AUTH,test,4,oak,1996_4.jpg,test_1996_4.jpg,data/wood_species/raw/oak/test_1996_4.jpg,200,200,3,7843
WOOD-AUTH,test,4,oak,1997_4.jpg,test_1997_4.jpg,data/wood_species/raw/oak/test_1997_4.jpg,200,200,3,5013
WOOD-AUTH,test,4,oak,1998_4.jpg,test_1998_4.jpg,data/wood_species/raw/oak/test_1998_4.jpg,200,200,3,4582
WOOD-AUTH,test,4,oak,1999_4.jpg,test_1999_4.jpg,data/wood_species/raw/oak/test_1999_4.jpg,200,200,3,4576
WOOD-AUTH,test,4,oak,2000_4.jpg,test_2000_4.jpg,data/wood_species/raw/oak/test_2000_4.jpg,200,200,3,4628
WOOD-AUTH,test,4,oak,2001_4.jpg,test_2001_4.jpg,data/wood_species/raw/oak/test_2001_4.jpg,200,200,3,7968
WOOD-AUTH,test,4,oak,2002_4.jpg,test_2002_4.jpg,data/wood_species/raw/oak/test_2002_4.jpg,200,200,3,7529
WOOD-AUTH,test,4,oak,2003_4.jpg,test_2003_4.jpg,data/wood_species/raw/oak/test_2003_4.jpg,200,200,3,7728
WOOD-AUTH,test,4,oak,2004_4.jpg,test_2004_4.jpg,data/wood_species/raw/oak/test_2004_4.jpg,200,200,3,7517
WOOD-AUTH,test,4,oak,2005_4.jpg,test_2005_4.jpg,data/wood_species/raw/oak/test_2005_4.jpg,200,200,3,9357
WOOD-AUTH,test,4,oak,2006_4.jpg,test_2006_4.jpg,data/wood_species/raw/oak/test_2006_4.jpg,200,200,3,9183
WOOD-AUTH,test,4,oak,2007_4.jpg,test_2007_4.jpg,data/wood_species/raw/oak/test_2007_4.jpg,200,200,3,9240
WOOD-AUTH,test,4,oak,2008_4.jpg,test_2008_4.jpg,data/wood_species/raw/oak/test_2008_4.jpg,200,200,3,8875
WOOD-AUTH,test,4,oak,2009_4.jpg,test_2009_4.jpg,data/wood_species/raw/oak/test_2009_4.jpg,200,200,3,8882
WOOD-AUTH,test,4,oak,2010_4.jpg,test_2010_4.jpg,data/wood_species/raw/oak/test_2010_4.jpg,200,200,3,8582
WOOD-AUTH,test,4,oak,2011_4.jpg,test_2011_4.jpg,data/wood_species/raw/oak/test_2011_4.jpg,200,200,3,8833
WOOD-AUTH,test,4,oak,2012_4.jpg,test_2012_4.jpg,data/wood_species/raw/oak/test_2012_4.jpg,200,200,3,8585
WOOD-AUTH,test,4,oak,2013_4.jpg,test_2013_4.jpg,data/wood_species/raw/oak/test_2013_4.jpg,200,200,3,6982
WOOD-AUTH,test,4,oak,2014_4.jpg,test_2014_4.jpg,data/wood_species/raw/oak/test_2014_4.jpg,200,200,3,6968
WOOD-AUTH,test,4,oak,2015_4.jpg,test_2015_4.jpg,data/wood_species/raw/oak/test_2015_4.jpg,200,200,3,7329
WOOD-AUTH,test,4,oak,2016_4.jpg,test_2016_4.jpg,data/wood_species/raw/oak/test_2016_4.jpg,200,200,3,6809
WOOD-AUTH,test,4,oak,2017_4.jpg,test_2017_4.jpg,data/wood_species/raw/oak/test_2017_4.jpg,200,200,3,6259
WOOD-AUTH,test,4,oak,2018_4.jpg,test_2018_4.jpg,data/wood_species/raw/oak/test_2018_4.jpg,200,200,3,6269
WOOD-AUTH,test,4,oak,2019_4.jpg,test_2019_4.jpg,data/wood_species/raw/oak/test_2019_4.jpg,200,200,3,7241
WOOD-AUTH,test,4,oak,2020_4.jpg,test_2020_4.jpg,data/wood_species/raw/oak/test_2020_4.jpg,200,200,3,7076
WOOD-AUTH,test,8,pine,2621_8.jpg,test_2621_8.jpg,data/wood_species/raw/pine/test_2621_8.jpg,200,200,3,5756
WOOD-AUTH,test,8,pine,2622_8.jpg,test_2622_8.jpg,data/wood_species/raw/pine/test_2622_8.jpg,200,200,3,5859
WOOD-AUTH,test,8,pine,2623_8.jpg,test_2623_8.jpg,data/wood_species/raw/pine/test_2623_8.jpg,200,200,3,5548
WOOD-AUTH,test,8,pine,2624_8.jpg,test_2624_8.jpg,data/wood_species/raw/pine/test_2624_8.jpg,200,200,3,5633
WOOD-AUTH,test,8,pine,2625_8.jpg,test_2625_8.jpg,data/wood_species/raw/pine/test_2625_8.jpg,200,200,3,4959
WOOD-AUTH,test,8,pine,2626_8.jpg,test_2626_8.jpg,data/wood_species/raw/pine/test_2626_8.jpg,200,200,3,5348
WOOD-AUTH,test,8,pine,2627_8.jpg,test_2627_8.jpg,data/wood_species/raw/pine/test_2627_8.jpg,200,200,3,5247
WOOD-AUTH,test,8,pine,2628_8.jpg,test_2628_8.jpg,data/wood_species/raw/pine/test_2628_8.jpg,200,200,3,5408
WOOD-AUTH,test,8,pine,2629_8.jpg,test_2629_8.jpg,data/wood_species/raw/pine/test_2629_8.jpg,200,200,3,6430
WOOD-AUTH,test,8,pine,2630_8.jpg,test_2630_8.jpg,data/wood_species/raw/pine/test_2630_8.jpg,200,200,3,6682
WOOD-AUTH,test,8,pine,2631_8.jpg,test_2631_8.jpg,data/wood_species/raw/pine/test_2631_8.jpg,200,200,3,6046
WOOD-AUTH,test,8,pine,2632_8.jpg,test_2632_8.jpg,data/wood_species/raw/pine/test_2632_8.jpg,200,200,3,6112
WOOD-AUTH,test,8,pine,2633_8.jpg,test_2633_8.jpg,data/wood_species/raw/pine/test_2633_8.jpg,200,200,3,7903
WOOD-AUTH,test,8,pine,2634_8.jpg,test_2634_8.jpg,data/wood_species/raw/pine/test_2634_8.jpg,200,200,3,7836
WOOD-AUTH,test,8,pine,2635_8.jpg,test_2635_8.jpg,data/wood_species/raw/pine/test_2635_8.jpg,200,200,3,7721
WOOD-AUTH,test,8,pine,2636_8.jpg,test_2636_8.jpg,data/wood_species/raw/pine/test_2636_8.jpg,200,200,3,7542
WOOD-AUTH,test,8,pine,2637_8.jpg,test_2637_8.jpg,data/wood_species/raw/pine/test_2637_8.jpg,200,200,3,5605
WOOD-AUTH,test,8,pine,2638_8.jpg,test_2638_8.jpg,data/wood_species/raw/pine/test_2638_8.jpg,200,200,3,5539
WOOD-AUTH,test,8,pine,2639_8.jpg,test_2639_8.jpg,data/wood_species/raw/pine/test_2639_8.jpg,200,200,3,6223
WOOD-AUTH,test,8,pine,2640_8.jpg,test_2640_8.jpg,data/wood_species/raw/pine/test_2640_8.jpg,200,200,3,5759
WOOD-AUTH,test,8,pine,2641_8.jpg,test_2641_8.jpg,data/wood_species/raw/pine/test_2641_8.jpg,200,200,3,5065
WOOD-AUTH,test,8,pine,2642_8.jpg,test_2642_8.jpg,data/wood_species/raw/pine/test_2642_8.jpg,200,200,3,5163
WOOD-AUTH,test,8,pine,2643_8.jpg,test_2643_8.jpg,data/wood_species/raw/pine/test_2643_8.jpg,200,200,3,4986
WOOD-AUTH,test,8,pine,2644_8.jpg,test_2644_8.jpg,data/wood_species/raw/pine/test_2644_8.jpg,200,200,3,5226
WOOD-AUTH,test,8,pine,2645_8.jpg,test_2645_8.jpg,data/wood_species/raw/pine/test_2645_8.jpg,200,200,3,5224
WOOD-AUTH,test,8,pine,2646_8.jpg,test_2646_8.jpg,data/wood_species/raw/pine/test_2646_8.jpg,200,200,3,5339
WOOD-AUTH,test,8,pine,2647_8.jpg,test_2647_8.jpg,data/wood_species/raw/pine/test_2647_8.jpg,200,200,3,5332
WOOD-AUTH,test,8,pine,2648_8.jpg,test_2648_8.jpg,data/wood_species/raw/pine/test_2648_8.jpg,200,200,3,5530
WOOD-AUTH,test,8,pine,2649_8.jpg,test_2649_8.jpg,data/wood_species/raw/pine/test_2649_8.jpg,200,200,3,6690
WOOD-AUTH,test,8,pine,2650_8.jpg,test_2650_8.jpg,data/wood_species/raw/pine/test_2650_8.jpg,200,200,3,6527
WOOD-AUTH,test,8,pine,2651_8.jpg,test_2651_8.jpg,data/wood_species/raw/pine/test_2651_8.jpg,200,200,3,6204
WOOD-AUTH,test,8,pine,2652_8.jpg,test_2652_8.jpg,data/wood_species/raw/pine/test_2652_8.jpg,200,200,3,6195
WOOD-AUTH,test,8,pine,2653_8.jpg,test_2653_8.jpg,data/wood_species/raw/pine/test_2653_8.jpg,200,200,3,8319
WOOD-AUTH,test,8,pine,2654_8.jpg,test_2654_8.jpg,data/wood_species/raw/pine/test_2654_8.jpg,200,200,3,7884
WOOD-AUTH,test,8,pine,2655_8.jpg,test_2655_8.jpg,data/wood_species/raw/pine/test_2655_8.jpg,200,200,3,8178
WOOD-AUTH,test,8,pine,2656_8.jpg,test_2656_8.jpg,data/wood_species/raw/pine/test_2656_8.jpg,200,200,3,7802
WOOD-AUTH,test,8,pine,2657_8.jpg,test_2657_8.jpg,data/wood_species/raw/pine/test_2657_8.jpg,200,200,3,8123
WOOD-AUTH,test,8,pine,2658_8.jpg,test_2658_8.jpg,data/wood_species/raw/pine/test_2658_8.jpg,200,200,3,8104
WOOD-AUTH,test,8,pine,2659_8.jpg,test_2659_8.jpg,data/wood_species/raw/pine/test_2659_8.jpg,200,200,3,8073
WOOD-AUTH,test,8,pine,2660_8.jpg,test_2660_8.jpg,data/wood_species/raw/pine/test_2660_8.jpg,200,200,3,8011
WOOD-AUTH,test,8,pine,2661_8.jpg,test_2661_8.jpg,data/wood_species/raw/pine/test_2661_8.jpg,200,200,3,5689
WOOD-AUTH,test,8,pine,2662_8.jpg,test_2662_8.jpg,data/wood_species/raw/pine/test_2662_8.jpg,200,200,3,5852
WOOD-AUTH,test,8,pine,2663_8.jpg,test_2663_8.jpg,data/wood_species/raw/pine/test_2663_8.jpg,200,200,3,5745
WOOD-AUTH,test,8,pine,2664_8.jpg,test_2664_8.jpg,data/wood_species/raw/pine/test_2664_8.jpg,200,200,3,5896
WOOD-AUTH,test,8,pine,2665_8.jpg,test_2665_8.jpg,data/wood_species/raw/pine/test_2665_8.jpg,200,200,3,6537
WOOD-AUTH,test,8,pine,2666_8.jpg,test_2666_8.jpg,data/wood_species/raw/pine/test_2666_8.jpg,200,200,3,6587
WOOD-AUTH,test,8,pine,2667_8.jpg,test_2667_8.jpg,data/wood_species/raw/pine/test_2667_8.jpg,200,200,3,6525
WOOD-AUTH,test,8,pine,2668_8.jpg,test_2668_8.jpg,data/wood_species/raw/pine/test_2668_8.jpg,200,200,3,6626
WOOD-AUTH,test,8,pine,2669_8.jpg,test_2669_8.jpg,data/wood_species/raw/pine/test_2669_8.jpg,200,200,3,4773
WOOD-AUTH,test,8,pine,2670_8.jpg,test_2670_8.jpg,data/wood_species/raw/pine/test_2670_8.jpg,200,200,3,5020
WOOD-AUTH,test,8,pine,2671_8.jpg,test_2671_8.jpg,data/wood_species/raw/pine/test_2671_8.jpg,200,200,3,5064
WOOD-AUTH,test,8,pine,2672_8.jpg,test_2672_8.jpg,data/wood_species/raw/pine/test_2672_8.jpg,200,200,3,4884
WOOD-AUTH,test,8,pine,2673_8.jpg,test_2673_8.jpg,data/wood_species/raw/pine/test_2673_8.jpg,200,200,3,4540
WOOD-AUTH,test,8,pine,2674_8.jpg,test_2674_8.jpg,data/wood_species/raw/pine/test_2674_8.jpg,200,200,3,4555
WOOD-AUTH,test,8,pine,2675_8.jpg,test_2675_8.jpg,data/wood_species/raw/pine/test_2675_8.jpg,200,200,3,5195
WOOD-AUTH,test,8,pine,2676_8.jpg,test_2676_8.jpg,data/wood_species/raw/pine/test_2676_8.jpg,200,200,3,5204
WOOD-AUTH,test,8,pine,2677_8.jpg,test_2677_8.jpg,data/wood_species/raw/pine/test_2677_8.jpg,200,200,3,6111
WOOD-AUTH,test,8,pine,2678_8.jpg,test_2678_8.jpg,data/wood_species/raw/pine/test_2678_8.jpg,200,200,3,6173
WOOD-AUTH,test,8,pine,2679_8.jpg,test_2679_8.jpg,data/wood_species/raw/pine/test_2679_8.jpg,200,200,3,6093
WOOD-AUTH,test,8,pine,2680_8.jpg,test_2680_8.jpg,data/wood_species/raw/pine/test_2680_8.jpg,200,200,3,6219
WOOD-AUTH,test,8,pine,2681_8.jpg,test_2681_8.jpg,data/wood_species/raw/pine/test_2681_8.jpg,200,200,3,5066
WOOD-AUTH,test,8,pine,2682_8.jpg,test_2682_8.jpg,data/wood_species/raw/pine/test_2682_8.jpg,200,200,3,5643
WOOD-AUTH,test,8,pine,2683_8.jpg,test_2683_8.jpg,data/wood_species/raw/pine/test_2683_8.jpg,200,200,3,5832
WOOD-AUTH,test,8,pine,2684_8.jpg,test_2684_8.jpg,data/wood_species/raw/pine/test_2684_8.jpg,200,200,3,5931
WOOD-AUTH,test,8,pine,2685_8.jpg,test_2685_8.jpg,data/wood_species/raw/pine/test_2685_8.jpg,200,200,3,5647
WOOD-AUTH,test,8,pine,2686_8.jpg,test_2686_8.jpg,data/wood_species/raw/pine/test_2686_8.jpg,200,200,3,5804
WOOD-AUTH,test,8,pine,2687_8.jpg,test_2687_8.jpg,data/wood_species/raw/pine/test_2687_8.jpg,200,200,3,5726
WOOD-AUTH,test,8,pine,2688_8.jpg,test_2688_8.jpg,data/wood_species/raw/pine/test_2688_8.jpg,200,200,3,5684
WOOD-AUTH,test,8,pine,2689_8.jpg,test_2689_8.jpg,data/wood_species/raw/pine/test_2689_8.jpg,200,200,3,6464
WOOD-AUTH,test,8,pine,2690_8.jpg,test_2690_8.jpg,data/wood_species/raw/pine/test_2690_8.jpg,200,200,3,6591
WOOD-AUTH,test,8,pine,2691_8.jpg,test_2691_8.jpg,data/wood_species/raw/pine/test_2691_8.jpg,200,200,3,6604
WOOD-AUTH,test,8,pine,2692_8.jpg,test_2692_8.jpg,data/wood_species/raw/pine/test_2692_8.jpg,200,200,3,6619
WOOD-AUTH,test,8,pine,2693_8.jpg,test_2693_8.jpg,data/wood_species/raw/pine/test_2693_8.jpg,200,200,3,6526
WOOD-AUTH,test,8,pine,2694_8.jpg,test_2694_8.jpg,data/wood_species/raw/pine/test_2694_8.jpg,200,200,3,6661
WOOD-AUTH,test,8,pine,2695_8.jpg,test_2695_8.jpg,data/wood_species/raw/pine/test_2695_8.jpg,200,200,3,6358
WOOD-AUTH,test,8,pine,2696_8.jpg,test_2696_8.jpg,data/wood_species/raw/pine/test_2696_8.jpg,200,200,3,6491
WOOD-AUTH,test,8,pine,2697_8.jpg,test_2697_8.jpg,data/wood_species/raw/pine/test_2697_8.jpg,200,200,3,7856
WOOD-AUTH,test,8,pine,2698_8.jpg,test_2698_8.jpg,data/wood_species/raw/pine/test_2698_8.jpg,200,200,3,7553
WOOD-AUTH,test,8,pine,2699_8.jpg,test_2699_8.jpg,data/wood_species/raw/pine/test_2699_8.jpg,200,200,3,7663
WOOD-AUTH,test,8,pine,2700_8.jpg,test_2700_8.jpg,data/wood_species/raw/pine/test_2700_8.jpg,200,200,3,7460
WOOD-AUTH,test,8,pine,2701_8.jpg,test_2701_8.jpg,data/wood_species/raw/pine/test_2701_8.jpg,200,200,3,3353
WOOD-AUTH,test,8,pine,2702_8.jpg,test_2702_8.jpg,data/wood_species/raw/pine/test_2702_8.jpg,200,200,3,3446
WOOD-AUTH,test,8,pine,2703_8.jpg,test_2703_8.jpg,data/wood_species/raw/pine/test_2703_8.jpg,200,200,3,3770
WOOD-AUTH,test,8,pine,2704_8.jpg,test_2704_8.jpg,data/wood_species/raw/pine/test_2704_8.jpg,200,200,3,3962
WOOD-AUTH,test,8,pine,2705_8.jpg,test_2705_8.jpg,data/wood_species/raw/pine/test_2705_8.jpg,200,200,3,4339
WOOD-AUTH,test,8,pine,2706_8.jpg,test_2706_8.jpg,data/wood_species/raw/pine/test_2706_8.jpg,200,200,3,4407
WOOD-AUTH,test,8,pine,2707_8.jpg,test_2707_8.jpg,data/wood_species/raw/pine/test_2707_8.jpg,200,200,3,4052
WOOD-AUTH,test,8,pine,2708_8.jpg,test_2708_8.jpg,data/wood_species/raw/pine/test_2708_8.jpg,200,200,3,4295
WOOD-AUTH,test,8,pine,2709_8.jpg,test_2709_8.jpg,data/wood_species/raw/pine/test_2709_8.jpg,200,200,3,4035
WOOD-AUTH,test,8,pine,2710_8.jpg,test_2710_8.jpg,data/wood_species/raw/pine/test_2710_8.jpg,200,200,3,3896
WOOD-AUTH,test,8,pine,2711_8.jpg,test_2711_8.jpg,data/wood_species/raw/pine/test_2711_8.jpg,200,200,3,4215
WOOD-AUTH,test,8,pine,2712_8.jpg,test_2712_8.jpg,data/wood_species/raw/pine/test_2712_8.jpg,200,200,3,4053
WOOD-AUTH,test,8,pine,2713_8.jpg,test_2713_8.jpg,data/wood_species/raw/pine/test_2713_8.jpg,200,200,3,4271
WOOD-AUTH,test,8,pine,2714_8.jpg,test_2714_8.jpg,data/wood_species/raw/pine/test_2714_8.jpg,200,200,3,4365
WOOD-AUTH,test,8,pine,2715_8.jpg,test_2715_8.jpg,data/wood_species/raw/pine/test_2715_8.jpg,200,200,3,4477
WOOD-AUTH,test,8,pine,2716_8.jpg,test_2716_8.jpg,data/wood_species/raw/pine/test_2716_8.jpg,200,200,3,4346
WOOD-AUTH,test,8,pine,2717_8.jpg,test_2717_8.jpg,data/wood_species/raw/pine/test_2717_8.jpg,200,200,3,4277
WOOD-AUTH,test,8,pine,2718_8.jpg,test_2718_8.jpg,data/wood_species/raw/pine/test_2718_8.jpg,200,200,3,4416
WOOD-AUTH,test,8,pine,2719_8.jpg,test_2719_8.jpg,data/wood_species/raw/pine/test_2719_8.jpg,200,200,3,4622
WOOD-AUTH,test,8,pine,2720_8.jpg,test_2720_8.jpg,data/wood_species/raw/pine/test_2720_8.jpg,200,200,3,4675
WOOD-AUTH,test,8,pine,2721_8.jpg,test_2721_8.jpg,data/wood_species/raw/pine/test_2721_8.jpg,200,200,3,4017
WOOD-AUTH,test,8,pine,2722_8.jpg,test_2722_8.jpg,data/wood_species/raw/pine/test_2722_8.jpg,200,200,3,4477
WOOD-AUTH,test,8,pine,2723_8.jpg,test_2723_8.jpg,data/wood_species/raw/pine/test_2723_8.jpg,200,200,3,4420
WOOD-AUTH,test,8,pine,2724_8.jpg,test_2724_8.jpg,data/wood_species/raw/pine/test_2724_8.jpg,200,200,3,4509
WOOD-AUTH,test,8,pine,2725_8.jpg,test_2725_8.jpg,data/wood_species/raw/pine/test_2725_8.jpg,200,200,3,5342
WOOD-AUTH,test,8,pine,2726_8.jpg,test_2726_8.jpg,data/wood_species/raw/pine/test_2726_8.jpg,200,200,3,5219
WOOD-AUTH,test,8,pine,2727_8.jpg,test_2727_8.jpg,data/wood_species/raw/pine/test_2727_8.jpg,200,200,3,5405
WOOD-AUTH,test,8,pine,2728_8.jpg,test_2728_8.jpg,data/wood_species/raw/pine/test_2728_8.jpg,200,200,3,5569
WOOD-AUTH,train,2,walnut,1_2.jpg,train_1_2.jpg,data/wood_species/raw/walnut/train_1_2.jpg,200,200,3,4977
WOOD-AUTH,train,2,walnut,10_2.jpg,train_10_2.jpg,data/wood_species/raw/walnut/train_10_2.jpg,200,200,3,4664
WOOD-AUTH,train,2,walnut,100_2.jpg,train_100_2.jpg,data/wood_species/raw/walnut/train_100_2.jpg,200,200,3,5073
WOOD-AUTH,train,2,walnut,101_2.jpg,train_101_2.jpg,data/wood_species/raw/walnut/train_101_2.jpg,200,200,3,5387
WOOD-AUTH,train,2,walnut,102_2.jpg,train_102_2.jpg,data/wood_species/raw/walnut/train_102_2.jpg,200,200,3,5289
WOOD-AUTH,train,2,walnut,103_2.jpg,train_103_2.jpg,data/wood_species/raw/walnut/train_103_2.jpg,200,200,3,5317
WOOD-AUTH,train,2,walnut,104_2.jpg,train_104_2.jpg,data/wood_species/raw/walnut/train_104_2.jpg,200,200,3,5152
WOOD-AUTH,train,2,walnut,105_2.jpg,train_105_2.jpg,data/wood_species/raw/walnut/train_105_2.jpg,200,200,3,5410
WOOD-AUTH,train,2,walnut,106_2.jpg,train_106_2.jpg,data/wood_species/raw/walnut/train_106_2.jpg,200,200,3,5098
WOOD-AUTH,train,2,walnut,107_2.jpg,train_107_2.jpg,data/wood_species/raw/walnut/train_107_2.jpg,200,200,3,5371
WOOD-AUTH,train,2,walnut,108_2.jpg,train_108_2.jpg,data/wood_species/raw/walnut/train_108_2.jpg,200,200,3,5151
WOOD-AUTH,train,2,walnut,109_2.jpg,train_109_2.jpg,data/wood_species/raw/walnut/train_109_2.jpg,200,200,3,4551
WOOD-AUTH,train,2,walnut,11_2.jpg,train_11_2.jpg,data/wood_species/raw/walnut/train_11_2.jpg,200,200,3,4677
WOOD-AUTH,train,2,walnut,110_2.jpg,train_110_2.jpg,data/wood_species/raw/walnut/train_110_2.jpg,200,200,3,4687
WOOD-AUTH,train,2,walnut,111_2.jpg,train_111_2.jpg,data/wood_species/raw/walnut/train_111_2.jpg,200,200,3,4586
WOOD-AUTH,train,2,walnut,112_2.jpg,train_112_2.jpg,data/wood_species/raw/walnut/train_112_2.jpg,200,200,3,4665
WOOD-AUTH,train,2,walnut,113_2.jpg,train_113_2.jpg,data/wood_species/raw/walnut/train_113_2.jpg,200,200,3,4273
WOOD-AUTH,train,2,walnut,114_2.jpg,train_114_2.jpg,data/wood_species/raw/walnut/train_114_2.jpg,200,200,3,4156
WOOD-AUTH,train,2,walnut,115_2.jpg,train_115_2.jpg,data/wood_species/raw/walnut/train_115_2.jpg,200,200,3,4086
WOOD-AUTH,train,2,walnut,116_2.jpg,train_116_2.jpg,data/wood_species/raw/walnut/train_116_2.jpg,200,200,3,4011
WOOD-AUTH,train,2,walnut,117_2.jpg,train_117_2.jpg,data/wood_species/raw/walnut/train_117_2.jpg,200,200,3,3926
WOOD-AUTH,train,2,walnut,118_2.jpg,train_118_2.jpg,data/wood_species/raw/walnut/train_118_2.jpg,200,200,3,4253
WOOD-AUTH,train,2,walnut,119_2.jpg,train_119_2.jpg,data/wood_species/raw/walnut/train_119_2.jpg,200,200,3,4007
WOOD-AUTH,train,2,walnut,12_2.jpg,train_12_2.jpg,data/wood_species/raw/walnut/train_12_2.jpg,200,200,3,4679
WOOD-AUTH,train,2,walnut,120_2.jpg,train_120_2.jpg,data/wood_species/raw/walnut/train_120_2.jpg,200,200,3,4324
WOOD-AUTH,train,2,walnut,121_2.jpg,train_121_2.jpg,data/wood_species/raw/walnut/train_121_2.jpg,200,200,3,3923
WOOD-AUTH,train,2,walnut,122_2.jpg,train_122_2.jpg,data/wood_species/raw/walnut/train_122_2.jpg,200,200,3,4137
WOOD-AUTH,train,2,walnut,123_2.jpg,train_123_2.jpg,data/wood_species/raw/walnut/train_123_2.jpg,200,200,3,4097
WOOD-AUTH,train,2,walnut,124_2.jpg,train_124_2.jpg,data/wood_species/raw/walnut/train_124_2.jpg,200,200,3,3988
WOOD-AUTH,train,2,walnut,125_2.jpg,train_125_2.jpg,data/wood_species/raw/walnut/train_125_2.jpg,200,200,3,4140
WOOD-AUTH,train,2,walnut,126_2.jpg,train_126_2.jpg,data/wood_species/raw/walnut/train_126_2.jpg,200,200,3,3980
WOOD-AUTH,train,2,walnut,127_2.jpg,train_127_2.jpg,data/wood_species/raw/walnut/train_127_2.jpg,200,200,3,4101
WOOD-AUTH,train,2,walnut,128_2.jpg,train_128_2.jpg,data/wood_species/raw/walnut/train_128_2.jpg,200,200,3,4039
WOOD-AUTH,train,2,walnut,129_2.jpg,train_129_2.jpg,data/wood_species/raw/walnut/train_129_2.jpg,200,200,3,3754
WOOD-AUTH,train,2,walnut,13_2.jpg,train_13_2.jpg,data/wood_species/raw/walnut/train_13_2.jpg,200,200,3,4743
WOOD-AUTH,train,2,walnut,130_2.jpg,train_130_2.jpg,data/wood_species/raw/walnut/train_130_2.jpg,200,200,3,4078
WOOD-AUTH,train,2,walnut,131_2.jpg,train_131_2.jpg,data/wood_species/raw/walnut/train_131_2.jpg,200,200,3,3668
WOOD-AUTH,train,2,walnut,132_2.jpg,train_132_2.jpg,data/wood_species/raw/walnut/train_132_2.jpg,200,200,3,4110
WOOD-AUTH,train,2,walnut,133_2.jpg,train_133_2.jpg,data/wood_species/raw/walnut/train_133_2.jpg,200,200,3,6883
WOOD-AUTH,train,2,walnut,134_2.jpg,train_134_2.jpg,data/wood_species/raw/walnut/train_134_2.jpg,200,200,3,7551
WOOD-AUTH,train,2,walnut,135_2.jpg,train_135_2.jpg,data/wood_species/raw/walnut/train_135_2.jpg,200,200,3,7413
WOOD-AUTH,train,2,walnut,136_2.jpg,train_136_2.jpg,data/wood_species/raw/walnut/train_136_2.jpg,200,200,3,7442
WOOD-AUTH,train,2,walnut,137_2.jpg,train_137_2.jpg,data/wood_species/raw/walnut/train_137_2.jpg,200,200,3,7266
WOOD-AUTH,train,2,walnut,138_2.jpg,train_138_2.jpg,data/wood_species/raw/walnut/train_138_2.jpg,200,200,3,7408
WOOD-AUTH,train,2,walnut,139_2.jpg,train_139_2.jpg,data/wood_species/raw/walnut/train_139_2.jpg,200,200,3,7107
WOOD-AUTH,train,2,walnut,14_2.jpg,train_14_2.jpg,data/wood_species/raw/walnut/train_14_2.jpg,200,200,3,4547
WOOD-AUTH,train,2,walnut,140_2.jpg,train_140_2.jpg,data/wood_species/raw/walnut/train_140_2.jpg,200,200,3,7044
WOOD-AUTH,train,2,walnut,141_2.jpg,train_141_2.jpg,data/wood_species/raw/walnut/train_141_2.jpg,200,200,3,6649
WOOD-AUTH,train,2,walnut,142_2.jpg,train_142_2.jpg,data/wood_species/raw/walnut/train_142_2.jpg,200,200,3,6848
WOOD-AUTH,train,2,walnut,143_2.jpg,train_143_2.jpg,data/wood_species/raw/walnut/train_143_2.jpg,200,200,3,6562
WOOD-AUTH,train,2,walnut,144_2.jpg,train_144_2.jpg,data/wood_species/raw/walnut/train_144_2.jpg,200,200,3,6973
WOOD-AUTH,train,2,walnut,145_2.jpg,train_145_2.jpg,data/wood_species/raw/walnut/train_145_2.jpg,200,200,3,6878
WOOD-AUTH,train,2,walnut,146_2.jpg,train_146_2.jpg,data/wood_species/raw/walnut/train_146_2.jpg,200,200,3,6729
WOOD-AUTH,train,2,walnut,147_2.jpg,train_147_2.jpg,data/wood_species/raw/walnut/train_147_2.jpg,200,200,3,6731
WOOD-AUTH,train,2,walnut,148_2.jpg,train_148_2.jpg,data/wood_species/raw/walnut/train_148_2.jpg,200,200,3,6826
WOOD-AUTH,train,2,walnut,149_2.jpg,train_149_2.jpg,data/wood_species/raw/walnut/train_149_2.jpg,200,200,3,4589
WOOD-AUTH,train,2,walnut,15_2.jpg,train_15_2.jpg,data/wood_species/raw/walnut/train_15_2.jpg,200,200,3,4354
WOOD-AUTH,train,2,walnut,150_2.jpg,train_150_2.jpg,data/wood_species/raw/walnut/train_150_2.jpg,200,200,3,4799
WOOD-AUTH,train,2,walnut,151_2.jpg,train_151_2.jpg,data/wood_species/raw/walnut/train_151_2.jpg,200,200,3,4319
WOOD-AUTH,train,2,walnut,152_2.jpg,train_152_2.jpg,data/wood_species/raw/walnut/train_152_2.jpg,200,200,3,4641
WOOD-AUTH,train,2,walnut,153_2.jpg,train_153_2.jpg,data/wood_species/raw/walnut/train_153_2.jpg,200,200,3,4253
WOOD-AUTH,train,2,walnut,154_2.jpg,train_154_2.jpg,data/wood_species/raw/walnut/train_154_2.jpg,200,200,3,4621
WOOD-AUTH,train,2,walnut,155_2.jpg,train_155_2.jpg,data/wood_species/raw/walnut/train_155_2.jpg,200,200,3,4312
WOOD-AUTH,train,2,walnut,156_2.jpg,train_156_2.jpg,data/wood_species/raw/walnut/train_156_2.jpg,200,200,3,4742
WOOD-AUTH,train,2,walnut,157_2.jpg,train_157_2.jpg,data/wood_species/raw/walnut/train_157_2.jpg,200,200,3,4373
WOOD-AUTH,train,2,walnut,158_2.jpg,train_158_2.jpg,data/wood_species/raw/walnut/train_158_2.jpg,200,200,3,4429
WOOD-AUTH,train,2,walnut,159_2.jpg,train_159_2.jpg,data/wood_species/raw/walnut/train_159_2.jpg,200,200,3,4788
WOOD-AUTH,train,2,walnut,16_2.jpg,train_16_2.jpg,data/wood_species/raw/walnut/train_16_2.jpg,200,200,3,4400
WOOD-AUTH,train,2,walnut,160_2.jpg,train_160_2.jpg,data/wood_species/raw/walnut/train_160_2.jpg,200,200,3,4356
WOOD-AUTH,train,2,walnut,161_2.jpg,train_161_2.jpg,data/wood_species/raw/walnut/train_161_2.jpg,200,200,3,4346
WOOD-AUTH,train,2,walnut,162_2.jpg,train_162_2.jpg,data/wood_species/raw/walnut/train_162_2.jpg,200,200,3,4907
WOOD-AUTH,train,2,walnut,163_2.jpg,train_163_2.jpg,data/wood_species/raw/walnut/train_163_2.jpg,200,200,3,4472
WOOD-AUTH,train,2,walnut,164_2.jpg,train_164_2.jpg,data/wood_species/raw/walnut/train_164_2.jpg,200,200,3,4669
WOOD-AUTH,train,2,walnut,165_2.jpg,train_165_2.jpg,data/wood_species/raw/walnut/train_165_2.jpg,200,200,3,6948
WOOD-AUTH,train,2,walnut,166_2.jpg,train_166_2.jpg,data/wood_species/raw/walnut/train_166_2.jpg,200,200,3,7243
WOOD-AUTH,train,2,walnut,167_2.jpg,train_167_2.jpg,data/wood_species/raw/walnut/train_167_2.jpg,200,200,3,6900
WOOD-AUTH,train,2,walnut,168_2.jpg,train_168_2.jpg,data/wood_species/raw/walnut/train_168_2.jpg,200,200,3,7051
WOOD-AUTH,train,2,walnut,169_2.jpg,train_169_2.jpg,data/wood_species/raw/walnut/train_169_2.jpg,200,200,3,7422
WOOD-AUTH,train,2,walnut,17_2.jpg,train_17_2.jpg,data/wood_species/raw/walnut/train_17_2.jpg,200,200,3,5615
WOOD-AUTH,train,2,walnut,170_2.jpg,train_170_2.jpg,data/wood_species/raw/walnut/train_170_2.jpg,200,200,3,7526
WOOD-AUTH,train,2,walnut,171_2.jpg,train_171_2.jpg,data/wood_species/raw/walnut/train_171_2.jpg,200,200,3,7248
WOOD-AUTH,train,2,walnut,172_2.jpg,train_172_2.jpg,data/wood_species/raw/walnut/train_172_2.jpg,200,200,3,7405
WOOD-AUTH,train,2,walnut,173_2.jpg,train_173_2.jpg,data/wood_species/raw/walnut/train_173_2.jpg,200,200,3,6552
WOOD-AUTH,train,2,walnut,174_2.jpg,train_174_2.jpg,data/wood_species/raw/walnut/train_174_2.jpg,200,200,3,6654
WOOD-AUTH,train,2,walnut,175_2.jpg,train_175_2.jpg,data/wood_species/raw/walnut/train_175_2.jpg,200,200,3,6244
WOOD-AUTH,train,2,walnut,176_2.jpg,train_176_2.jpg,data/wood_species/raw/walnut/train_176_2.jpg,200,200,3,6316
WOOD-AUTH,train,2,walnut,177_2.jpg,train_177_2.jpg,data/wood_species/raw/walnut/train_177_2.jpg,200,200,3,5767
WOOD-AUTH,train,2,walnut,178_2.jpg,train_178_2.jpg,data/wood_species/raw/walnut/train_178_2.jpg,200,200,3,5901
WOOD-AUTH,train,2,walnut,179_2.jpg,train_179_2.jpg,data/wood_species/raw/walnut/train_179_2.jpg,200,200,3,5584
WOOD-AUTH,train,2,walnut,18_2.jpg,train_18_2.jpg,data/wood_species/raw/walnut/train_18_2.jpg,200,200,3,5364
WOOD-AUTH,train,2,walnut,180_2.jpg,train_180_2.jpg,data/wood_species/raw/walnut/train_180_2.jpg,200,200,3,5334
WOOD-AUTH,train,2,walnut,181_2.jpg,train_181_2.jpg,data/wood_species/raw/walnut/train_181_2.jpg,200,200,3,5784
WOOD-AUTH,train,2,walnut,182_2.jpg,train_182_2.jpg,data/wood_species/raw/walnut/train_182_2.jpg,200,200,3,5859
WOOD-AUTH,train,2,walnut,183_2.jpg,train_183_2.jpg,data/wood_species/raw/walnut/train_183_2.jpg,200,200,3,5935
WOOD-AUTH,train,2,walnut,184_2.jpg,train_184_2.jpg,data/wood_species/raw/walnut/train_184_2.jpg,200,200,3,5895
WOOD-AUTH,train,2,walnut,185_2.jpg,train_185_2.jpg,data/wood_species/raw/walnut/train_185_2.jpg,200,200,3,5840
WOOD-AUTH,train,2,walnut,186_2.jpg,train_186_2.jpg,data/wood_species/raw/walnut/train_186_2.jpg,200,200,3,5730
WOOD-AUTH,train,2,walnut,187_2.jpg,train_187_2.jpg,data/wood_species/raw/walnut/train_187_2.jpg,200,200,3,5894
WOOD-AUTH,train,2,walnut,188_2.jpg,train_188_2.jpg,data/wood_species/raw/walnut/train_188_2.jpg,200,200,3,5794
WOOD-AUTH,train,2,walnut,189_2.jpg,train_189_2.jpg,data/wood_species/raw/walnut/train_189_2.jpg,200,200,3,6305
WOOD-AUTH,train,2,walnut,19_2.jpg,train_19_2.jpg,data/wood_species/raw/walnut/train_19_2.jpg,200,200,3,5411
WOOD-AUTH,train,2,walnut,190_2.jpg,train_190_2.jpg,data/wood_species/raw/walnut/train_190_2.jpg,200,200,3,6468
WOOD-AUTH,train,2,walnut,191_2.jpg,train_191_2.jpg,data/wood_species/raw/walnut/train_191_2.jpg,200,200,3,6297
WOOD-AUTH,train,2,walnut,192_2.jpg,train_192_2.jpg,data/wood_species/raw/walnut/train_192_2.jpg,200,200,3,6356
WOOD-AUTH,train,2,walnut,193_2.jpg,train_193_2.jpg,data/wood_species/raw/walnut/train_193_2.jpg,200,200,3,6053
WOOD-AUTH,train,2,walnut,194_2.jpg,train_194_2.jpg,data/wood_species/raw/walnut/train_194_2.jpg,200,200,3,6231
WOOD-AUTH,train,2,walnut,195_2.jpg,train_195_2.jpg,data/wood_species/raw/walnut/train_195_2.jpg,200,200,3,6048
WOOD-AUTH,train,2,walnut,196_2.jpg,train_196_2.jpg,data/wood_species/raw/walnut/train_196_2.jpg,200,200,3,6247
WOOD-AUTH,train,2,walnut,197_2.jpg,train_197_2.jpg,data/wood_species/raw/walnut/train_197_2.jpg,200,200,3,5838
WOOD-AUTH,train,2,walnut,198_2.jpg,train_198_2.jpg,data/wood_species/raw/walnut/train_198_2.jpg,200,200,3,5705
WOOD-AUTH,train,2,walnut,199_2.jpg,train_199_2.jpg,data/wood_species/raw/walnut/train_199_2.jpg,200,200,3,5915
WOOD-AUTH,train,2,walnut,2_2.jpg,train_2_2.jpg,data/wood_species/raw/walnut/train_2_2.jpg,200,200,3,5052
WOOD-AUTH,train,2,walnut,20_2.jpg,train_20_2.jpg,data/wood_species/raw/walnut/train_20_2.jpg,200,200,3,5414
WOOD-AUTH,train,2,walnut,200_2.jpg,train_200_2.jpg,data/wood_species/raw/walnut/train_200_2.jpg,200,200,3,5958
WOOD-AUTH,train,2,walnut,21_2.jpg,train_21_2.jpg,data/wood_species/raw/walnut/train_21_2.jpg,200,200,3,5866
WOOD-AUTH,train,2,walnut,22_2.jpg,train_22_2.jpg,data/wood_species/raw/walnut/train_22_2.jpg,200,200,3,5733
WOOD-AUTH,train,2,walnut,23_2.jpg,train_23_2.jpg,data/wood_species/raw/walnut/train_23_2.jpg,200,200,3,5315
WOOD-AUTH,train,2,walnut,24_2.jpg,train_24_2.jpg,data/wood_species/raw/walnut/train_24_2.jpg,200,200,3,5163
WOOD-AUTH,train,2,walnut,25_2.jpg,train_25_2.jpg,data/wood_species/raw/walnut/train_25_2.jpg,200,200,3,5805
WOOD-AUTH,train,2,walnut,26_2.jpg,train_26_2.jpg,data/wood_species/raw/walnut/train_26_2.jpg,200,200,3,5897
WOOD-AUTH,train,2,walnut,27_2.jpg,train_27_2.jpg,data/wood_species/raw/walnut/train_27_2.jpg,200,200,3,5592
WOOD-AUTH,train,2,walnut,28_2.jpg,train_28_2.jpg,data/wood_species/raw/walnut/train_28_2.jpg,200,200,3,5360
WOOD-AUTH,train,2,walnut,29_2.jpg,train_29_2.jpg,data/wood_species/raw/walnut/train_29_2.jpg,200,200,3,5969
WOOD-AUTH,train,2,walnut,3_2.jpg,train_3_2.jpg,data/wood_species/raw/walnut/train_3_2.jpg,200,200,3,5483
WOOD-AUTH,train,2,walnut,30_2.jpg,train_30_2.jpg,data/wood_species/raw/walnut/train_30_2.jpg,200,200,3,6148
WOOD-AUTH,train,2,walnut,31_2.jpg,train_31_2.jpg,data/wood_species/raw/walnut/train_31_2.jpg,200,200,3,5966
WOOD-AUTH,train,2,walnut,32_2.jpg,train_32_2.jpg,data/wood_species/raw/walnut/train_32_2.jpg,200,200,3,5716
WOOD-AUTH,train,2,walnut,33_2.jpg,train_33_2.jpg,data/wood_species/raw/walnut/train_33_2.jpg,200,200,3,5276
WOOD-AUTH,train,2,walnut,34_2.jpg,train_34_2.jpg,data/wood_species/raw/walnut/train_34_2.jpg,200,200,3,5125
WOOD-AUTH,train,2,walnut,35_2.jpg,train_35_2.jpg,data/wood_species/raw/walnut/train_35_2.jpg,200,200,3,5342
WOOD-AUTH,train,2,walnut,36_2.jpg,train_36_2.jpg,data/wood_species/raw/walnut/train_36_2.jpg,200,200,3,5282
WOOD-AUTH,train,2,walnut,37_2.jpg,train_37_2.jpg,data/wood_species/raw/walnut/train_37_2.jpg,200,200,3,6040
WOOD-AUTH,train,2,walnut,38_2.jpg,train_38_2.jpg,data/wood_species/raw/walnut/train_38_2.jpg,200,200,3,5995
WOOD-AUTH,train,2,walnut,39_2.jpg,train_39_2.jpg,data/wood_species/raw/walnut/train_39_2.jpg,200,200,3,6020
WOOD-AUTH,train,2,walnut,4_2.jpg,train_4_2.jpg,data/wood_species/raw/walnut/train_4_2.jpg,200,200,3,5244
WOOD-AUTH,train,2,walnut,40_2.jpg,train_40_2.jpg,data/wood_species/raw/walnut/train_40_2.jpg,200,200,3,6017
WOOD-AUTH,train,2,walnut,41_2.jpg,train_41_2.jpg,data/wood_species/raw/walnut/train_41_2.jpg,200,200,3,5716
WOOD-AUTH,train,2,walnut,42_2.jpg,train_42_2.jpg,data/wood_species/raw/walnut/train_42_2.jpg,200,200,3,5733
WOOD-AUTH,train,2,walnut,43_2.jpg,train_43_2.jpg,data/wood_species/raw/walnut/train_43_2.jpg,200,200,3,6176
WOOD-AUTH,train,2,walnut,44_2.jpg,train_44_2.jpg,data/wood_species/raw/walnut/train_44_2.jpg,200,200,3,6010
WOOD-AUTH,train,2,walnut,45_2.jpg,train_45_2.jpg,data/wood_species/raw/walnut/train_45_2.jpg,200,200,3,5783
WOOD-AUTH,train,2,walnut,46_2.jpg,train_46_2.jpg,data/wood_species/raw/walnut/train_46_2.jpg,200,200,3,5303
WOOD-AUTH,train,2,walnut,47_2.jpg,train_47_2.jpg,data/wood_species/raw/walnut/train_47_2.jpg,200,200,3,5718
WOOD-AUTH,train,2,walnut,48_2.jpg,train_48_2.jpg,data/wood_species/raw/walnut/train_48_2.jpg,200,200,3,5717
WOOD-AUTH,train,2,walnut,49_2.jpg,train_49_2.jpg,data/wood_species/raw/walnut/train_49_2.jpg,200,200,3,5229
WOOD-AUTH,train,2,walnut,5_2.jpg,train_5_2.jpg,data/wood_species/raw/walnut/train_5_2.jpg,200,200,3,5142
WOOD-AUTH,train,2,walnut,50_2.jpg,train_50_2.jpg,data/wood_species/raw/walnut/train_50_2.jpg,200,200,3,5432
WOOD-AUTH,train,2,walnut,51_2.jpg,train_51_2.jpg,data/wood_species/raw/walnut/train_51_2.jpg,200,200,3,6201
WOOD-AUTH,train,2,walnut,52_2.jpg,train_52_2.jpg,data/wood_species/raw/walnut/train_52_2.jpg,200,200,3,5860
WOOD-AUTH,train,2,walnut,53_2.jpg,train_53_2.jpg,data/wood_species/raw/walnut/train_53_2.jpg,200,200,3,8054
WOOD-AUTH,train,2,walnut,54_2.jpg,train_54_2.jpg,data/wood_species/raw/walnut/train_54_2.jpg,200,200,3,7882
WOOD-AUTH,train,2,walnut,55_2.jpg,train_55_2.jpg,data/wood_species/raw/walnut/train_55_2.jpg,200,200,3,7776
WOOD-AUTH,train,2,walnut,56_2.jpg,train_56_2.jpg,data/wood_species/raw/walnut/train_56_2.jpg,200,200,3,8015
WOOD-AUTH,train,2,walnut,57_2.jpg,train_57_2.jpg,data/wood_species/raw/walnut/train_57_2.jpg,200,200,3,7583
WOOD-AUTH,train,2,walnut,58_2.jpg,train_58_2.jpg,data/wood_species/raw/walnut/train_58_2.jpg,200,200,3,7440
WOOD-AUTH,train,2,walnut,59_2.jpg,train_59_2.jpg,data/wood_species/raw/walnut/train_59_2.jpg,200,200,3,7982
WOOD-AUTH,train,2,walnut,6_2.jpg,train_6_2.jpg,data/wood_species/raw/walnut/train_6_2.jpg,200,200,3,5275
WOOD-AUTH,train,2,walnut,60_2.jpg,train_60_2.jpg,data/wood_species/raw/walnut/train_60_2.jpg,200,200,3,7519
WOOD-AUTH,train,2,walnut,61_2.jpg,train_61_2.jpg,data/wood_species/raw/walnut/train_61_2.jpg,200,200,3,6863
WOOD-AUTH,train,2,walnut,62_2.jpg,train_62_2.jpg,data/wood_species/raw/walnut/train_62_2.jpg,200,200,3,7048
WOOD-AUTH,train,2,walnut,63_2.jpg,train_63_2.jpg,data/wood_species/raw/walnut/train_63_2.jpg,200,200,3,6932
WOOD-AUTH,train,2,walnut,64_2.jpg,train_64_2.jpg,data/wood_species/raw/walnut/train_64_2.jpg,200,200,3,6783
WOOD-AUTH,train,2,walnut,65_2.jpg,train_65_2.jpg,data/wood_species/raw/walnut/train_65_2.jpg,200,200,3,7530
WOOD-AUTH,train,2,walnut,66_2.jpg,train_66_2.jpg,data/wood_species/raw/walnut/train_66_2.jpg,200,200,3,7489
WOOD-AUTH,train,2,walnut,67_2.jpg,train_67_2.jpg,data/wood_species/raw/walnut/train_67_2.jpg,200,200,3,7260
WOOD-AUTH,train,2,walnut,68_2.jpg,train_68_2.jpg,data/wood_species/raw/walnut/train_68_2.jpg,200,200,3,7353
WOOD-AUTH,train,2,walnut,69_2.jpg,train_69_2.jpg,data/wood_species/raw/walnut/train_69_2.jpg,200,200,3,7076
WOOD-AUTH,train,2,walnut,7_2.jpg,train_7_2.jpg,data/wood_species/raw/walnut/train_7_2.jpg,200,200,3,5125
WOOD-AUTH,train,2,walnut,70_2.jpg,train_70_2.jpg,data/wood_species/raw/walnut/train_70_2.jpg,200,200,3,7301
WOOD-AUTH,train,2,walnut,71_2.jpg,train_71_2.jpg,data/wood_species/raw/walnut/train_71_2.jpg,200,200,3,7189
WOOD-AUTH,train,2,walnut,72_2.jpg,train_72_2.jpg,data/wood_species/raw/walnut/train_72_2.jpg,200,200,3,7300
WOOD-AUTH,train,2,walnut,73_2.jpg,train_73_2.jpg,data/wood_species/raw/walnut/train_73_2.jpg,200,200,3,7151
WOOD-AUTH,train,2,walnut,74_2.jpg,train_74_2.jpg,data/wood_species/raw/walnut/train_74_2.jpg,200,200,3,7393
WOOD-AUTH,train,2,walnut,75_2.jpg,train_75_2.jpg,data/wood_species/raw/walnut/train_75_2.jpg,200,200,3,7317
WOOD-AUTH,train,2,walnut,76_2.jpg,train_76_2.jpg,data/wood_species/raw/walnut/train_76_2.jpg,200,200,3,7416
WOOD-AUTH,train,2,walnut,77_2.jpg,train_77_2.jpg,data/wood_species/raw/walnut/train_77_2.jpg,200,200,3,7735
WOOD-AUTH,train,2,walnut,78_2.jpg,train_78_2.jpg,data/wood_species/raw/walnut/train_78_2.jpg,200,200,3,7776
WOOD-AUTH,train,2,walnut,79_2.jpg,train_79_2.jpg,data/wood_species/raw/walnut/train_79_2.jpg,200,200,3,8444
WOOD-AUTH,train,2,walnut,8_2.jpg,train_8_2.jpg,data/wood_species/raw/walnut/train_8_2.jpg,200,200,3,4947
WOOD-AUTH,train,2,walnut,80_2.jpg,train_80_2.jpg,data/wood_species/raw/walnut/train_80_2.jpg,200,200,3,8305
WOOD-AUTH,train,2,walnut,81_2.jpg,train_81_2.jpg,data/wood_species/raw/walnut/train_81_2.jpg,200,200,3,8165
WOOD-AUTH,train,2,walnut,82_2.jpg,train_82_2.jpg,data/wood_species/raw/walnut/train_82_2.jpg,200,200,3,8187
WOOD-AUTH,train,2,walnut,83_2.jpg,train_83_2.jpg,data/wood_species/raw/walnut/train_83_2.jpg,200,200,3,8688
WOOD-AUTH,train,2,walnut,84_2.jpg,train_84_2.jpg,data/wood_species/raw/walnut/train_84_2.jpg,200,200,3,8809
WOOD-AUTH,train,2,walnut,85_2.jpg,train_85_2.jpg,data/wood_species/raw/walnut/train_85_2.jpg,200,200,3,8269
WOOD-AUTH,train,2,walnut,86_2.jpg,train_86_2.jpg,data/wood_species/raw/walnut/train_86_2.jpg,200,200,3,8009
WOOD-AUTH,train,2,walnut,87_2.jpg,train_87_2.jpg,data/wood_species/raw/walnut/train_87_2.jpg,200,200,3,8510
WOOD-AUTH,train,2,walnut,88_2.jpg,train_88_2.jpg,data/wood_species/raw/walnut/train_88_2.jpg,200,200,3,8286
WOOD-AUTH,train,2,walnut,89_2.jpg,train_89_2.jpg,data/wood_species/raw/walnut/train_89_2.jpg,200,200,3,7936
WOOD-AUTH,train,2,walnut,9_2.jpg,train_9_2.jpg,data/wood_species/raw/walnut/train_9_2.jpg,200,200,3,4999
WOOD-AUTH,train,2,walnut,90_2.jpg,train_90_2.jpg,data/wood_species/raw/walnut/train_90_2.jpg,200,200,3,7912
WOOD-AUTH,train,2,walnut,91_2.jpg,train_91_2.jpg,data/wood_species/raw/walnut/train_91_2.jpg,200,200,3,8475
WOOD-AUTH,train,2,walnut,92_2.jpg,train_92_2.jpg,data/wood_species/raw/walnut/train_92_2.jpg,200,200,3,8379
WOOD-AUTH,train,2,walnut,93_2.jpg,train_93_2.jpg,data/wood_species/raw/walnut/train_93_2.jpg,200,200,3,6003
WOOD-AUTH,train,2,walnut,94_2.jpg,train_94_2.jpg,data/wood_species/raw/walnut/train_94_2.jpg,200,200,3,5683
WOOD-AUTH,train,2,walnut,95_2.jpg,train_95_2.jpg,data/wood_species/raw/walnut/train_95_2.jpg,200,200,3,5688
WOOD-AUTH,train,2,walnut,96_2.jpg,train_96_2.jpg,data/wood_species/raw/walnut/train_96_2.jpg,200,200,3,5654
WOOD-AUTH,train,2,walnut,97_2.jpg,train_97_2.jpg,data/wood_species/raw/walnut/train_97_2.jpg,200,200,3,5266
WOOD-AUTH,train,2,walnut,98_2.jpg,train_98_2.jpg,data/wood_species/raw/walnut/train_98_2.jpg,200,200,3,4825
WOOD-AUTH,train,2,walnut,99_2.jpg,train_99_2.jpg,data/wood_species/raw/walnut/train_99_2.jpg,200,200,3,5407
WOOD-AUTH,train,4,oak,1_4.jpg,train_1_4.jpg,data/wood_species/raw/oak/train_1_4.jpg,200,200,3,4728
WOOD-AUTH,train,4,oak,10_4.jpg,train_10_4.jpg,data/wood_species/raw/oak/train_10_4.jpg,200,200,3,6189
WOOD-AUTH,train,4,oak,100_4.jpg,train_100_4.jpg,data/wood_species/raw/oak/train_100_4.jpg,200,200,3,5252
WOOD-AUTH,train,4,oak,101_4.jpg,train_101_4.jpg,data/wood_species/raw/oak/train_101_4.jpg,200,200,3,5859
WOOD-AUTH,train,4,oak,102_4.jpg,train_102_4.jpg,data/wood_species/raw/oak/train_102_4.jpg,200,200,3,5925
WOOD-AUTH,train,4,oak,103_4.jpg,train_103_4.jpg,data/wood_species/raw/oak/train_103_4.jpg,200,200,3,6028
WOOD-AUTH,train,4,oak,104_4.jpg,train_104_4.jpg,data/wood_species/raw/oak/train_104_4.jpg,200,200,3,5715
WOOD-AUTH,train,4,oak,105_4.jpg,train_105_4.jpg,data/wood_species/raw/oak/train_105_4.jpg,200,200,3,6826
WOOD-AUTH,train,4,oak,106_4.jpg,train_106_4.jpg,data/wood_species/raw/oak/train_106_4.jpg,200,200,3,6449
WOOD-AUTH,train,4,oak,107_4.jpg,train_107_4.jpg,data/wood_species/raw/oak/train_107_4.jpg,200,200,3,7199
WOOD-AUTH,train,4,oak,108_4.jpg,train_108_4.jpg,data/wood_species/raw/oak/train_108_4.jpg,200,200,3,7488
WOOD-AUTH,train,4,oak,109_4.jpg,train_109_4.jpg,data/wood_species/raw/oak/train_109_4.jpg,200,200,3,4948
WOOD-AUTH,train,4,oak,11_4.jpg,train_11_4.jpg,data/wood_species/raw/oak/train_11_4.jpg,200,200,3,6077
WOOD-AUTH,train,4,oak,110_4.jpg,train_110_4.jpg,data/wood_species/raw/oak/train_110_4.jpg,200,200,3,4725
WOOD-AUTH,train,4,oak,111_4.jpg,train_111_4.jpg,data/wood_species/raw/oak/train_111_4.jpg,200,200,3,4876
WOOD-AUTH,train,4,oak,112_4.jpg,train_112_4.jpg,data/wood_species/raw/oak/train_112_4.jpg,200,200,3,4926
WOOD-AUTH,train,4,oak,113_4.jpg,train_113_4.jpg,data/wood_species/raw/oak/train_113_4.jpg,200,200,3,4866
WOOD-AUTH,train,4,oak,114_4.jpg,train_114_4.jpg,data/wood_species/raw/oak/train_114_4.jpg,200,200,3,4578
WOOD-AUTH,train,4,oak,115_4.jpg,train_115_4.jpg,data/wood_species/raw/oak/train_115_4.jpg,200,200,3,4769
WOOD-AUTH,train,4,oak,116_4.jpg,train_116_4.jpg,data/wood_species/raw/oak/train_116_4.jpg,200,200,3,4720
WOOD-AUTH,train,4,oak,117_4.jpg,train_117_4.jpg,data/wood_species/raw/oak/train_117_4.jpg,200,200,3,4874
WOOD-AUTH,train,4,oak,118_4.jpg,train_118_4.jpg,data/wood_species/raw/oak/train_118_4.jpg,200,200,3,4896
WOOD-AUTH,train,4,oak,119_4.jpg,train_119_4.jpg,data/wood_species/raw/oak/train_119_4.jpg,200,200,3,4796
WOOD-AUTH,train,4,oak,12_4.jpg,train_12_4.jpg,data/wood_species/raw/oak/train_12_4.jpg,200,200,3,5901
WOOD-AUTH,train,4,oak,120_4.jpg,train_120_4.jpg,data/wood_species/raw/oak/train_120_4.jpg,200,200,3,4838
WOOD-AUTH,train,4,oak,121_4.jpg,train_121_4.jpg,data/wood_species/raw/oak/train_121_4.jpg,200,200,3,4805
WOOD-AUTH,train,4,oak,122_4.jpg,train_122_4.jpg,data/wood_species/raw/oak/train_122_4.jpg,200,200,3,4767
WOOD-AUTH,train,4,oak,123_4.jpg,train_123_4.jpg,data/wood_species/raw/oak/train_123_4.jpg,200,200,3,4489
WOOD-AUTH,train,4,oak,124_4.jpg,train_124_4.jpg,data/wood_species/raw/oak/train_124_4.jpg,200,200,3,4593
WOOD-AUTH,train,4,oak,125_4.jpg,train_125_4.jpg,data/wood_species/raw/oak/train_125_4.jpg,200,200,3,4919
WOOD-AUTH,train,4,oak,126_4.jpg,train_126_4.jpg,data/wood_species/raw/oak/train_126_4.jpg,200,200,3,5265
WOOD-AUTH,train,4,oak,127_4.jpg,train_127_4.jpg,data/wood_species/raw/oak/train_127_4.jpg,200,200,3,4944
WOOD-AUTH,train,4,oak,128_4.jpg,train_128_4.jpg,data/wood_species/raw/oak/train_128_4.jpg,200,200,3,5122
WOOD-AUTH,train,4,oak,129_4.jpg,train_129_4.jpg,data/wood_species/raw/oak/train_129_4.jpg,200,200,3,5733
WOOD-AUTH,train,4,oak,13_4.jpg,train_13_4.jpg,data/wood_species/raw/oak/train_13_4.jpg,200,200,3,4031
WOOD-AUTH,train,4,oak,130_4.jpg,train_130_4.jpg,data/wood_species/raw/oak/train_130_4.jpg,200,200,3,6211
WOOD-AUTH,train,4,oak,131_4.jpg,train_131_4.jpg,data/wood_species/raw/oak/train_131_4.jpg,200,200,3,5903
WOOD-AUTH,train,4,oak,132_4.jpg,train_132_4.jpg,data/wood_species/raw/oak/train_132_4.jpg,200,200,3,6074
WOOD-AUTH,train,4,oak,133_4.jpg,train_133_4.jpg,data/wood_species/raw/oak/train_133_4.jpg,200,200,3,5873
WOOD-AUTH,train,4,oak,134_4.jpg,train_134_4.jpg,data/wood_species/raw/oak/train_134_4.jpg,200,200,3,6208
WOOD-AUTH,train,4,oak,135_4.jpg,train_135_4.jpg,data/wood_species/raw/oak/train_135_4.jpg,200,200,3,6147
WOOD-AUTH,train,4,oak,136_4.jpg,train_136_4.jpg,data/wood_species/raw/oak/train_136_4.jpg,200,200,3,6211
WOOD-AUTH,train,4,oak,137_4.jpg,train_137_4.jpg,data/wood_species/raw/oak/train_137_4.jpg,200,200,3,6419
WOOD-AUTH,train,4,oak,138_4.jpg,train_138_4.jpg,data/wood_species/raw/oak/train_138_4.jpg,200,200,3,5810
WOOD-AUTH,train,4,oak,139_4.jpg,train_139_4.jpg,data/wood_species/raw/oak/train_139_4.jpg,200,200,3,6442
WOOD-AUTH,train,4,oak,14_4.jpg,train_14_4.jpg,data/wood_species/raw/oak/train_14_4.jpg,200,200,3,4026
WOOD-AUTH,train,4,oak,140_4.jpg,train_140_4.jpg,data/wood_species/raw/oak/train_140_4.jpg,200,200,3,5630
WOOD-AUTH,train,4,oak,141_4.jpg,train_141_4.jpg,data/wood_species/raw/oak/train_141_4.jpg,200,200,3,5726
WOOD-AUTH,train,4,oak,142_4.jpg,train_142_4.jpg,data/wood_species/raw/oak/train_142_4.jpg,200,200,3,6194
WOOD-AUTH,train,4,oak,143_4.jpg,train_143_4.jpg,data/wood_species/raw/oak/train_143_4.jpg,200,200,3,5860
WOOD-AUTH,train,4,oak,144_4.jpg,train_144_4.jpg,data/wood_species/raw/oak/train_144_4.jpg,200,200,3,6248
WOOD-AUTH,train,4,oak,145_4.jpg,train_145_4.jpg,data/wood_species/raw/oak/train_145_4.jpg,200,200,3,5318
WOOD-AUTH,train,4,oak,146_4.jpg,train_146_4.jpg,data/wood_species/raw/oak/train_146_4.jpg,200,200,3,5111
WOOD-AUTH,train,4,oak,147_4.jpg,train_147_4.jpg,data/wood_species/raw/oak/train_147_4.jpg,200,200,3,5224
WOOD-AUTH,train,4,oak,148_4.jpg,train_148_4.jpg,data/wood_species/raw/oak/train_148_4.jpg,200,200,3,4995
WOOD-AUTH,train,4,oak,149_4.jpg,train_149_4.jpg,data/wood_species/raw/oak/train_149_4.jpg,200,200,3,5207
WOOD-AUTH,train,4,oak,15_4.jpg,train_15_4.jpg,data/wood_species/raw/oak/train_15_4.jpg,200,200,3,3901
WOOD-AUTH,train,4,oak,150_4.jpg,train_150_4.jpg,data/wood_species/raw/oak/train_150_4.jpg,200,200,3,5054
WOOD-AUTH,train,4,oak,151_4.jpg,train_151_4.jpg,data/wood_species/raw/oak/train_151_4.jpg,200,200,3,5030
WOOD-AUTH,train,4,oak,152_4.jpg,train_152_4.jpg,data/wood_species/raw/oak/train_152_4.jpg,200,200,3,4736
WOOD-AUTH,train,4,oak,153_4.jpg,train_153_4.jpg,data/wood_species/raw/oak/train_153_4.jpg,200,200,3,7157
WOOD-AUTH,train,4,oak,154_4.jpg,train_154_4.jpg,data/wood_species/raw/oak/train_154_4.jpg,200,200,3,7054
WOOD-AUTH,train,4,oak,155_4.jpg,train_155_4.jpg,data/wood_species/raw/oak/train_155_4.jpg,200,200,3,7147
WOOD-AUTH,train,4,oak,156_4.jpg,train_156_4.jpg,data/wood_species/raw/oak/train_156_4.jpg,200,200,3,7224
WOOD-AUTH,train,4,oak,157_4.jpg,train_157_4.jpg,data/wood_species/raw/oak/train_157_4.jpg,200,200,3,7185
WOOD-AUTH,train,4,oak,158_4.jpg,train_158_4.jpg,data/wood_species/raw/oak/train_158_4.jpg,200,200,3,7530
WOOD-AUTH,train,4,oak,159_4.jpg,train_159_4.jpg,data/wood_species/raw/oak/train_159_4.jpg,200,200,3,7088
WOOD-AUTH,train,4,oak,16_4.jpg,train_16_4.jpg,data/wood_species/raw/oak/train_16_4.jpg,200,200,3,3912
WOOD-AUTH,train,4,oak,160_4.jpg,train_160_4.jpg,data/wood_species/raw/oak/train_160_4.jpg,200,200,3,6941
WOOD-AUTH,train,4,oak,161_4.jpg,train_161_4.jpg,data/wood_species/raw/oak/train_161_4.jpg,200,200,3,8157
WOOD-AUTH,train,4,oak,162_4.jpg,train_162_4.jpg,data/wood_species/raw/oak/train_162_4.jpg,200,200,3,8585
WOOD-AUTH,train,4,oak,163_4.jpg,train_163_4.jpg,data/wood_species/raw/oak/train_163_4.jpg,200,200,3,8555
WOOD-AUTH,train,4,oak,164_4.jpg,train_164_4.jpg,data/wood_species/raw/oak/train_164_4.jpg,200,200,3,8711
WOOD-AUTH,train,4,oak,165_4.jpg,train_165_4.jpg,data/wood_species/raw/oak/train_165_4.jpg,200,200,3,8494
WOOD-AUTH,train,4,oak,166_4.jpg,train_166_4.jpg,data/wood_species/raw/oak/train_166_4.jpg,200,200,3,8562
WOOD-AUTH,train,4,oak,167_4.jpg,train_167_4.jpg,data/wood_species/raw/oak/train_167_4.jpg,200,200,3,8687
WOOD-AUTH,train,4,oak,168_4.jpg,train_168_4.jpg,data/wood_species/raw/oak/train_168_4.jpg,200,200,3,8599
WOOD-AUTH,train,4,oak,169_4.jpg,train_169_4.jpg,data/wood_species/raw/oak/train_169_4.jpg,200,200,3,8157
WOOD-AUTH,train,4,oak,17_4.jpg,train_17_4.jpg,data/wood_species/raw/oak/train_17_4.jpg,200,200,3,5647
WOOD-AUTH,train,4,oak,170_4.jpg,train_170_4.jpg,data/wood_species/raw/oak/train_170_4.jpg,200,200,3,8081
WOOD-AUTH,train,4,oak,171_4.jpg,train_171_4.jpg,data/wood_species/raw/oak/train_171_4.jpg,200,200,3,8285
WOOD-AUTH,train,4,oak,172_4.jpg,train_172_4.jpg,data/wood_species/raw/oak/train_172_4.jpg,200,200,3,8093
WOOD-AUTH,train,4,oak,173_4.jpg,train_173_4.jpg,data/wood_species/raw/oak/train_173_4.jpg,200,200,3,8754
WOOD-AUTH,train,4,oak,174_4.jpg,train_174_4.jpg,data/wood_species/raw/oak/train_174_4.jpg,200,200,3,8674
WOOD-AUTH,train,4,oak,175_4.jpg,train_175_4.jpg,data/wood_species/raw/oak/train_175_4.jpg,200,200,3,8575
WOOD-AUTH,train,4,oak,176_4.jpg,train_176_4.jpg,data/wood_species/raw/oak/train_176_4.jpg,200,200,3,8571
WOOD-AUTH,train,4,oak,177_4.jpg,train_177_4.jpg,data/wood_species/raw/oak/train_177_4.jpg,200,200,3,5978
WOOD-AUTH,train,4,oak,178_4.jpg,train_178_4.jpg,data/wood_species/raw/oak/train_178_4.jpg,200,200,3,5901
WOOD-AUTH,train,4,oak,179_4.jpg,train_179_4.jpg,data/wood_species/raw/oak/train_179_4.jpg,200,200,3,5877
WOOD-AUTH,train,4,oak,18_4.jpg,train_18_4.jpg,data/wood_species/raw/oak/train_18_4.jpg,200,200,3,5284
WOOD-AUTH,train,4,oak,180_4.jpg,train_180_4.jpg,data/wood_species/raw/oak/train_180_4.jpg,200,200,3,5908
WOOD-AUTH,train,4,oak,181_4.jpg,train_181_4.jpg,data/wood_species/raw/oak/train_181_4.jpg,200,200,3,5621
WOOD-AUTH,train,4,oak,182_4.jpg,train_182_4.jpg,data/wood_species/raw/oak/train_182_4.jpg,200,200,3,5852
WOOD-AUTH,train,4,oak,183_4.jpg,train_183_4.jpg,data/wood_species/raw/oak/train_183_4.jpg,200,200,3,5600
WOOD-AUTH,train,4,oak,184_4.jpg,train_184_4.jpg,data/wood_species/raw/oak/train_184_4.jpg,200,200,3,5889
WOOD-AUTH,train,4,oak,185_4.jpg,train_185_4.jpg,data/wood_species/raw/oak/train_185_4.jpg,200,200,3,5394
WOOD-AUTH,train,4,oak,186_4.jpg,train_186_4.jpg,data/wood_species/raw/oak/train_186_4.jpg,200,200,3,5439
WOOD-AUTH,train,4,oak,187_4.jpg,train_187_4.jpg,data/wood_species/raw/oak/train_187_4.jpg,200,200,3,5631
WOOD-AUTH,train,4,oak,188_4.jpg,train_188_4.jpg,data/wood_species/raw/oak/train_188_4.jpg,200,200,3,5689
WOOD-AUTH,train,4,oak,189_4.jpg,train_189_4.jpg,data/wood_species/raw/oak/train_189_4.jpg,200,200,3,5268
WOOD-AUTH,train,4,oak,19_4.jpg,train_19_4.jpg,data/wood_species/raw/oak/train_19_4.jpg,200,200,3,5945
WOOD-AUTH,train,4,oak,190_4.jpg,train_190_4.jpg,data/wood_species/raw/oak/train_190_4.jpg,200,200,3,5329
WOOD-AUTH,train,4,oak,191_4.jpg,train_191_4.jpg,data/wood_species/raw/oak/train_191_4.jpg,200,200,3,5481
WOOD-AUTH,train,4,oak,192_4.jpg,train_192_4.jpg,data/wood_species/raw/oak/train_192_4.jpg,200,200,3,5277
WOOD-AUTH,train,4,oak,193_4.jpg,train_193_4.jpg,data/wood_species/raw/oak/train_193_4.jpg,200,200,3,5278
WOOD-AUTH,train,4,oak,194_4.jpg,train_194_4.jpg,data/wood_species/raw/oak/train_194_4.jpg,200,200,3,5106
WOOD-AUTH,train,4,oak,195_4.jpg,train_195_4.jpg,data/wood_species/raw/oak/train_195_4.jpg,200,200,3,5148
WOOD-AUTH,train,4,oak,196_4.jpg,train_196_4.jpg,data/wood_species/raw/oak/train_196_4.jpg,200,200,3,5088
WOOD-AUTH,train,4,oak,197_4.jpg,train_197_4.jpg,data/wood_species/raw/oak/train_197_4.jpg,200,200,3,4910
WOOD-AUTH,train,4,oak,198_4.jpg,train_198_4.jpg,data/wood_species/raw/oak/train_198_4.jpg,200,200,3,4839
WOOD-AUTH,train,4,oak,199_4.jpg,train_199_4.jpg,data/wood_species/raw/oak/train_199_4.jpg,200,200,3,4673
WOOD-AUTH,train,4,oak,2_4.jpg,train_2_4.jpg,data/wood_species/raw/oak/train_2_4.jpg,200,200,3,4991
WOOD-AUTH,train,4,oak,20_4.jpg,train_20_4.jpg,data/wood_species/raw/oak/train_20_4.jpg,200,200,3,5543
WOOD-AUTH,train,4,oak,200_4.jpg,train_200_4.jpg,data/wood_species/raw/oak/train_200_4.jpg,200,200,3,4942
WOOD-AUTH,train,4,oak,201_4.jpg,train_201_4.jpg,data/wood_species/raw/oak/train_201_4.jpg,200,200,3,5319
WOOD-AUTH,train,4,oak,202_4.jpg,train_202_4.jpg,data/wood_species/raw/oak/train_202_4.jpg,200,200,3,5310
WOOD-AUTH,train,4,oak,203_4.jpg,train_203_4.jpg,data/wood_species/raw/oak/train_203_4.jpg,200,200,3,5479
WOOD-AUTH,train,4,oak,204_4.jpg,train_204_4.jpg,data/wood_species/raw/oak/train_204_4.jpg,200,200,3,5151
WOOD-AUTH,train,4,oak,205_4.jpg,train_205_4.jpg,data/wood_species/raw/oak/train_205_4.jpg,200,200,3,4768
WOOD-AUTH,train,4,oak,206_4.jpg,train_206_4.jpg,data/wood_species/raw/oak/train_206_4.jpg,200,200,3,4572
WOOD-AUTH,train,4,oak,207_4.jpg,train_207_4.jpg,data/wood_species/raw/oak/train_207_4.jpg,200,200,3,4663
WOOD-AUTH,train,4,oak,208_4.jpg,train_208_4.jpg,data/wood_species/raw/oak/train_208_4.jpg,200,200,3,4449
WOOD-AUTH,train,4,oak,209_4.jpg,train_209_4.jpg,data/wood_species/raw/oak/train_209_4.jpg,200,200,3,5361
WOOD-AUTH,train,4,oak,21_4.jpg,train_21_4.jpg,data/wood_species/raw/oak/train_21_4.jpg,200,200,3,4574
WOOD-AUTH,train,4,oak,210_4.jpg,train_210_4.jpg,data/wood_species/raw/oak/train_210_4.jpg,200,200,3,5222
WOOD-AUTH,train,4,oak,211_4.jpg,train_211_4.jpg,data/wood_species/raw/oak/train_211_4.jpg,200,200,3,5369
WOOD-AUTH,train,4,oak,212_4.jpg,train_212_4.jpg,data/wood_species/raw/oak/train_212_4.jpg,200,200,3,6179
WOOD-AUTH,train,4,oak,213_4.jpg,train_213_4.jpg,data/wood_species/raw/oak/train_213_4.jpg,200,200,3,4542
WOOD-AUTH,train,4,oak,214_4.jpg,train_214_4.jpg,data/wood_species/raw/oak/train_214_4.jpg,200,200,3,4370
WOOD-AUTH,train,4,oak,215_4.jpg,train_215_4.jpg,data/wood_species/raw/oak/train_215_4.jpg,200,200,3,5441
WOOD-AUTH,train,4,oak,216_4.jpg,train_216_4.jpg,data/wood_species/raw/oak/train_216_4.jpg,200,200,3,5166
WOOD-AUTH,train,4,oak,217_4.jpg,train_217_4.jpg,data/wood_species/raw/oak/train_217_4.jpg,200,200,3,6120
WOOD-AUTH,train,4,oak,218_4.jpg,train_218_4.jpg,data/wood_species/raw/oak/train_218_4.jpg,200,200,3,5804
WOOD-AUTH,train,4,oak,219_4.jpg,train_219_4.jpg,data/wood_species/raw/oak/train_219_4.jpg,200,200,3,6064
WOOD-AUTH,train,4,oak,22_4.jpg,train_22_4.jpg,data/wood_species/raw/oak/train_22_4.jpg,200,200,3,4465
WOOD-AUTH,train,4,oak,220_4.jpg,train_220_4.jpg,data/wood_species/raw/oak/train_220_4.jpg,200,200,3,5917
WOOD-AUTH,train,4,oak,221_4.jpg,train_221_4.jpg,data/wood_species/raw/oak/train_221_4.jpg,200,200,3,5390
WOOD-AUTH,train,4,oak,222_4.jpg,train_222_4.jpg,data/wood_species/raw/oak/train_222_4.jpg,200,200,3,5043
WOOD-AUTH,train,4,oak,223_4.jpg,train_223_4.jpg,data/wood_species/raw/oak/train_223_4.jpg,200,200,3,5451
WOOD-AUTH,train,4,oak,224_4.jpg,train_224_4.jpg,data/wood_species/raw/oak/train_224_4.jpg,200,200,3,5560
WOOD-AUTH,train,4,oak,225_4.jpg,train_225_4.jpg,data/wood_species/raw/oak/train_225_4.jpg,200,200,3,6010
WOOD-AUTH,train,4,oak,226_4.jpg,train_226_4.jpg,data/wood_species/raw/oak/train_226_4.jpg,200,200,3,6699
WOOD-AUTH,train,4,oak,227_4.jpg,train_227_4.jpg,data/wood_species/raw/oak/train_227_4.jpg,200,200,3,6436
WOOD-AUTH,train,4,oak,228_4.jpg,train_228_4.jpg,data/wood_species/raw/oak/train_228_4.jpg,200,200,3,6517
WOOD-AUTH,train,4,oak,229_4.jpg,train_229_4.jpg,data/wood_species/raw/oak/train_229_4.jpg,200,200,3,5327
WOOD-AUTH,train,4,oak,23_4.jpg,train_23_4.jpg,data/wood_species/raw/oak/train_23_4.jpg,200,200,3,4440
WOOD-AUTH,train,4,oak,230_4.jpg,train_230_4.jpg,data/wood_species/raw/oak/train_230_4.jpg,200,200,3,5030
WOOD-AUTH,train,4,oak,231_4.jpg,train_231_4.jpg,data/wood_species/raw/oak/train_231_4.jpg,200,200,3,5389
WOOD-AUTH,train,4,oak,232_4.jpg,train_232_4.jpg,data/wood_species/raw/oak/train_232_4.jpg,200,200,3,5198
WOOD-AUTH,train,4,oak,233_4.jpg,train_233_4.jpg,data/wood_species/raw/oak/train_233_4.jpg,200,200,3,6538
WOOD-AUTH,train,4,oak,234_4.jpg,train_234_4.jpg,data/wood_species/raw/oak/train_234_4.jpg,200,200,3,6285
WOOD-AUTH,train,4,oak,235_4.jpg,train_235_4.jpg,data/wood_species/raw/oak/train_235_4.jpg,200,200,3,6412
WOOD-AUTH,train,4,oak,236_4.jpg,train_236_4.jpg,data/wood_species/raw/oak/train_236_4.jpg,200,200,3,6234
WOOD-AUTH,train,4,oak,237_4.jpg,train_237_4.jpg,data/wood_species/raw/oak/train_237_4.jpg,200,200,3,9865
WOOD-AUTH,train,4,oak,238_4.jpg,train_238_4.jpg,data/wood_species/raw/oak/train_238_4.jpg,200,200,3,9829
WOOD-AUTH,train,4,oak,239_4.jpg,train_239_4.jpg,data/wood_species/raw/oak/train_239_4.jpg,200,200,3,9868
WOOD-AUTH,train,4,oak,24_4.jpg,train_24_4.jpg,data/wood_species/raw/oak/train_24_4.jpg,200,200,3,4451
WOOD-AUTH,train,4,oak,240_4.jpg,train_240_4.jpg,data/wood_species/raw/oak/train_240_4.jpg,200,200,3,10178
WOOD-AUTH,train,4,oak,241_4.jpg,train_241_4.jpg,data/wood_species/raw/oak/train_241_4.jpg,200,200,3,9014
WOOD-AUTH,train,4,oak,242_4.jpg,train_242_4.jpg,data/wood_species/raw/oak/train_242_4.jpg,200,200,3,8600
WOOD-AUTH,train,4,oak,243_4.jpg,train_243_4.jpg,data/wood_species/raw/oak/train_243_4.jpg,200,200,3,8915
WOOD-AUTH,train,4,oak,244_4.jpg,train_244_4.jpg,data/wood_species/raw/oak/train_244_4.jpg,200,200,3,8796
WOOD-AUTH,train,4,oak,245_4.jpg,train_245_4.jpg,data/wood_species/raw/oak/train_245_4.jpg,200,200,3,9413
WOOD-AUTH,train,4,oak,246_4.jpg,train_246_4.jpg,data/wood_species/raw/oak/train_246_4.jpg,200,200,3,8797
WOOD-AUTH,train,4,oak,247_4.jpg,train_247_4.jpg,data/wood_species/raw/oak/train_247_4.jpg,200,200,3,9492
WOOD-AUTH,train,4,oak,248_4.jpg,train_248_4.jpg,data/wood_species/raw/oak/train_248_4.jpg,200,200,3,9149
WOOD-AUTH,train,4,oak,249_4.jpg,train_249_4.jpg,data/wood_species/raw/oak/train_249_4.jpg,200,200,3,8484
WOOD-AUTH,train,4,oak,25_4.jpg,train_25_4.jpg,data/wood_species/raw/oak/train_25_4.jpg,200,200,3,3706
WOOD-AUTH,train,4,oak,250_4.jpg,train_250_4.jpg,data/wood_species/raw/oak/train_250_4.jpg,200,200,3,8159
WOOD-AUTH,train,4,oak,251_4.jpg,train_251_4.jpg,data/wood_species/raw/oak/train_251_4.jpg,200,200,3,8262
WOOD-AUTH,train,4,oak,252_4.jpg,train_252_4.jpg,data/wood_species/raw/oak/train_252_4.jpg,200,200,3,7848
WOOD-AUTH,train,4,oak,253_4.jpg,train_253_4.jpg,data/wood_species/raw/oak/train_253_4.jpg,200,200,3,8414
WOOD-AUTH,train,4,oak,254_4.jpg,train_254_4.jpg,data/wood_species/raw/oak/train_254_4.jpg,200,200,3,8206
WOOD-AUTH,train,4,oak,255_4.jpg,train_255_4.jpg,data/wood_species/raw/oak/train_255_4.jpg,200,200,3,8375
WOOD-AUTH,train,4,oak,256_4.jpg,train_256_4.jpg,data/wood_species/raw/oak/train_256_4.jpg,200,200,3,8240
WOOD-AUTH,train,4,oak,257_4.jpg,train_257_4.jpg,data/wood_species/raw/oak/train_257_4.jpg,200,200,3,8717
WOOD-AUTH,train,4,oak,258_4.jpg,train_258_4.jpg,data/wood_species/raw/oak/train_258_4.jpg,200,200,3,8556
WOOD-AUTH,train,4,oak,259_4.jpg,train_259_4.jpg,data/wood_species/raw/oak/train_259_4.jpg,200,200,3,8551
WOOD-AUTH,train,4,oak,26_4.jpg,train_26_4.jpg,data/wood_species/raw/oak/train_26_4.jpg,200,200,3,3719
WOOD-AUTH,train,4,oak,260_4.jpg,train_260_4.jpg,data/wood_species/raw/oak/train_260_4.jpg,200,200,3,8428
WOOD-AUTH,train,4,oak,261_4.jpg,train_261_4.jpg,data/wood_species/raw/oak/train_261_4.jpg,200,200,3,4858
WOOD-AUTH,train,4,oak,262_4.jpg,train_262_4.jpg,data/wood_species/raw/oak/train_262_4.jpg,200,200,3,4497
WOOD-AUTH,train,4,oak,263_4.jpg,train_263_4.jpg,data/wood_species/raw/oak/train_263_4.jpg,200,200,3,4589
WOOD-AUTH,train,4,oak,264_4.jpg,train_264_4.jpg,data/wood_species/raw/oak/train_264_4.jpg,200,200,3,4487
WOOD-AUTH,train,4,oak,265_4.jpg,train_265_4.jpg,data/wood_species/raw/oak/train_265_4.jpg,200,200,3,4793
WOOD-AUTH,train,4,oak,266_4.jpg,train_266_4.jpg,data/wood_species/raw/oak/train_266_4.jpg,200,200,3,5120
WOOD-AUTH,train,4,oak,267_4.jpg,train_267_4.jpg,data/wood_species/raw/oak/train_267_4.jpg,200,200,3,4889
WOOD-AUTH,train,4,oak,268_4.jpg,train_268_4.jpg,data/wood_species/raw/oak/train_268_4.jpg,200,200,3,4605
WOOD-AUTH,train,4,oak,269_4.jpg,train_269_4.jpg,data/wood_species/raw/oak/train_269_4.jpg,200,200,3,5817
WOOD-AUTH,train,4,oak,27_4.jpg,train_27_4.jpg,data/wood_species/raw/oak/train_27_4.jpg,200,200,3,3795
WOOD-AUTH,train,4,oak,270_4.jpg,train_270_4.jpg,data/wood_species/raw/oak/train_270_4.jpg,200,200,3,5695
WOOD-AUTH,train,4,oak,271_4.jpg,train_271_4.jpg,data/wood_species/raw/oak/train_271_4.jpg,200,200,3,6100
WOOD-AUTH,train,4,oak,272_4.jpg,train_272_4.jpg,data/wood_species/raw/oak/train_272_4.jpg,200,200,3,5526
WOOD-AUTH,train,4,oak,273_4.jpg,train_273_4.jpg,data/wood_species/raw/oak/train_273_4.jpg,200,200,3,6407
WOOD-AUTH,train,4,oak,274_4.jpg,train_274_4.jpg,data/wood_species/raw/oak/train_274_4.jpg,200,200,3,6601
WOOD-AUTH,train,4,oak,275_4.jpg,train_275_4.jpg,data/wood_species/raw/oak/train_275_4.jpg,200,200,3,6853
WOOD-AUTH,train,4,oak,276_4.jpg,train_276_4.jpg,data/wood_species/raw/oak/train_276_4.jpg,200,200,3,6873
WOOD-AUTH,train,4,oak,277_4.jpg,train_277_4.jpg,data/wood_species/raw/oak/train_277_4.jpg,200,200,3,6428
WOOD-AUTH,train,4,oak,278_4.jpg,train_278_4.jpg,data/wood_species/raw/oak/train_278_4.jpg,200,200,3,6448
WOOD-AUTH,train,4,oak,279_4.jpg,train_279_4.jpg,data/wood_species/raw/oak/train_279_4.jpg,200,200,3,6433
WOOD-AUTH,train,4,oak,28_4.jpg,train_28_4.jpg,data/wood_species/raw/oak/train_28_4.jpg,200,200,3,3590
WOOD-AUTH,train,4,oak,280_4.jpg,train_280_4.jpg,data/wood_species/raw/oak/train_280_4.jpg,200,200,3,6567
WOOD-AUTH,train,4,oak,281_4.jpg,train_281_4.jpg,data/wood_species/raw/oak/train_281_4.jpg,200,200,3,4405
WOOD-AUTH,train,4,oak,282_4.jpg,train_282_4.jpg,data/wood_species/raw/oak/train_282_4.jpg,200,200,3,4383
WOOD-AUTH,train,4,oak,283_4.jpg,train_283_4.jpg,data/wood_species/raw/oak/train_283_4.jpg,200,200,3,4331
WOOD-AUTH,train,4,oak,284_4.jpg,train_284_4.jpg,data/wood_species/raw/oak/train_284_4.jpg,200,200,3,4347
WOOD-AUTH,train,4,oak,285_4.jpg,train_285_4.jpg,data/wood_species/raw/oak/train_285_4.jpg,200,200,3,4278
WOOD-AUTH,train,4,oak,286_4.jpg,train_286_4.jpg,data/wood_species/raw/oak/train_286_4.jpg,200,200,3,4532
WOOD-AUTH,train,4,oak,287_4.jpg,train_287_4.jpg,data/wood_species/raw/oak/train_287_4.jpg,200,200,3,4166
WOOD-AUTH,train,4,oak,288_4.jpg,train_288_4.jpg,data/wood_species/raw/oak/train_288_4.jpg,200,200,3,4423
WOOD-AUTH,train,4,oak,289_4.jpg,train_289_4.jpg,data/wood_species/raw/oak/train_289_4.jpg,200,200,3,4321
WOOD-AUTH,train,4,oak,29_4.jpg,train_29_4.jpg,data/wood_species/raw/oak/train_29_4.jpg,200,200,3,4497
WOOD-AUTH,train,4,oak,290_4.jpg,train_290_4.jpg,data/wood_species/raw/oak/train_290_4.jpg,200,200,3,4471
WOOD-AUTH,train,4,oak,291_4.jpg,train_291_4.jpg,data/wood_species/raw/oak/train_291_4.jpg,200,200,3,4461
WOOD-AUTH,train,4,oak,292_4.jpg,train_292_4.jpg,data/wood_species/raw/oak/train_292_4.jpg,200,200,3,4484
WOOD-AUTH,train,4,oak,293_4.jpg,train_293_4.jpg,data/wood_species/raw/oak/train_293_4.jpg,200,200,3,5171
WOOD-AUTH,train,4,oak,294_4.jpg,train_294_4.jpg,data/wood_species/raw/oak/train_294_4.jpg,200,200,3,5081
WOOD-AUTH,train,4,oak,295_4.jpg,train_295_4.jpg,data/wood_species/raw/oak/train_295_4.jpg,200,200,3,5042
WOOD-AUTH,train,4,oak,296_4.jpg,train_296_4.jpg,data/wood_species/raw/oak/train_296_4.jpg,200,200,3,5031
WOOD-AUTH,train,4,oak,297_4.jpg,train_297_4.jpg,data/wood_species/raw/oak/train_297_4.jpg,200,200,3,4514
WOOD-AUTH,train,4,oak,298_4.jpg,train_298_4.jpg,data/wood_species/raw/oak/train_298_4.jpg,200,200,3,4765
WOOD-AUTH,train,4,oak,299_4.jpg,train_299_4.jpg,data/wood_species/raw/oak/train_299_4.jpg,200,200,3,4516
WOOD-AUTH,train,4,oak,3_4.jpg,train_3_4.jpg,data/wood_species/raw/oak/train_3_4.jpg,200,200,3,4839
WOOD-AUTH,train,4,oak,30_4.jpg,train_30_4.jpg,data/wood_species/raw/oak/train_30_4.jpg,200,200,3,4371
WOOD-AUTH,train,4,oak,300_4.jpg,train_300_4.jpg,data/wood_species/raw/oak/train_300_4.jpg,200,200,3,4808
WOOD-AUTH,train,4,oak,301_4.jpg,train_301_4.jpg,data/wood_species/raw/oak/train_301_4.jpg,200,200,3,5660
WOOD-AUTH,train,4,oak,302_4.jpg,train_302_4.jpg,data/wood_species/raw/oak/train_302_4.jpg,200,200,3,5583
WOOD-AUTH,train,4,oak,303_4.jpg,train_303_4.jpg,data/wood_species/raw/oak/train_303_4.jpg,200,200,3,5157
WOOD-AUTH,train,4,oak,304_4.jpg,train_304_4.jpg,data/wood_species/raw/oak/train_304_4.jpg,200,200,3,5187
WOOD-AUTH,train,4,oak,305_4.jpg,train_305_4.jpg,data/wood_species/raw/oak/train_305_4.jpg,200,200,3,5356
WOOD-AUTH,train,4,oak,306_4.jpg,train_306_4.jpg,data/wood_species/raw/oak/train_306_4.jpg,200,200,3,5183
WOOD-AUTH,train,4,oak,307_4.jpg,train_307_4.jpg,data/wood_species/raw/oak/train_307_4.jpg,200,200,3,5121
WOOD-AUTH,train,4,oak,308_4.jpg,train_308_4.jpg,data/wood_species/raw/oak/train_308_4.jpg,200,200,3,5067
WOOD-AUTH,train,4,oak,309_4.jpg,train_309_4.jpg,data/wood_species/raw/oak/train_309_4.jpg,200,200,3,5764
WOOD-AUTH,train,4,oak,31_4.jpg,train_31_4.jpg,data/wood_species/raw/oak/train_31_4.jpg,200,200,3,4434
WOOD-AUTH,train,4,oak,310_4.jpg,train_310_4.jpg,data/wood_species/raw/oak/train_310_4.jpg,200,200,3,5662
WOOD-AUTH,train,4,oak,311_4.jpg,train_311_4.jpg,data/wood_species/raw/oak/train_311_4.jpg,200,200,3,5684
WOOD-AUTH,train,4,oak,312_4.jpg,train_312_4.jpg,data/wood_species/raw/oak/train_312_4.jpg,200,200,3,5686
WOOD-AUTH,train,4,oak,313_4.jpg,train_313_4.jpg,data/wood_species/raw/oak/train_313_4.jpg,200,200,3,5374
WOOD-AUTH,train,4,oak,314_4.jpg,train_314_4.jpg,data/wood_species/raw/oak/train_314_4.jpg,200,200,3,5513
WOOD-AUTH,train,4,oak,315_4.jpg,train_315_4.jpg,data/wood_species/raw/oak/train_315_4.jpg,200,200,3,5442
WOOD-AUTH,train,4,oak,316_4.jpg,train_316_4.jpg,data/wood_species/raw/oak/train_316_4.jpg,200,200,3,5254
WOOD-AUTH,train,4,oak,317_4.jpg,train_317_4.jpg,data/wood_species/raw/oak/train_317_4.jpg,200,200,3,7591
WOOD-AUTH,train,4,oak,318_4.jpg,train_318_4.jpg,data/wood_species/raw/oak/train_318_4.jpg,200,200,3,7672
WOOD-AUTH,train,4,oak,319_4.jpg,train_319_4.jpg,data/wood_species/raw/oak/train_319_4.jpg,200,200,3,7497
WOOD-AUTH,train,4,oak,32_4.jpg,train_32_4.jpg,data/wood_species/raw/oak/train_32_4.jpg,200,200,3,4331
WOOD-AUTH,train,4,oak,320_4.jpg,train_320_4.jpg,data/wood_species/raw/oak/train_320_4.jpg,200,200,3,7532
WOOD-AUTH,train,4,oak,321_4.jpg,train_321_4.jpg,data/wood_species/raw/oak/train_321_4.jpg,200,200,3,6776
WOOD-AUTH,train,4,oak,322_4.jpg,train_322_4.jpg,data/wood_species/raw/oak/train_322_4.jpg,200,200,3,6824
WOOD-AUTH,train,4,oak,323_4.jpg,train_323_4.jpg,data/wood_species/raw/oak/train_323_4.jpg,200,200,3,6570
WOOD-AUTH,train,4,oak,324_4.jpg,train_324_4.jpg,data/wood_species/raw/oak/train_324_4.jpg,200,200,3,6817
WOOD-AUTH,train,4,oak,325_4.jpg,train_325_4.jpg,data/wood_species/raw/oak/train_325_4.jpg,200,200,3,6801
WOOD-AUTH,train,4,oak,326_4.jpg,train_326_4.jpg,data/wood_species/raw/oak/train_326_4.jpg,200,200,3,6912
WOOD-AUTH,train,4,oak,327_4.jpg,train_327_4.jpg,data/wood_species/raw/oak/train_327_4.jpg,200,200,3,7250
WOOD-AUTH,train,4,oak,328_4.jpg,train_328_4.jpg,data/wood_species/raw/oak/train_328_4.jpg,200,200,3,6693
WOOD-AUTH,train,4,oak,329_4.jpg,train_329_4.jpg,data/wood_species/raw/oak/train_329_4.jpg,200,200,3,7399
WOOD-AUTH,train,4,oak,33_4.jpg,train_33_4.jpg,data/wood_species/raw/oak/train_33_4.jpg,200,200,3,5565
WOOD-AUTH,train,4,oak,330_4.jpg,train_330_4.jpg,data/wood_species/raw/oak/train_330_4.jpg,200,200,3,7304
WOOD-AUTH,train,4,oak,331_4.jpg,train_331_4.jpg,data/wood_species/raw/oak/train_331_4.jpg,200,200,3,6983
WOOD-AUTH,train,4,oak,332_4.jpg,train_332_4.jpg,data/wood_species/raw/oak/train_332_4.jpg,200,200,3,7243
WOOD-AUTH,train,4,oak,333_4.jpg,train_333_4.jpg,data/wood_species/raw/oak/train_333_4.jpg,200,200,3,7599
WOOD-AUTH,train,4,oak,334_4.jpg,train_334_4.jpg,data/wood_species/raw/oak/train_334_4.jpg,200,200,3,7501
WOOD-AUTH,train,4,oak,335_4.jpg,train_335_4.jpg,data/wood_species/raw/oak/train_335_4.jpg,200,200,3,7718
WOOD-AUTH,train,4,oak,336_4.jpg,train_336_4.jpg,data/wood_species/raw/oak/train_336_4.jpg,200,200,3,7453
WOOD-AUTH,train,4,oak,337_4.jpg,train_337_4.jpg,data/wood_species/raw/oak/train_337_4.jpg,200,200,3,5187
WOOD-AUTH,train,4,oak,338_4.jpg,train_338_4.jpg,data/wood_species/raw/oak/train_338_4.jpg,200,200,3,5312
WOOD-AUTH,train,4,oak,339_4.jpg,train_339_4.jpg,data/wood_species/raw/oak/train_339_4.jpg,200,200,3,5194
WOOD-AUTH,train,4,oak,34_4.jpg,train_34_4.jpg,data/wood_species/raw/oak/train_34_4.jpg,200,200,3,5403
WOOD-AUTH,train,4,oak,340_4.jpg,train_340_4.jpg,data/wood_species/raw/oak/train_340_4.jpg,200,200,3,4814
WOOD-AUTH,train,4,oak,341_4.jpg,train_341_4.jpg,data/wood_species/raw/oak/train_341_4.jpg,200,200,3,5061
WOOD-AUTH,train,4,oak,342_4.jpg,train_342_4.jpg,data/wood_species/raw/oak/train_342_4.jpg,200,200,3,5268
WOOD-AUTH,train,4,oak,343_4.jpg,train_343_4.jpg,data/wood_species/raw/oak/train_343_4.jpg,200,200,3,5464
WOOD-AUTH,train,4,oak,344_4.jpg,train_344_4.jpg,data/wood_species/raw/oak/train_344_4.jpg,200,200,3,5589
WOOD-AUTH,train,4,oak,345_4.jpg,train_345_4.jpg,data/wood_species/raw/oak/train_345_4.jpg,200,200,3,5521
WOOD-AUTH,train,4,oak,346_4.jpg,train_346_4.jpg,data/wood_species/raw/oak/train_346_4.jpg,200,200,3,5295
WOOD-AUTH,train,4,oak,347_4.jpg,train_347_4.jpg,data/wood_species/raw/oak/train_347_4.jpg,200,200,3,5202
WOOD-AUTH,train,4,oak,348_4.jpg,train_348_4.jpg,data/wood_species/raw/oak/train_348_4.jpg,200,200,3,5175
WOOD-AUTH,train,4,oak,349_4.jpg,train_349_4.jpg,data/wood_species/raw/oak/train_349_4.jpg,200,200,3,5930
WOOD-AUTH,train,4,oak,35_4.jpg,train_35_4.jpg,data/wood_species/raw/oak/train_35_4.jpg,200,200,3,5111
WOOD-AUTH,train,4,oak,350_4.jpg,train_350_4.jpg,data/wood_species/raw/oak/train_350_4.jpg,200,200,3,5926
WOOD-AUTH,train,4,oak,351_4.jpg,train_351_4.jpg,data/wood_species/raw/oak/train_351_4.jpg,200,200,3,5291
WOOD-AUTH,train,4,oak,352_4.jpg,train_352_4.jpg,data/wood_species/raw/oak/train_352_4.jpg,200,200,3,5645
WOOD-AUTH,train,4,oak,353_4.jpg,train_353_4.jpg,data/wood_species/raw/oak/train_353_4.jpg,200,200,3,5380
WOOD-AUTH,train,4,oak,354_4.jpg,train_354_4.jpg,data/wood_species/raw/oak/train_354_4.jpg,200,200,3,5811
WOOD-AUTH,train,4,oak,355_4.jpg,train_355_4.jpg,data/wood_species/raw/oak/train_355_4.jpg,200,200,3,5252
WOOD-AUTH,train,4,oak,356_4.jpg,train_356_4.jpg,data/wood_species/raw/oak/train_356_4.jpg,200,200,3,5741
WOOD-AUTH,train,4,oak,357_4.jpg,train_357_4.jpg,data/wood_species/raw/oak/train_357_4.jpg,200,200,3,6135
WOOD-AUTH,train,4,oak,358_4.jpg,train_358_4.jpg,data/wood_species/raw/oak/train_358_4.jpg,200,200,3,5624
WOOD-AUTH,train,4,oak,359_4.jpg,train_359_4.jpg,data/wood_species/raw/oak/train_359_4.jpg,200,200,3,5359
WOOD-AUTH,train,4,oak,36_4.jpg,train_36_4.jpg,data/wood_species/raw/oak/train_36_4.jpg,200,200,3,4925
WOOD-AUTH,train,4,oak,360_4.jpg,train_360_4.jpg,data/wood_species/raw/oak/train_360_4.jpg,200,200,3,5830
WOOD-AUTH,train,4,oak,361_4.jpg,train_361_4.jpg,data/wood_species/raw/oak/train_361_4.jpg,200,200,3,5614
WOOD-AUTH,train,4,oak,362_4.jpg,train_362_4.jpg,data/wood_species/raw/oak/train_362_4.jpg,200,200,3,5602
WOOD-AUTH,train,4,oak,363_4.jpg,train_363_4.jpg,data/wood_species/raw/oak/train_363_4.jpg,200,200,3,5405
WOOD-AUTH,train,4,oak,364_4.jpg,train_364_4.jpg,data/wood_species/raw/oak/train_364_4.jpg,200,200,3,5350
WOOD-AUTH,train,4,oak,365_4.jpg,train_365_4.jpg,data/wood_species/raw/oak/train_365_4.jpg,200,200,3,5770
WOOD-AUTH,train,4,oak,366_4.jpg,train_366_4.jpg,data/wood_species/raw/oak/train_366_4.jpg,200,200,3,5675
WOOD-AUTH,train,4,oak,367_4.jpg,train_367_4.jpg,data/wood_species/raw/oak/train_367_4.jpg,200,200,3,4787
WOOD-AUTH,train,4,oak,368_4.jpg,train_368_4.jpg,data/wood_species/raw/oak/train_368_4.jpg,200,200,3,4613
WOOD-AUTH,train,4,oak,369_4.jpg,train_369_4.jpg,data/wood_species/raw/oak/train_369_4.jpg,200,200,3,6498
WOOD-AUTH,train,4,oak,37_4.jpg,train_37_4.jpg,data/wood_species/raw/oak/train_37_4.jpg,200,200,3,4419
WOOD-AUTH,train,4,oak,370_4.jpg,train_370_4.jpg,data/wood_species/raw/oak/train_370_4.jpg,200,200,3,6459
WOOD-AUTH,train,4,oak,371_4.jpg,train_371_4.jpg,data/wood_species/raw/oak/train_371_4.jpg,200,200,3,6921
WOOD-AUTH,train,4,oak,372_4.jpg,train_372_4.jpg,data/wood_species/raw/oak/train_372_4.jpg,200,200,3,6742
WOOD-AUTH,train,4,oak,373_4.jpg,train_373_4.jpg,data/wood_species/raw/oak/train_373_4.jpg,200,200,3,5322
WOOD-AUTH,train,4,oak,374_4.jpg,train_374_4.jpg,data/wood_species/raw/oak/train_374_4.jpg,200,200,3,5368
WOOD-AUTH,train,4,oak,375_4.jpg,train_375_4.jpg,data/wood_species/raw/oak/train_375_4.jpg,200,200,3,5122
WOOD-AUTH,train,4,oak,376_4.jpg,train_376_4.jpg,data/wood_species/raw/oak/train_376_4.jpg,200,200,3,5291
WOOD-AUTH,train,4,oak,377_4.jpg,train_377_4.jpg,data/wood_species/raw/oak/train_377_4.jpg,200,200,3,5844
WOOD-AUTH,train,4,oak,378_4.jpg,train_378_4.jpg,data/wood_species/raw/oak/train_378_4.jpg,200,200,3,5854
WOOD-AUTH,train,4,oak,379_4.jpg,train_379_4.jpg,data/wood_species/raw/oak/train_379_4.jpg,200,200,3,6233
WOOD-AUTH,train,4,oak,38_4.jpg,train_38_4.jpg,data/wood_species/raw/oak/train_38_4.jpg,200,200,3,4286
WOOD-AUTH,train,4,oak,380_4.jpg,train_380_4.jpg,data/wood_species/raw/oak/train_380_4.jpg,200,200,3,5854
WOOD-AUTH,train,4,oak,381_4.jpg,train_381_4.jpg,data/wood_species/raw/oak/train_381_4.jpg,200,200,3,5453
WOOD-AUTH,train,4,oak,382_4.jpg,train_382_4.jpg,data/wood_species/raw/oak/train_382_4.jpg,200,200,3,5448
WOOD-AUTH,train,4,oak,383_4.jpg,train_383_4.jpg,data/wood_species/raw/oak/train_383_4.jpg,200,200,3,5244
WOOD-AUTH,train,4,oak,384_4.jpg,train_384_4.jpg,data/wood_species/raw/oak/train_384_4.jpg,200,200,3,5154
WOOD-AUTH,train,4,oak,385_4.jpg,train_385_4.jpg,data/wood_species/raw/oak/train_385_4.jpg,200,200,3,7463
WOOD-AUTH,train,4,oak,386_4.jpg,train_386_4.jpg,data/wood_species/raw/oak/train_386_4.jpg,200,200,3,7768
WOOD-AUTH,train,4,oak,387_4.jpg,train_387_4.jpg,data/wood_species/raw/oak/train_387_4.jpg,200,200,3,7991
WOOD-AUTH,train,4,oak,388_4.jpg,train_388_4.jpg,data/wood_species/raw/oak/train_388_4.jpg,200,200,3,7920
WOOD-AUTH,train,4,oak,389_4.jpg,train_389_4.jpg,data/wood_species/raw/oak/train_389_4.jpg,200,200,3,7627
WOOD-AUTH,train,4,oak,39_4.jpg,train_39_4.jpg,data/wood_species/raw/oak/train_39_4.jpg,200,200,3,4498
WOOD-AUTH,train,4,oak,390_4.jpg,train_390_4.jpg,data/wood_species/raw/oak/train_390_4.jpg,200,200,3,7734
WOOD-AUTH,train,4,oak,391_4.jpg,train_391_4.jpg,data/wood_species/raw/oak/train_391_4.jpg,200,200,3,7749
WOOD-AUTH,train,4,oak,392_4.jpg,train_392_4.jpg,data/wood_species/raw/oak/train_392_4.jpg,200,200,3,7806
WOOD-AUTH,train,4,oak,393_4.jpg,train_393_4.jpg,data/wood_species/raw/oak/train_393_4.jpg,200,200,3,7838
WOOD-AUTH,train,4,oak,394_4.jpg,train_394_4.jpg,data/wood_species/raw/oak/train_394_4.jpg,200,200,3,7980
WOOD-AUTH,train,4,oak,395_4.jpg,train_395_4.jpg,data/wood_species/raw/oak/train_395_4.jpg,200,200,3,7660
WOOD-AUTH,train,4,oak,396_4.jpg,train_396_4.jpg,data/wood_species/raw/oak/train_396_4.jpg,200,200,3,7899
WOOD-AUTH,train,4,oak,397_4.jpg,train_397_4.jpg,data/wood_species/raw/oak/train_397_4.jpg,200,200,3,7562
WOOD-AUTH,train,4,oak,398_4.jpg,train_398_4.jpg,data/wood_species/raw/oak/train_398_4.jpg,200,200,3,7320
WOOD-AUTH,train,4,oak,399_4.jpg,train_399_4.jpg,data/wood_species/raw/oak/train_399_4.jpg,200,200,3,7448
WOOD-AUTH,train,4,oak,4_4.jpg,train_4_4.jpg,data/wood_species/raw/oak/train_4_4.jpg,200,200,3,5089
WOOD-AUTH,train,4,oak,40_4.jpg,train_40_4.jpg,data/wood_species/raw/oak/train_40_4.jpg,200,200,3,4222
WOOD-AUTH,train,4,oak,400_4.jpg,train_400_4.jpg,data/wood_species/raw/oak/train_400_4.jpg,200,200,3,7569
WOOD-AUTH,train,4,oak,41_4.jpg,train_41_4.jpg,data/wood_species/raw/oak/train_41_4.jpg,200,200,3,4186
WOOD-AUTH,train,4,oak,42_4.jpg,train_42_4.jpg,data/wood_species/raw/oak/train_42_4.jpg,200,200,3,4151
WOOD-AUTH,train,4,oak,43_4.jpg,train_43_4.jpg,data/wood_species/raw/oak/train_43_4.jpg,200,200,3,4043
WOOD-AUTH,train,4,oak,44_4.jpg,train_44_4.jpg,data/wood_species/raw/oak/train_44_4.jpg,200,200,3,4028
WOOD-AUTH,train,4,oak,45_4.jpg,train_45_4.jpg,data/wood_species/raw/oak/train_45_4.jpg,200,200,3,5790
WOOD-AUTH,train,4,oak,46_4.jpg,train_46_4.jpg,data/wood_species/raw/oak/train_46_4.jpg,200,200,3,5452
WOOD-AUTH,train,4,oak,47_4.jpg,train_47_4.jpg,data/wood_species/raw/oak/train_47_4.jpg,200,200,3,5775
WOOD-AUTH,train,4,oak,48_4.jpg,train_48_4.jpg,data/wood_species/raw/oak/train_48_4.jpg,200,200,3,5520
WOOD-AUTH,train,4,oak,49_4.jpg,train_49_4.jpg,data/wood_species/raw/oak/train_49_4.jpg,200,200,3,7890
WOOD-AUTH,train,4,oak,5_4.jpg,train_5_4.jpg,data/wood_species/raw/oak/train_5_4.jpg,200,200,3,6444
WOOD-AUTH,train,4,oak,50_4.jpg,train_50_4.jpg,data/wood_species/raw/oak/train_50_4.jpg,200,200,3,8109
WOOD-AUTH,train,4,oak,51_4.jpg,train_51_4.jpg,data/wood_species/raw/oak/train_51_4.jpg,200,200,3,8057
WOOD-AUTH,train,4,oak,52_4.jpg,train_52_4.jpg,data/wood_species/raw/oak/train_52_4.jpg,200,200,3,8261
WOOD-AUTH,train,4,oak,53_4.jpg,train_53_4.jpg,data/wood_species/raw/oak/train_53_4.jpg,200,200,3,8024
WOOD-AUTH,train,4,oak,54_4.jpg,train_54_4.jpg,data/wood_species/raw/oak/train_54_4.jpg,200,200,3,8047
WOOD-AUTH,train,4,oak,55_4.jpg,train_55_4.jpg,data/wood_species/raw/oak/train_55_4.jpg,200,200,3,7621
WOOD-AUTH,train,4,oak,56_4.jpg,train_56_4.jpg,data/wood_species/raw/oak/train_56_4.jpg,200,200,3,7763
WOOD-AUTH,train,4,oak,57_4.jpg,train_57_4.jpg,data/wood_species/raw/oak/train_57_4.jpg,200,200,3,8516
WOOD-AUTH,train,4,oak,58_4.jpg,train_58_4.jpg,data/wood_species/raw/oak/train_58_4.jpg,200,200,3,8718
WOOD-AUTH,train,4,oak,59_4.jpg,train_59_4.jpg,data/wood_species/raw/oak/train_59_4.jpg,200,200,3,8278
WOOD-AUTH,train,4,oak,6_4.jpg,train_6_4.jpg,data/wood_species/raw/oak/train_6_4.jpg,200,200,3,6499
WOOD-AUTH,train,4,oak,60_4.jpg,train_60_4.jpg,data/wood_species/raw/oak/train_60_4.jpg,200,200,3,8611
WOOD-AUTH,train,4,oak,61_4.jpg,train_61_4.jpg,data/wood_species/raw/oak/train_61_4.jpg,200,200,3,8391
WOOD-AUTH,train,4,oak,62_4.jpg,train_62_4.jpg,data/wood_species/raw/oak/train_62_4.jpg,200,200,3,8337
WOOD-AUTH,train,4,oak,63_4.jpg,train_63_4.jpg,data/wood_species/raw/oak/train_63_4.jpg,200,200,3,8175
WOOD-AUTH,train,4,oak,64_4.jpg,train_64_4.jpg,data/wood_species/raw/oak/train_64_4.jpg,200,200,3,8545
WOOD-AUTH,train,4,oak,65_4.jpg,train_65_4.jpg,data/wood_species/raw/oak/train_65_4.jpg,200,200,3,8154
WOOD-AUTH,train,4,oak,66_4.jpg,train_66_4.jpg,data/wood_species/raw/oak/train_66_4.jpg,200,200,3,8367
WOOD-AUTH,train,4,oak,67_4.jpg,train_67_4.jpg,data/wood_species/raw/oak/train_67_4.jpg,200,200,3,8185
WOOD-AUTH,train,4,oak,68_4.jpg,train_68_4.jpg,data/wood_species/raw/oak/train_68_4.jpg,200,200,3,8059
WOOD-AUTH,train,4,oak,69_4.jpg,train_69_4.jpg,data/wood_species/raw/oak/train_69_4.jpg,200,200,3,8860
WOOD-AUTH,train,4,oak,7_4.jpg,train_7_4.jpg,data/wood_species/raw/oak/train_7_4.jpg,200,200,3,5761
WOOD-AUTH,train,4,oak,70_4.jpg,train_70_4.jpg,data/wood_species/raw/oak/train_70_4.jpg,200,200,3,8858
WOOD-AUTH,train,4,oak,71_4.jpg,train_71_4.jpg,data/wood_species/raw/oak/train_71_4.jpg,200,200,3,8789
WOOD-AUTH,train,4,oak,72_4.jpg,train_72_4.jpg,data/wood_species/raw/oak/train_72_4.jpg,200,200,3,8777
WOOD-AUTH,train,4,oak,73_4.jpg,train_73_4.jpg,data/wood_species/raw/oak/train_73_4.jpg,200,200,3,9279
WOOD-AUTH,train,4,oak,74_4.jpg,train_74_4.jpg,data/wood_species/raw/oak/train_74_4.jpg,200,200,3,9009
WOOD-AUTH,train,4,oak,75_4.jpg,train_75_4.jpg,data/wood_species/raw/oak/train_75_4.jpg,200,200,3,8943
WOOD-AUTH,train,4,oak,76_4.jpg,train_76_4.jpg,data/wood_species/raw/oak/train_76_4.jpg,200,200,3,8681
WOOD-AUTH,train,4,oak,77_4.jpg,train_77_4.jpg,data/wood_species/raw/oak/train_77_4.jpg,200,200,3,8822
WOOD-AUTH,train,4,oak,78_4.jpg,train_78_4.jpg,data/wood_species/raw/oak/train_78_4.jpg,200,200,3,8885
WOOD-AUTH,train,4,oak,79_4.jpg,train_79_4.jpg,data/wood_species/raw/oak/train_79_4.jpg,200,200,3,8563
WOOD-AUTH,train,4,oak,8_4.jpg,train_8_4.jpg,data/wood_species/raw/oak/train_8_4.jpg,200,200,3,5687
WOOD-AUTH,train,4,oak,80_4.jpg,train_80_4.jpg,data/wood_species/raw/oak/train_80_4.jpg,200,200,3,8604
WOOD-AUTH,train,4,oak,81_4.jpg,train_81_4.jpg,data/wood_species/raw/oak/train_81_4.jpg,200,200,3,8744
WOOD-AUTH,train,4,oak,82_4.jpg,train_82_4.jpg,data/wood_species/raw/oak/train_82_4.jpg,200,200,3,9082
WOOD-AUTH,train,4,oak,83_4.jpg,train_83_4.jpg,data/wood_species/raw/oak/train_83_4.jpg,200,200,3,8994
WOOD-AUTH,train,4,oak,84_4.jpg,train_84_4.jpg,data/wood_species/raw/oak/train_84_4.jpg,200,200,3,9177
WOOD-AUTH,train,4,oak,85_4.jpg,train_85_4.jpg,data/wood_species/raw/oak/train_85_4.jpg,200,200,3,5711
WOOD-AUTH,train,4,oak,86_4.jpg,train_86_4.jpg,data/wood_species/raw/oak/train_86_4.jpg,200,200,3,6118
WOOD-AUTH,train,4,oak,87_4.jpg,train_87_4.jpg,data/wood_species/raw/oak/train_87_4.jpg,200,200,3,6095
WOOD-AUTH,train,4,oak,88_4.jpg,train_88_4.jpg,data/wood_species/raw/oak/train_88_4.jpg,200,200,3,5740
WOOD-AUTH,train,4,oak,89_4.jpg,train_89_4.jpg,data/wood_species/raw/oak/train_89_4.jpg,200,200,3,5692
WOOD-AUTH,train,4,oak,9_4.jpg,train_9_4.jpg,data/wood_species/raw/oak/train_9_4.jpg,200,200,3,6775
WOOD-AUTH,train,4,oak,90_4.jpg,train_90_4.jpg,data/wood_species/raw/oak/train_90_4.jpg,200,200,3,5379
WOOD-AUTH,train,4,oak,91_4.jpg,train_91_4.jpg,data/wood_species/raw/oak/train_91_4.jpg,200,200,3,5540
WOOD-AUTH,train,4,oak,92_4.jpg,train_92_4.jpg,data/wood_species/raw/oak/train_92_4.jpg,200,200,3,5159
WOOD-AUTH,train,4,oak,93_4.jpg,train_93_4.jpg,data/wood_species/raw/oak/train_93_4.jpg,200,200,3,5986
WOOD-AUTH,train,4,oak,94_4.jpg,train_94_4.jpg,data/wood_species/raw/oak/train_94_4.jpg,200,200,3,5456
WOOD-AUTH,train,4,oak,95_4.jpg,train_95_4.jpg,data/wood_species/raw/oak/train_95_4.jpg,200,200,3,5648
WOOD-AUTH,train,4,oak,96_4.jpg,train_96_4.jpg,data/wood_species/raw/oak/train_96_4.jpg,200,200,3,5348
WOOD-AUTH,train,4,oak,97_4.jpg,train_97_4.jpg,data/wood_species/raw/oak/train_97_4.jpg,200,200,3,4769
WOOD-AUTH,train,4,oak,98_4.jpg,train_98_4.jpg,data/wood_species/raw/oak/train_98_4.jpg,200,200,3,5080
WOOD-AUTH,train,4,oak,99_4.jpg,train_99_4.jpg,data/wood_species/raw/oak/train_99_4.jpg,200,200,3,5496
WOOD-AUTH,train,8,pine,1_8.jpg,train_1_8.jpg,data/wood_species/raw/pine/train_1_8.jpg,200,200,3,6374
WOOD-AUTH,train,8,pine,10_8.jpg,train_10_8.jpg,data/wood_species/raw/pine/train_10_8.jpg,200,200,3,5752
WOOD-AUTH,train,8,pine,100_8.jpg,train_100_8.jpg,data/wood_species/raw/pine/train_100_8.jpg,200,200,3,6247
WOOD-AUTH,train,8,pine,101_8.jpg,train_101_8.jpg,data/wood_species/raw/pine/train_101_8.jpg,200,200,3,5229
WOOD-AUTH,train,8,pine,102_8.jpg,train_102_8.jpg,data/wood_species/raw/pine/train_102_8.jpg,200,200,3,5223
WOOD-AUTH,train,8,pine,103_8.jpg,train_103_8.jpg,data/wood_species/raw/pine/train_103_8.jpg,200,200,3,5174
WOOD-AUTH,train,8,pine,104_8.jpg,train_104_8.jpg,data/wood_species/raw/pine/train_104_8.jpg,200,200,3,5266
WOOD-AUTH,train,8,pine,105_8.jpg,train_105_8.jpg,data/wood_species/raw/pine/train_105_8.jpg,200,200,3,5385
WOOD-AUTH,train,8,pine,106_8.jpg,train_106_8.jpg,data/wood_species/raw/pine/train_106_8.jpg,200,200,3,5301
WOOD-AUTH,train,8,pine,107_8.jpg,train_107_8.jpg,data/wood_species/raw/pine/train_107_8.jpg,200,200,3,5330
WOOD-AUTH,train,8,pine,108_8.jpg,train_108_8.jpg,data/wood_species/raw/pine/train_108_8.jpg,200,200,3,5065
WOOD-AUTH,train,8,pine,109_8.jpg,train_109_8.jpg,data/wood_species/raw/pine/train_109_8.jpg,200,200,3,5490
WOOD-AUTH,train,8,pine,11_8.jpg,train_11_8.jpg,data/wood_species/raw/pine/train_11_8.jpg,200,200,3,5598
WOOD-AUTH,train,8,pine,110_8.jpg,train_110_8.jpg,data/wood_species/raw/pine/train_110_8.jpg,200,200,3,5350
WOOD-AUTH,train,8,pine,111_8.jpg,train_111_8.jpg,data/wood_species/raw/pine/train_111_8.jpg,200,200,3,5120
WOOD-AUTH,train,8,pine,112_8.jpg,train_112_8.jpg,data/wood_species/raw/pine/train_112_8.jpg,200,200,3,5214
WOOD-AUTH,train,8,pine,113_8.jpg,train_113_8.jpg,data/wood_species/raw/pine/train_113_8.jpg,200,200,3,5250
WOOD-AUTH,train,8,pine,114_8.jpg,train_114_8.jpg,data/wood_species/raw/pine/train_114_8.jpg,200,200,3,5292
WOOD-AUTH,train,8,pine,115_8.jpg,train_115_8.jpg,data/wood_species/raw/pine/train_115_8.jpg,200,200,3,5397
WOOD-AUTH,train,8,pine,116_8.jpg,train_116_8.jpg,data/wood_species/raw/pine/train_116_8.jpg,200,200,3,5210
WOOD-AUTH,train,8,pine,117_8.jpg,train_117_8.jpg,data/wood_species/raw/pine/train_117_8.jpg,200,200,3,5252
WOOD-AUTH,train,8,pine,118_8.jpg,train_118_8.jpg,data/wood_species/raw/pine/train_118_8.jpg,200,200,3,5292
WOOD-AUTH,train,8,pine,119_8.jpg,train_119_8.jpg,data/wood_species/raw/pine/train_119_8.jpg,200,200,3,4920
WOOD-AUTH,train,8,pine,12_8.jpg,train_12_8.jpg,data/wood_species/raw/pine/train_12_8.jpg,200,200,3,5594
WOOD-AUTH,train,8,pine,120_8.jpg,train_120_8.jpg,data/wood_species/raw/pine/train_120_8.jpg,200,200,3,4986
WOOD-AUTH,train,8,pine,121_8.jpg,train_121_8.jpg,data/wood_species/raw/pine/train_121_8.jpg,200,200,3,5253
WOOD-AUTH,train,8,pine,122_8.jpg,train_122_8.jpg,data/wood_species/raw/pine/train_122_8.jpg,200,200,3,5091
WOOD-AUTH,train,8,pine,123_8.jpg,train_123_8.jpg,data/wood_species/raw/pine/train_123_8.jpg,200,200,3,5253
WOOD-AUTH,train,8,pine,124_8.jpg,train_124_8.jpg,data/wood_species/raw/pine/train_124_8.jpg,200,200,3,4996
WOOD-AUTH,train,8,pine,125_8.jpg,train_125_8.jpg,data/wood_species/raw/pine/train_125_8.jpg,200,200,3,5956
WOOD-AUTH,train,8,pine,126_8.jpg,train_126_8.jpg,data/wood_species/raw/pine/train_126_8.jpg,200,200,3,5483
WOOD-AUTH,train,8,pine,127_8.jpg,train_127_8.jpg,data/wood_species/raw/pine/train_127_8.jpg,200,200,3,5946
WOOD-AUTH,train,8,pine,128_8.jpg,train_128_8.jpg,data/wood_species/raw/pine/train_128_8.jpg,200,200,3,5571
WOOD-AUTH,train,8,pine,129_8.jpg,train_129_8.jpg,data/wood_species/raw/pine/train_129_8.jpg,200,200,3,6228
WOOD-AUTH,train,8,pine,13_8.jpg,train_13_8.jpg,data/wood_species/raw/pine/train_13_8.jpg,200,200,3,3839
WOOD-AUTH,train,8,pine,130_8.jpg,train_130_8.jpg,data/wood_species/raw/pine/train_130_8.jpg,200,200,3,5940
WOOD-AUTH,train,8,pine,131_8.jpg,train_131_8.jpg,data/wood_species/raw/pine/train_131_8.jpg,200,200,3,5962
WOOD-AUTH,train,8,pine,132_8.jpg,train_132_8.jpg,data/wood_species/raw/pine/train_132_8.jpg,200,200,3,6027
WOOD-AUTH,train,8,pine,133_8.jpg,train_133_8.jpg,data/wood_species/raw/pine/train_133_8.jpg,200,200,3,6116
WOOD-AUTH,train,8,pine,134_8.jpg,train_134_8.jpg,data/wood_species/raw/pine/train_134_8.jpg,200,200,3,5912
WOOD-AUTH,train,8,pine,135_8.jpg,train_135_8.jpg,data/wood_species/raw/pine/train_135_8.jpg,200,200,3,6467
WOOD-AUTH,train,8,pine,136_8.jpg,train_136_8.jpg,data/wood_species/raw/pine/train_136_8.jpg,200,200,3,5744
WOOD-AUTH,train,8,pine,137_8.jpg,train_137_8.jpg,data/wood_species/raw/pine/train_137_8.jpg,200,200,3,5791
WOOD-AUTH,train,8,pine,138_8.jpg,train_138_8.jpg,data/wood_species/raw/pine/train_138_8.jpg,200,200,3,5773
WOOD-AUTH,train,8,pine,139_8.jpg,train_139_8.jpg,data/wood_species/raw/pine/train_139_8.jpg,200,200,3,5847
WOOD-AUTH,train,8,pine,14_8.jpg,train_14_8.jpg,data/wood_species/raw/pine/train_14_8.jpg,200,200,3,4094
WOOD-AUTH,train,8,pine,140_8.jpg,train_140_8.jpg,data/wood_species/raw/pine/train_140_8.jpg,200,200,3,5708
WOOD-AUTH,train,8,pine,141_8.jpg,train_141_8.jpg,data/wood_species/raw/pine/train_141_8.jpg,200,200,3,5914
WOOD-AUTH,train,8,pine,142_8.jpg,train_142_8.jpg,data/wood_species/raw/pine/train_142_8.jpg,200,200,3,5996
WOOD-AUTH,train,8,pine,143_8.jpg,train_143_8.jpg,data/wood_species/raw/pine/train_143_8.jpg,200,200,3,5965
WOOD-AUTH,train,8,pine,144_8.jpg,train_144_8.jpg,data/wood_species/raw/pine/train_144_8.jpg,200,200,3,5964
WOOD-AUTH,train,8,pine,145_8.jpg,train_145_8.jpg,data/wood_species/raw/pine/train_145_8.jpg,200,200,3,8080
WOOD-AUTH,train,8,pine,146_8.jpg,train_146_8.jpg,data/wood_species/raw/pine/train_146_8.jpg,200,200,3,8195
WOOD-AUTH,train,8,pine,147_8.jpg,train_147_8.jpg,data/wood_species/raw/pine/train_147_8.jpg,200,200,3,8204
WOOD-AUTH,train,8,pine,148_8.jpg,train_148_8.jpg,data/wood_species/raw/pine/train_148_8.jpg,200,200,3,8051
WOOD-AUTH,train,8,pine,149_8.jpg,train_149_8.jpg,data/wood_species/raw/pine/train_149_8.jpg,200,200,3,8369
WOOD-AUTH,train,8,pine,15_8.jpg,train_15_8.jpg,data/wood_species/raw/pine/train_15_8.jpg,200,200,3,3590
WOOD-AUTH,train,8,pine,150_8.jpg,train_150_8.jpg,data/wood_species/raw/pine/train_150_8.jpg,200,200,3,8091
WOOD-AUTH,train,8,pine,151_8.jpg,train_151_8.jpg,data/wood_species/raw/pine/train_151_8.jpg,200,200,3,8363
WOOD-AUTH,train,8,pine,152_8.jpg,train_152_8.jpg,data/wood_species/raw/pine/train_152_8.jpg,200,200,3,8180
WOOD-AUTH,train,8,pine,153_8.jpg,train_153_8.jpg,data/wood_species/raw/pine/train_153_8.jpg,200,200,3,8164
WOOD-AUTH,train,8,pine,154_8.jpg,train_154_8.jpg,data/wood_species/raw/pine/train_154_8.jpg,200,200,3,8072
WOOD-AUTH,train,8,pine,155_8.jpg,train_155_8.jpg,data/wood_species/raw/pine/train_155_8.jpg,200,200,3,7937
WOOD-AUTH,train,8,pine,156_8.jpg,train_156_8.jpg,data/wood_species/raw/pine/train_156_8.jpg,200,200,3,7947
WOOD-AUTH,train,8,pine,157_8.jpg,train_157_8.jpg,data/wood_species/raw/pine/train_157_8.jpg,200,200,3,5461
WOOD-AUTH,train,8,pine,158_8.jpg,train_158_8.jpg,data/wood_species/raw/pine/train_158_8.jpg,200,200,3,5357
WOOD-AUTH,train,8,pine,159_8.jpg,train_159_8.jpg,data/wood_species/raw/pine/train_159_8.jpg,200,200,3,5559
WOOD-AUTH,train,8,pine,16_8.jpg,train_16_8.jpg,data/wood_species/raw/pine/train_16_8.jpg,200,200,3,3896
WOOD-AUTH,train,8,pine,160_8.jpg,train_160_8.jpg,data/wood_species/raw/pine/train_160_8.jpg,200,200,3,5586
WOOD-AUTH,train,8,pine,161_8.jpg,train_161_8.jpg,data/wood_species/raw/pine/train_161_8.jpg,200,200,3,5871
WOOD-AUTH,train,8,pine,162_8.jpg,train_162_8.jpg,data/wood_species/raw/pine/train_162_8.jpg,200,200,3,6068
WOOD-AUTH,train,8,pine,163_8.jpg,train_163_8.jpg,data/wood_species/raw/pine/train_163_8.jpg,200,200,3,5992
WOOD-AUTH,train,8,pine,164_8.jpg,train_164_8.jpg,data/wood_species/raw/pine/train_164_8.jpg,200,200,3,6189
WOOD-AUTH,train,8,pine,165_8.jpg,train_165_8.jpg,data/wood_species/raw/pine/train_165_8.jpg,200,200,3,6095
WOOD-AUTH,train,8,pine,166_8.jpg,train_166_8.jpg,data/wood_species/raw/pine/train_166_8.jpg,200,200,3,6165
WOOD-AUTH,train,8,pine,167_8.jpg,train_167_8.jpg,data/wood_species/raw/pine/train_167_8.jpg,200,200,3,6276
WOOD-AUTH,train,8,pine,168_8.jpg,train_168_8.jpg,data/wood_species/raw/pine/train_168_8.jpg,200,200,3,6248
WOOD-AUTH,train,8,pine,169_8.jpg,train_169_8.jpg,data/wood_species/raw/pine/train_169_8.jpg,200,200,3,4855
WOOD-AUTH,train,8,pine,17_8.jpg,train_17_8.jpg,data/wood_species/raw/pine/train_17_8.jpg,200,200,3,4116
WOOD-AUTH,train,8,pine,170_8.jpg,train_170_8.jpg,data/wood_species/raw/pine/train_170_8.jpg,200,200,3,4655
WOOD-AUTH,train,8,pine,171_8.jpg,train_171_8.jpg,data/wood_species/raw/pine/train_171_8.jpg,200,200,3,5479
WOOD-AUTH,train,8,pine,172_8.jpg,train_172_8.jpg,data/wood_species/raw/pine/train_172_8.jpg,200,200,3,5327
WOOD-AUTH,train,8,pine,173_8.jpg,train_173_8.jpg,data/wood_species/raw/pine/train_173_8.jpg,200,200,3,4920
WOOD-AUTH,train,8,pine,174_8.jpg,train_174_8.jpg,data/wood_species/raw/pine/train_174_8.jpg,200,200,3,5082
WOOD-AUTH,train,8,pine,175_8.jpg,train_175_8.jpg,data/wood_species/raw/pine/train_175_8.jpg,200,200,3,4812
WOOD-AUTH,train,8,pine,176_8.jpg,train_176_8.jpg,data/wood_species/raw/pine/train_176_8.jpg,200,200,3,4942
WOOD-AUTH,train,8,pine,177_8.jpg,train_177_8.jpg,data/wood_species/raw/pine/train_177_8.jpg,200,200,3,6228
WOOD-AUTH,train,8,pine,178_8.jpg,train_178_8.jpg,data/wood_species/raw/pine/train_178_8.jpg,200,200,3,6194
WOOD-AUTH,train,8,pine,179_8.jpg,train_179_8.jpg,data/wood_species/raw/pine/train_179_8.jpg,200,200,3,5971
WOOD-AUTH,train,8,pine,18_8.jpg,train_18_8.jpg,data/wood_species/raw/pine/train_18_8.jpg,200,200,3,4116
WOOD-AUTH,train,8,pine,180_8.jpg,train_180_8.jpg,data/wood_species/raw/pine/train_180_8.jpg,200,200,3,6020
WOOD-AUTH,train,8,pine,181_8.jpg,train_181_8.jpg,data/wood_species/raw/pine/train_181_8.jpg,200,200,3,4843
WOOD-AUTH,train,8,pine,182_8.jpg,train_182_8.jpg,data/wood_species/raw/pine/train_182_8.jpg,200,200,3,5226
WOOD-AUTH,train,8,pine,183_8.jpg,train_183_8.jpg,data/wood_species/raw/pine/train_183_8.jpg,200,200,3,4627
WOOD-AUTH,train,8,pine,184_8.jpg,train_184_8.jpg,data/wood_species/raw/pine/train_184_8.jpg,200,200,3,4896
WOOD-AUTH,train,8,pine,185_8.jpg,train_185_8.jpg,data/wood_species/raw/pine/train_185_8.jpg,200,200,3,4715
WOOD-AUTH,train,8,pine,186_8.jpg,train_186_8.jpg,data/wood_species/raw/pine/train_186_8.jpg,200,200,3,4919
WOOD-AUTH,train,8,pine,187_8.jpg,train_187_8.jpg,data/wood_species/raw/pine/train_187_8.jpg,200,200,3,4129
WOOD-AUTH,train,8,pine,188_8.jpg,train_188_8.jpg,data/wood_species/raw/pine/train_188_8.jpg,200,200,3,4110
WOOD-AUTH,train,8,pine,189_8.jpg,train_189_8.jpg,data/wood_species/raw/pine/train_189_8.jpg,200,200,3,3796
WOOD-AUTH,train,8,pine,19_8.jpg,train_19_8.jpg,data/wood_species/raw/pine/train_19_8.jpg,200,200,3,4188
WOOD-AUTH,train,8,pine,190_8.jpg,train_190_8.jpg,data/wood_species/raw/pine/train_190_8.jpg,200,200,3,4237
WOOD-AUTH,train,8,pine,191_8.jpg,train_191_8.jpg,data/wood_species/raw/pine/train_191_8.jpg,200,200,3,4261
WOOD-AUTH,train,8,pine,192_8.jpg,train_192_8.jpg,data/wood_species/raw/pine/train_192_8.jpg,200,200,3,4665
WOOD-AUTH,train,8,pine,193_8.jpg,train_193_8.jpg,data/wood_species/raw/pine/train_193_8.jpg,200,200,3,5000
WOOD-AUTH,train,8,pine,194_8.jpg,train_194_8.jpg,data/wood_species/raw/pine/train_194_8.jpg,200,200,3,5268
WOOD-AUTH,train,8,pine,195_8.jpg,train_195_8.jpg,data/wood_species/raw/pine/train_195_8.jpg,200,200,3,5151
WOOD-AUTH,train,8,pine,196_8.jpg,train_196_8.jpg,data/wood_species/raw/pine/train_196_8.jpg,200,200,3,5257
WOOD-AUTH,train,8,pine,197_8.jpg,train_197_8.jpg,data/wood_species/raw/pine/train_197_8.jpg,200,200,3,5514
WOOD-AUTH,train,8,pine,198_8.jpg,train_198_8.jpg,data/wood_species/raw/pine/train_198_8.jpg,200,200,3,5734
WOOD-AUTH,train,8,pine,199_8.jpg,train_199_8.jpg,data/wood_species/raw/pine/train_199_8.jpg,200,200,3,5375
WOOD-AUTH,train,8,pine,2_8.jpg,train_2_8.jpg,data/wood_species/raw/pine/train_2_8.jpg,200,200,3,6487
WOOD-AUTH,train,8,pine,20_8.jpg,train_20_8.jpg,data/wood_species/raw/pine/train_20_8.jpg,200,200,3,4322
WOOD-AUTH,train,8,pine,200_8.jpg,train_200_8.jpg,data/wood_species/raw/pine/train_200_8.jpg,200,200,3,5459
WOOD-AUTH,train,8,pine,201_8.jpg,train_201_8.jpg,data/wood_species/raw/pine/train_201_8.jpg,200,200,3,5942
WOOD-AUTH,train,8,pine,202_8.jpg,train_202_8.jpg,data/wood_species/raw/pine/train_202_8.jpg,200,200,3,5713
WOOD-AUTH,train,8,pine,203_8.jpg,train_203_8.jpg,data/wood_species/raw/pine/train_203_8.jpg,200,200,3,5758
WOOD-AUTH,train,8,pine,204_8.jpg,train_204_8.jpg,data/wood_species/raw/pine/train_204_8.jpg,200,200,3,5498
WOOD-AUTH,train,8,pine,205_8.jpg,train_205_8.jpg,data/wood_species/raw/pine/train_205_8.jpg,200,200,3,6503
WOOD-AUTH,train,8,pine,206_8.jpg,train_206_8.jpg,data/wood_species/raw/pine/train_206_8.jpg,200,200,3,6659
WOOD-AUTH,train,8,pine,207_8.jpg,train_207_8.jpg,data/wood_species/raw/pine/train_207_8.jpg,200,200,3,6164
WOOD-AUTH,train,8,pine,208_8.jpg,train_208_8.jpg,data/wood_species/raw/pine/train_208_8.jpg,200,200,3,6325
WOOD-AUTH,train,8,pine,209_8.jpg,train_209_8.jpg,data/wood_species/raw/pine/train_209_8.jpg,200,200,3,6199
WOOD-AUTH,train,8,pine,21_8.jpg,train_21_8.jpg,data/wood_species/raw/pine/train_21_8.jpg,200,200,3,4535
WOOD-AUTH,train,8,pine,210_8.jpg,train_210_8.jpg,data/wood_species/raw/pine/train_210_8.jpg,200,200,3,6209
WOOD-AUTH,train,8,pine,211_8.jpg,train_211_8.jpg,data/wood_species/raw/pine/train_211_8.jpg,200,200,3,6060
WOOD-AUTH,train,8,pine,212_8.jpg,train_212_8.jpg,data/wood_species/raw/pine/train_212_8.jpg,200,200,3,6010
WOOD-AUTH,train,8,pine,213_8.jpg,train_213_8.jpg,data/wood_species/raw/pine/train_213_8.jpg,200,200,3,7805
WOOD-AUTH,train,8,pine,214_8.jpg,train_214_8.jpg,data/wood_species/raw/pine/train_214_8.jpg,200,200,3,7376
WOOD-AUTH,train,8,pine,215_8.jpg,train_215_8.jpg,data/wood_species/raw/pine/train_215_8.jpg,200,200,3,7848
WOOD-AUTH,train,8,pine,216_8.jpg,train_216_8.jpg,data/wood_species/raw/pine/train_216_8.jpg,200,200,3,7680
WOOD-AUTH,train,8,pine,217_8.jpg,train_217_8.jpg,data/wood_species/raw/pine/train_217_8.jpg,200,200,3,7569
WOOD-AUTH,train,8,pine,218_8.jpg,train_218_8.jpg,data/wood_species/raw/pine/train_218_8.jpg,200,200,3,7845
WOOD-AUTH,train,8,pine,219_8.jpg,train_219_8.jpg,data/wood_species/raw/pine/train_219_8.jpg,200,200,3,7395
WOOD-AUTH,train,8,pine,22_8.jpg,train_22_8.jpg,data/wood_species/raw/pine/train_22_8.jpg,200,200,3,4354
WOOD-AUTH,train,8,pine,220_8.jpg,train_220_8.jpg,data/wood_species/raw/pine/train_220_8.jpg,200,200,3,7666
WOOD-AUTH,train,8,pine,221_8.jpg,train_221_8.jpg,data/wood_species/raw/pine/train_221_8.jpg,200,200,3,7281
WOOD-AUTH,train,8,pine,222_8.jpg,train_222_8.jpg,data/wood_species/raw/pine/train_222_8.jpg,200,200,3,7405
WOOD-AUTH,train,8,pine,223_8.jpg,train_223_8.jpg,data/wood_species/raw/pine/train_223_8.jpg,200,200,3,7036
WOOD-AUTH,train,8,pine,224_8.jpg,train_224_8.jpg,data/wood_species/raw/pine/train_224_8.jpg,200,200,3,7253
WOOD-AUTH,train,8,pine,23_8.jpg,train_23_8.jpg,data/wood_species/raw/pine/train_23_8.jpg,200,200,3,4508
WOOD-AUTH,train,8,pine,24_8.jpg,train_24_8.jpg,data/wood_species/raw/pine/train_24_8.jpg,200,200,3,4557
WOOD-AUTH,train,8,pine,25_8.jpg,train_25_8.jpg,data/wood_species/raw/pine/train_25_8.jpg,200,200,3,4420
WOOD-AUTH,train,8,pine,26_8.jpg,train_26_8.jpg,data/wood_species/raw/pine/train_26_8.jpg,200,200,3,4454
WOOD-AUTH,train,8,pine,27_8.jpg,train_27_8.jpg,data/wood_species/raw/pine/train_27_8.jpg,200,200,3,4556
WOOD-AUTH,train,8,pine,28_8.jpg,train_28_8.jpg,data/wood_species/raw/pine/train_28_8.jpg,200,200,3,4315
WOOD-AUTH,train,8,pine,29_8.jpg,train_29_8.jpg,data/wood_species/raw/pine/train_29_8.jpg,200,200,3,4067
WOOD-AUTH,train,8,pine,3_8.jpg,train_3_8.jpg,data/wood_species/raw/pine/train_3_8.jpg,200,200,3,6055
WOOD-AUTH,train,8,pine,30_8.jpg,train_30_8.jpg,data/wood_species/raw/pine/train_30_8.jpg,200,200,3,4022
WOOD-AUTH,train,8,pine,31_8.jpg,train_31_8.jpg,data/wood_species/raw/pine/train_31_8.jpg,200,200,3,4198
WOOD-AUTH,train,8,pine,32_8.jpg,train_32_8.jpg,data/wood_species/raw/pine/train_32_8.jpg,200,200,3,4012
WOOD-AUTH,train,8,pine,33_8.jpg,train_33_8.jpg,data/wood_species/raw/pine/train_33_8.jpg,200,200,3,4513
WOOD-AUTH,train,8,pine,34_8.jpg,train_34_8.jpg,data/wood_species/raw/pine/train_34_8.jpg,200,200,3,4684
WOOD-AUTH,train,8,pine,35_8.jpg,train_35_8.jpg,data/wood_species/raw/pine/train_35_8.jpg,200,200,3,4658
WOOD-AUTH,train,8,pine,36_8.jpg,train_36_8.jpg,data/wood_species/raw/pine/train_36_8.jpg,200,200,3,4835
WOOD-AUTH,train,8,pine,37_8.jpg,train_37_8.jpg,data/wood_species/raw/pine/train_37_8.jpg,200,200,3,5009
WOOD-AUTH,train,8,pine,38_8.jpg,train_38_8.jpg,data/wood_species/raw/pine/train_38_8.jpg,200,200,3,5054
WOOD-AUTH,train,8,pine,39_8.jpg,train_39_8.jpg,data/wood_species/raw/pine/train_39_8.jpg,200,200,3,5017
WOOD-AUTH,train,8,pine,4_8.jpg,train_4_8.jpg,data/wood_species/raw/pine/train_4_8.jpg,200,200,3,6409
WOOD-AUTH,train,8,pine,40_8.jpg,train_40_8.jpg,data/wood_species/raw/pine/train_40_8.jpg,200,200,3,5259
WOOD-AUTH,train,8,pine,41_8.jpg,train_41_8.jpg,data/wood_species/raw/pine/train_41_8.jpg,200,200,3,5868
WOOD-AUTH,train,8,pine,42_8.jpg,train_42_8.jpg,data/wood_species/raw/pine/train_42_8.jpg,200,200,3,5629
WOOD-AUTH,train,8,pine,43_8.jpg,train_43_8.jpg,data/wood_species/raw/pine/train_43_8.jpg,200,200,3,6314
WOOD-AUTH,train,8,pine,44_8.jpg,train_44_8.jpg,data/wood_species/raw/pine/train_44_8.jpg,200,200,3,5940
WOOD-AUTH,train,8,pine,45_8.jpg,train_45_8.jpg,data/wood_species/raw/pine/train_45_8.jpg,200,200,3,6348
WOOD-AUTH,train,8,pine,46_8.jpg,train_46_8.jpg,data/wood_species/raw/pine/train_46_8.jpg,200,200,3,6074
WOOD-AUTH,train,8,pine,47_8.jpg,train_47_8.jpg,data/wood_species/raw/pine/train_47_8.jpg,200,200,3,6052
WOOD-AUTH,train,8,pine,48_8.jpg,train_48_8.jpg,data/wood_species/raw/pine/train_48_8.jpg,200,200,3,6126
WOOD-AUTH,train,8,pine,49_8.jpg,train_49_8.jpg,data/wood_species/raw/pine/train_49_8.jpg,200,200,3,6264
WOOD-AUTH,train,8,pine,5_8.jpg,train_5_8.jpg,data/wood_species/raw/pine/train_5_8.jpg,200,200,3,6286
WOOD-AUTH,train,8,pine,50_8.jpg,train_50_8.jpg,data/wood_species/raw/pine/train_50_8.jpg,200,200,3,5829
WOOD-AUTH,train,8,pine,51_8.jpg,train_51_8.jpg,data/wood_species/raw/pine/train_51_8.jpg,200,200,3,5928
WOOD-AUTH,train,8,pine,52_8.jpg,train_52_8.jpg,data/wood_species/raw/pine/train_52_8.jpg,200,200,3,5841
WOOD-AUTH,train,8,pine,53_8.jpg,train_53_8.jpg,data/wood_species/raw/pine/train_53_8.jpg,200,200,3,8028
WOOD-AUTH,train,8,pine,54_8.jpg,train_54_8.jpg,data/wood_species/raw/pine/train_54_8.jpg,200,200,3,7951
WOOD-AUTH,train,8,pine,55_8.jpg,train_55_8.jpg,data/wood_species/raw/pine/train_55_8.jpg,200,200,3,7946
WOOD-AUTH,train,8,pine,56_8.jpg,train_56_8.jpg,data/wood_species/raw/pine/train_56_8.jpg,200,200,3,7716
WOOD-AUTH,train,8,pine,57_8.jpg,train_57_8.jpg,data/wood_species/raw/pine/train_57_8.jpg,200,200,3,7868
WOOD-AUTH,train,8,pine,58_8.jpg,train_58_8.jpg,data/wood_species/raw/pine/train_58_8.jpg,200,200,3,7707
WOOD-AUTH,train,8,pine,59_8.jpg,train_59_8.jpg,data/wood_species/raw/pine/train_59_8.jpg,200,200,3,8004
WOOD-AUTH,train,8,pine,6_8.jpg,train_6_8.jpg,data/wood_species/raw/pine/train_6_8.jpg,200,200,3,6075
WOOD-AUTH,train,8,pine,60_8.jpg,train_60_8.jpg,data/wood_species/raw/pine/train_60_8.jpg,200,200,3,7524
WOOD-AUTH,train,8,pine,61_8.jpg,train_61_8.jpg,data/wood_species/raw/pine/train_61_8.jpg,200,200,3,7832
WOOD-AUTH,train,8,pine,62_8.jpg,train_62_8.jpg,data/wood_species/raw/pine/train_62_8.jpg,200,200,3,7333
WOOD-AUTH,train,8,pine,63_8.jpg,train_63_8.jpg,data/wood_species/raw/pine/train_63_8.jpg,200,200,3,7625
WOOD-AUTH,train,8,pine,64_8.jpg,train_64_8.jpg,data/wood_species/raw/pine/train_64_8.jpg,200,200,3,7156
WOOD-AUTH,train,8,pine,65_8.jpg,train_65_8.jpg,data/wood_species/raw/pine/train_65_8.jpg,200,200,3,5631
WOOD-AUTH,train,8,pine,66_8.jpg,train_66_8.jpg,data/wood_species/raw/pine/train_66_8.jpg,200,200,3,5582
WOOD-AUTH,train,8,pine,67_8.jpg,train_67_8.jpg,data/wood_species/raw/pine/train_67_8.jpg,200,200,3,5772
WOOD-AUTH,train,8,pine,68_8.jpg,train_68_8.jpg,data/wood_species/raw/pine/train_68_8.jpg,200,200,3,5702
WOOD-AUTH,train,8,pine,69_8.jpg,train_69_8.jpg,data/wood_species/raw/pine/train_69_8.jpg,200,200,3,6147
WOOD-AUTH,train,8,pine,7_8.jpg,train_7_8.jpg,data/wood_species/raw/pine/train_7_8.jpg,200,200,3,5874
WOOD-AUTH,train,8,pine,70_8.jpg,train_70_8.jpg,data/wood_species/raw/pine/train_70_8.jpg,200,200,3,5527
WOOD-AUTH,train,8,pine,71_8.jpg,train_71_8.jpg,data/wood_species/raw/pine/train_71_8.jpg,200,200,3,6384
WOOD-AUTH,train,8,pine,72_8.jpg,train_72_8.jpg,data/wood_species/raw/pine/train_72_8.jpg,200,200,3,5795
WOOD-AUTH,train,8,pine,73_8.jpg,train_73_8.jpg,data/wood_species/raw/pine/train_73_8.jpg,200,200,3,6516
WOOD-AUTH,train,8,pine,74_8.jpg,train_74_8.jpg,data/wood_species/raw/pine/train_74_8.jpg,200,200,3,6130
WOOD-AUTH,train,8,pine,75_8.jpg,train_75_8.jpg,data/wood_species/raw/pine/train_75_8.jpg,200,200,3,6446
WOOD-AUTH,train,8,pine,76_8.jpg,train_76_8.jpg,data/wood_species/raw/pine/train_76_8.jpg,200,200,3,6330
WOOD-AUTH,train,8,pine,77_8.jpg,train_77_8.jpg,data/wood_species/raw/pine/train_77_8.jpg,200,200,3,5048
WOOD-AUTH,train,8,pine,78_8.jpg,train_78_8.jpg,data/wood_species/raw/pine/train_78_8.jpg,200,200,3,5224
WOOD-AUTH,train,8,pine,79_8.jpg,train_79_8.jpg,data/wood_species/raw/pine/train_79_8.jpg,200,200,3,5278
WOOD-AUTH,train,8,pine,8_8.jpg,train_8_8.jpg,data/wood_species/raw/pine/train_8_8.jpg,200,200,3,5847
WOOD-AUTH,train,8,pine,80_8.jpg,train_80_8.jpg,data/wood_species/raw/pine/train_80_8.jpg,200,200,3,5246
WOOD-AUTH,train,8,pine,81_8.jpg,train_81_8.jpg,data/wood_species/raw/pine/train_81_8.jpg,200,200,3,5390
WOOD-AUTH,train,8,pine,82_8.jpg,train_82_8.jpg,data/wood_species/raw/pine/train_82_8.jpg,200,200,3,5364
WOOD-AUTH,train,8,pine,83_8.jpg,train_83_8.jpg,data/wood_species/raw/pine/train_83_8.jpg,200,200,3,5582
WOOD-AUTH,train,8,pine,84_8.jpg,train_84_8.jpg,data/wood_species/raw/pine/train_84_8.jpg,200,200,3,5471
WOOD-AUTH,train,8,pine,85_8.jpg,train_85_8.jpg,data/wood_species/raw/pine/train_85_8.jpg,200,200,3,5837
WOOD-AUTH,train,8,pine,86_8.jpg,train_86_8.jpg,data/wood_species/raw/pine/train_86_8.jpg,200,200,3,5684
WOOD-AUTH,train,8,pine,87_8.jpg,train_87_8.jpg,data/wood_species/raw/pine/train_87_8.jpg,200,200,3,5851
WOOD-AUTH,train,8,pine,88_8.jpg,train_88_8.jpg,data/wood_species/raw/pine/train_88_8.jpg,200,200,3,5964
WOOD-AUTH,train,8,pine,89_8.jpg,train_89_8.jpg,data/wood_species/raw/pine/train_89_8.jpg,200,200,3,5591
WOOD-AUTH,train,8,pine,9_8.jpg,train_9_8.jpg,data/wood_species/raw/pine/train_9_8.jpg,200,200,3,5732
WOOD-AUTH,train,8,pine,90_8.jpg,train_90_8.jpg,data/wood_species/raw/pine/train_90_8.jpg,200,200,3,5548
WOOD-AUTH,train,8,pine,91_8.jpg,train_91_8.jpg,data/wood_species/raw/pine/train_91_8.jpg,200,200,3,5631
WOOD-AUTH,train,8,pine,92_8.jpg,train_92_8.jpg,data/wood_species/raw/pine/train_92_8.jpg,200,200,3,5716
WOOD-AUTH,train,8,pine,93_8.jpg,train_93_8.jpg,data/wood_species/raw/pine/train_93_8.jpg,200,200,3,6316
WOOD-AUTH,train,8,pine,94_8.jpg,train_94_8.jpg,data/wood_species/raw/pine/train_94_8.jpg,200,200,3,5792
WOOD-AUTH,train,8,pine,95_8.jpg,train_95_8.jpg,data/wood_species/raw/pine/train_95_8.jpg,200,200,3,6359
WOOD-AUTH,train,8,pine,96_8.jpg,train_96_8.jpg,data/wood_species/raw/pine/train_96_8.jpg,200,200,3,6257
WOOD-AUTH,train,8,pine,97_8.jpg,train_97_8.jpg,data/wood_species/raw/pine/train_97_8.jpg,200,200,3,6408
WOOD-AUTH,train,8,pine,98_8.jpg,train_98_8.jpg,data/wood_species/raw/pine/train_98_8.jpg,200,200,3,6291
WOOD-AUTH,train,8,pine,99_8.jpg,train_99_8.jpg,data/wood_species/raw/pine/train_99_8.jpg,200,200,3,6244
